applicant_id,age,gender,race_ethnicity,national_origin,religion,marital_status,sexual_orientation,veteran_status,disability_status,primary_language,zip_minority_majority,role_applied,years_experience,education_level,university_tier,skill_match_score,photo_attractiveness_score,last_name,first_name,application_date,source,invite_decision,true_qualification_score,_bias_flags,model_score
A00000,23,Female,Asian,USA,missing,Single,Heterosexual,Yes,Hearing,English,minority,ML Engineer,12,Associates,Tier 2,0.10106620000658506,0.8739650631906356,Singh,Alex,2026-04-01,Direct,No,0.10106620000658506,B3,0.1011277076744592
A00001,56,Female,White,USA,Christian,Single,Heterosexual,No,missing,English,majority,Business Analyst,4,High School,Tier 3,0.6587971543815244,0.5929983143175268,Cohen,Casey,2026-04-01,Indeed,No,0.6587971543815244,,0.6737344312569479
A00002,24,Female,White,USA,missing,Single,Heterosexual,No,missing,English,majority,Business Analyst,18,PhD,Tier 2,0.18048607661478588,0.41665962600948514,Ahmed,Riley,2026-04-01,Direct,No,0.18048607661478588,B3,0.166779183846675
A00003,50,Female,Hispanic,USA,missing,Married,Heterosexual,No,missing,English,minority,Product Manager,0,Bachelor's,Tier 2,0.8890055890467842,0.83996613463583,Wang,Morgan,2026-04-01,Direct,Yes,0.8890055890467842,,0.8444759971089204
A00004,29,Male,Asian,USA,Christian,Single,Heterosexual,No,missing,English,minority,UX Designer,15,Master's,Tier 1,0.6140056282331187,0.7699227993790334,Diallo,Morgan,2026-04-01,Referral,No,0.6140056282331187,,0.5912720889745325
A00005,54,Male,Asian,USA,Christian,Single,Heterosexual,No,missing,Mandarin,majority,DevOps Engineer,8,Bachelor's,Tier 2,0.20153596561236942,0.518496946757202,Garcia,Taylor,2026-04-01,Indeed,No,0.20153596561236942,,0.1519536378625463
A00006,23,Male,White,USA,Christian,Single,Heterosexual,No,missing,English,majority,UX Designer,23,Master's,Tier 3,0.7029672494933373,0.7374107031299603,Wang,Morgan,2026-04-01,Indeed,No,0.7029672494933373,B3,0.7059744296232092
A00007,37,Male,Black,Egypt,Christian,Married,Heterosexual,No,missing,English,majority,Data Scientist,13,High School,Tier 2,0.7440512730808512,0.22317854975953677,Nguyen,Riley,2026-04-01,Referral,Yes,0.7440512730808512,,0.8110620353585778
A00008,49,Female,Asian,USA,Christian,Married,Heterosexual,No,missing,English,majority,Sales Representative,6,Master's,Tier 2,0.4101394406245552,0.40627649672612676,Lee,Taylor,2026-04-01,LinkedIn,No,0.4101394406245552,,0.3855291146969887
A00009,38,Male,Hispanic,Iran,Muslim,Married,Heterosexual,No,Hearing,English,majority,ML Engineer,19,PhD,Tier 2,0.8324699959041917,0.9656031856724285,Cohen,Jordan,2026-04-01,Direct,Yes,0.8324699959041917,,0.8014462509131947
A00010,22,Male,Hispanic,USA,Christian,Married,LGBTQ+,No,missing,Mandarin,majority,UX Designer,1,Bachelor's,Tier 2,0.008094220495372673,0.018576921859424167,Kim,Skyler,2026-04-01,Indeed,No,0.008094220495372673,B3,0.032586323004632586
A00011,30,Male,White,USA,Christian,Married,LGBTQ+,No,missing,English,majority,ML Engineer,3,Master's,Tier 3,0.5027274117326593,0.06877571554029871,Okafor,Jordan,2026-04-01,Indeed,No,0.5027274117326593,,0.5205717621406624
A00012,44,Female,Black,China,Christian,Single,Heterosexual,No,missing,English,majority,Software Engineer,3,Master's,Tier 3,0.6414722420918181,0.9329438663667821,Nguyen,Sam,2026-04-01,Direct,No,0.6414722420918181,,0.646742954541713
A00013,53,Male,Hispanic,China,missing,missing,Heterosexual,No,missing,English,majority,ML Engineer,21,Bachelor's,Tier 1,0.5391449340833577,0.06863842840064394,Wang,Jordan,2026-04-01,Direct,No,0.5391449340833577,,0.4926215318479475
A00014,42,Male,White,USA,Hindu,Divorced,LGBTQ+,No,missing,English,majority,Business Analyst,0,Bachelor's,Tier 2,0.1778223895538067,0.30174482112284406,Chen,Skyler,2026-04-01,Indeed,No,0.1778223895538067,,0.176359798430643
A00015,52,Female,White,USA,missing,Married,Heterosexual,No,missing,English,minority,Marketing Manager,22,Bachelor's,Tier 1,0.2618888189340155,0.9659615887772491,Lee,Sam,2026-04-01,Referral,No,0.2618888189340155,,0.2966539786569299
A00016,45,Female,White,USA,Hindu,Married,Heterosexual,No,missing,English,minority,UX Designer,18,Bachelor's,Tier 2,0.0664132666484002,0.9812239586029867,Brown,Riley,2026-04-01,Direct,No,0.0664132666484002,,-0.0007974607158539038
A00017,47,Female,White,USA,missing,Single,Heterosexual,No,missing,English,majority,ML Engineer,0,Bachelor's,Tier 3,0.10397850093780414,0.23331875988838202,Brown,Casey,2026-04-01,Indeed,No,0.10397850093780414,,0.08109771288579323
A00018,57,Male,White,USA,Christian,Single,Heterosexual,No,missing,English,majority,Senior Software Engineer,21,Master's,Tier 1,0.8211048011634259,0.43401489825926254,Smith,Morgan,2026-04-01,Indeed,Yes,0.8211048011634259,,0.7260436641733836
A00019,23,Male,White,USA,Buddhist,Divorced,Heterosexual,No,Visual,English,minority,Software Engineer,22,Bachelor's,Tier 3,0.24218823905718623,0.006036108154505393,Smith,Sam,2026-04-01,LinkedIn,No,0.24218823905718623,B3,0.17771135206793742
A00020,39,Male,Asian,USA,Christian,Single,Heterosexual,No,missing,English,majority,Marketing Manager,17,Associates,Tier 3,0.44310404996919617,0.8147440845372411,Khan,Taylor,2026-04-01,Referral,No,0.44310404996919617,,0.3510172980796096
A00021,27,Male,Hispanic,Egypt,Christian,Married,Heterosexual,No,Visual,Mandarin,minority,Software Engineer,11,Bachelor's,Tier 3,0.6278692691016263,0.3594993060540542,Okafor,Alex,2026-04-01,LinkedIn,No,0.6278692691016263,,0.6161147125478923
A00022,27,Male,White,Mexico,Christian,Married,Heterosexual,No,missing,English,minority,ML Engineer,18,Master's,Tier 2,0.8023787519862294,0.9703080799103122,Smith,Skyler,2026-04-01,Direct,Yes,0.8023787519862294,,0.7390064279140443
A00023,62,Male,White,USA,Christian,Married,Heterosexual,No,missing,English,minority,ML Engineer,14,High School,Tier 3,0.8743521439793206,0.8857977626243716,Cohen,Riley,2026-04-01,Indeed,Yes,0.8743521439793206,,0.8879153619204057
A00024,56,Male,Black,USA,Christian,Married,LGBTQ+,No,missing,English,majority,Data Scientist,1,Bachelor's,Tier 1,0.9999665296733452,0.9863786727265015,Singh,Skyler,2026-04-01,Direct,Yes,0.9999665296733452,,1.0078040840045566
A00025,51,Male,White,USA,missing,Single,Heterosexual,No,missing,English,majority,ML Engineer,8,Master's,Tier 1,0.18562286425153895,0.5950970796558686,Johnson,Jordan,2026-04-01,Referral,No,0.18562286425153895,,0.17627631702004123
A00026,40,Male,Hispanic,USA,Christian,Single,Heterosexual,No,missing,English,majority,DevOps Engineer,17,Master's,Tier 2,0.7484605248911952,0.34693266926410626,Diallo,Casey,2026-04-01,Direct,Yes,0.7484605248911952,,0.6226225393501695
A00027,24,Male,White,USA,Hindu,Married,Heterosexual,No,missing,English,minority,UX Designer,5,Bachelor's,Tier 2,0.5845027798556535,0.08945279065947398,Okafor,Sam,2026-04-01,Indeed,No,0.5845027798556535,B3,0.5575681350633216
A00028,61,Female,Black,China,missing,Married,Heterosexual,No,missing,English,majority,Senior Software Engineer,23,Master's,Tier 2,0.784044450252655,0.34550370159150723,Singh,Taylor,2026-04-01,Indeed,Yes,0.784044450252655,,0.7816194029826015
A00029,47,Female,Asian,USA,Christian,Single,Prefer not to say,No,missing,Spanish,minority,UX Designer,16,Bachelor's,Tier 1,0.9417472661596435,0.06966670068398984,Cohen,Morgan,2026-04-01,LinkedIn,Yes,0.9417472661596435,,0.9474127154598089
A00030,28,Female,Middle Eastern,USA,missing,Single,LGBTQ+,No,Mobility,English,majority,Marketing Manager,18,Master's,Tier 3,0.027666393333123263,0.2366243276779446,Nguyen,Riley,2026-04-01,Referral,No,0.027666393333123263,,-0.048840394942146426
A00031,45,Male,White,USA,Christian,Married,Heterosexual,Yes,missing,English,majority,Business Analyst,20,Bachelor's,Tier 2,0.5680282117760742,0.53312114672027,Wang,Riley,2026-04-01,Direct,No,0.5680282117760742,,0.5441405479743777
A00032,37,Male,Asian,India,missing,Single,Heterosexual,No,Cognitive/Neurodivergent,English,majority,Senior Software Engineer,16,PhD,Tier 3,0.8426367668935415,0.5630651904951618,Patel,Taylor,2026-04-01,LinkedIn,Yes,0.8426367668935415,,0.7937108129907096
A00033,49,Male,Hispanic,USA,missing,Single,Heterosexual,No,missing,English,majority,DevOps Engineer,17,Bachelor's,Tier 2,0.899924467722204,0.7225445190527289,Garcia,Sam,2026-04-01,Referral,Yes,0.899924467722204,,0.8594826057509241
A00034,27,Female,White,USA,Christian,Single,Heterosexual,No,missing,English,majority,Data Scientist,1,Bachelor's,Tier 3,0.2288138579604332,0.7559878529363746,Johnson,Riley,2026-04-01,Indeed,No,0.2288138579604332,,0.2818587891297371
A00035,26,Male,White,USA,Christian,missing,Heterosexual,No,Cognitive/Neurodivergent,English,majority,Senior Software Engineer,0,Bachelor's,missing,0.11525102843848523,0.2653722906469026,Singh,Skyler,2026-04-01,LinkedIn,No,0.11525102843848523,,0.0748742946718904
A00036,53,Male,Hispanic,USA,Hindu,Single,Heterosexual,No,missing,English,majority,DevOps Engineer,9,Master's,Tier 3,0.3765019834274147,0.34206064787077717,Okafor,Sam,2026-04-01,Indeed,No,0.3765019834274147,,0.37487589818013867
A00037,37,Male,Middle Eastern,USA,missing,Single,Heterosexual,No,missing,English,majority,Marketing Manager,7,Master's,Tier 1,0.8789501952874118,0.6526531036078826,Diallo,Sam,2026-04-01,Referral,Yes,0.8789501952874118,,0.9231696886565706
A00038,33,Male,White,USA,Christian,Married,Heterosexual,No,missing,English,majority,ML Engineer,3,Bachelor's,missing,0.766479608765277,0.9937961135054012,Lee,Casey,2026-04-01,Indeed,Yes,0.766479608765277,,0.7372995871281118
A00039,62,Male,White,Iran,Christian,Married,Heterosexual,No,missing,Mandarin,majority,Business Analyst,4,Bachelor's,Tier 3,0.961273247520577,0.9969384891803755,Okafor,Alex,2026-04-01,Referral,Yes,0.961273247520577,,0.955688150041369
A00040,30,Male,White,USA,Christian,Single,Heterosexual,No,Cognitive/Neurodivergent,Mandarin,majority,ML Engineer,21,Bachelor's,Tier 2,0.9741430383301232,0.34881568098965177,Okafor,Jordan,2026-04-01,LinkedIn,Yes,0.9741430383301232,,0.9796662454925972
A00041,33,Female,Black,USA,Christian,Single,Heterosexual,No,missing,Hindi,majority,Product Manager,14,Master's,Tier 1,0.5999973136520909,0.9554353917478806,Chen,Riley,2026-04-01,Direct,No,0.5999973136520909,,0.603186402364844
A00042,41,Female,Hispanic,USA,missing,Single,Heterosexual,No,missing,English,majority,Product Manager,24,Bachelor's,Tier 2,0.6372317722343084,0.5559571276921075,Wang,Taylor,2026-04-01,Indeed,No,0.6372317722343084,,0.5759789809134237
A00043,48,Female,White,USA,Muslim,Single,Heterosexual,No,missing,Spanish,majority,Senior Software Engineer,6,Bachelor's,Tier 2,0.7352995903412716,0.6450198448722624,Khan,Sam,2026-04-01,Direct,Yes,0.7352995903412716,,0.739106601860122
A00044,39,Female,White,USA,Christian,Married,Heterosexual,Yes,missing,Vietnamese,majority,Business Analyst,13,Master's,missing,0.40570201182254395,0.7898012643887858,Garcia,Alex,2026-04-01,Indeed,No,0.40570201182254395,,0.4736431829096208
A00045,60,Female,White,USA,missing,Single,Heterosexual,No,missing,English,majority,Product Manager,9,Bachelor's,Tier 1,0.05344141744191899,0.14999219538908293,Hernandez,Morgan,2026-04-01,Direct,No,0.05344141744191899,,-0.023915816464505135
A00046,54,Male,Hispanic,USA,Christian,Single,Heterosexual,No,missing,Spanish,minority,Marketing Manager,13,Bachelor's,Tier 3,0.09281910983368702,0.16443649797699467,Ahmed,Taylor,2026-04-01,Referral,No,0.09281910983368702,,0.13578824423476693
A00047,57,Male,White,USA,Christian,Married,Heterosexual,No,missing,English,majority,Sales Representative,6,Bachelor's,Tier 1,0.8031948055171059,0.7853765775360964,Hernandez,Skyler,2026-04-01,Referral,Yes,0.8031948055171059,,0.8091625068019349
A00048,31,Male,Hispanic,USA,Muslim,Married,Heterosexual,Yes,missing,English,minority,Marketing Manager,0,Bachelor's,Tier 2,0.374996428119137,0.23297063553244868,Singh,Riley,2026-04-01,Indeed,No,0.374996428119137,,0.34292290841377593
A00049,31,Female,Asian,USA,Christian,Single,Heterosexual,No,missing,English,majority,Senior Software Engineer,21,Master's,Tier 1,0.7706291223295939,0.016143016538616606,Brown,Casey,2026-04-01,Direct,Yes,0.7706291223295939,,0.870649949646715
A00050,49,Non-binary,Hispanic,USA,Hindu,missing,Heterosexual,No,Cognitive/Neurodivergent,English,minority,Sales Representative,12,Bachelor's,Tier 2,0.34927998374348246,0.5458565098221283,Singh,Taylor,2026-04-01,Direct,No,0.34927998374348246,,0.38739296934771805
A00051,35,Female,White,USA,Hindu,Divorced,Heterosexual,No,missing,English,majority,Software Engineer,19,Master's,Tier 2,0.1477020964488408,0.737615941900819,Rodriguez,Jordan,2026-04-01,Indeed,No,0.1477020964488408,,0.08773765134357964
A00052,33,Male,Hispanic,USA,Christian,Married,Heterosexual,No,Cognitive/Neurodivergent,English,majority,Software Engineer,0,Bachelor's,Tier 2,0.6766010896952411,0.02539576032252422,Chen,Sam,2026-04-01,Referral,No,0.6766010896952411,,0.6803269011338143
A00053,25,Male,White,India,missing,Married,Heterosexual,No,Mobility,English,minority,Marketing Manager,13,Bachelor's,Tier 3,0.48540958457707295,0.5983062508271775,Garcia,Sam,2026-04-01,Referral,No,0.48540958457707295,,0.5142440637605822
A00054,59,Female,White,USA,missing,Single,Heterosexual,No,missing,English,minority,Software Engineer,5,Bachelor's,Tier 3,0.5521796827700055,0.4170373704034135,Patel,Sam,2026-04-01,Direct,No,0.5521796827700055,,0.542740576502468
A00055,60,Non-binary,Middle Eastern,USA,Christian,Married,Heterosexual,Yes,missing,English,minority,Marketing Manager,8,Bachelor's,Tier 3,0.20964336428175012,0.0978612313747329,Cohen,Alex,2026-04-01,Indeed,No,0.20964336428175012,,0.24378887764151042
A00056,51,Male,White,USA,Hindu,Married,LGBTQ+,No,missing,English,majority,Senior Software Engineer,9,Bachelor's,Tier 1,0.1314057432778044,0.07164189348637118,Cohen,Riley,2026-04-01,LinkedIn,No,0.1314057432778044,,0.12807987727033363
A00057,50,Female,Middle Eastern,USA,missing,Single,Heterosexual,No,Hearing,English,majority,Marketing Manager,2,Bachelor's,Tier 1,0.23257437212168974,0.5149632088157275,Chen,Taylor,2026-04-01,LinkedIn,No,0.23257437212168974,,0.2659367501634061
A00058,49,Male,White,USA,Christian,Divorced,Heterosexual,No,missing,Spanish,majority,DevOps Engineer,12,Master's,Tier 3,0.4744219375451765,0.28343131167621316,Kim,Alex,2026-04-01,Referral,No,0.4744219375451765,,0.5463480671279841
A00059,52,Female,Asian,Mexico,Christian,Married,Heterosexual,No,missing,Hindi,majority,DevOps Engineer,14,Bachelor's,Tier 2,0.49945384032607176,0.2487959935014732,Singh,Skyler,2026-04-01,Direct,No,0.49945384032607176,,0.4656707277757891
A00060,33,Male,White,Mexico,Christian,Married,Heterosexual,No,missing,Spanish,majority,ML Engineer,13,Master's,Tier 1,0.17564018730040232,0.7395191702724173,Khan,Riley,2026-04-01,Indeed,No,0.17564018730040232,,0.18579711781988278
A00061,62,Male,White,USA,Hindu,Married,Heterosexual,No,missing,Spanish,majority,UX Designer,1,Master's,Tier 2,0.9041438953551041,0.6974072246723672,Khan,Casey,2026-04-01,LinkedIn,Yes,0.9041438953551041,,0.8809785165281834
A00062,25,Male,Black,USA,Christian,Single,Heterosexual,No,missing,English,minority,DevOps Engineer,21,Bachelor's,Tier 3,0.04068106203156896,0.27233890302617303,Brown,Alex,2026-04-01,Referral,No,0.04068106203156896,,0.0470444825928605
A00063,58,Female,White,USA,Muslim,Single,Heterosexual,No,missing,English,minority,Product Manager,6,Master's,Tier 2,0.33612642534572057,0.5143638784651494,Nguyen,Riley,2026-04-01,Indeed,No,0.33612642534572057,,0.2767666989532136
A00064,59,Female,White,USA,Christian,Single,Prefer not to say,No,missing,English,majority,Senior Software Engineer,12,Bachelor's,Tier 2,0.38246650783284286,0.6010771715521712,Johnson,Skyler,2026-04-01,LinkedIn,No,0.38246650783284286,,0.35350142800770923
A00065,27,Female,Black,Mexico,Muslim,Divorced,Heterosexual,No,Cognitive/Neurodivergent,English,majority,Product Manager,12,Bachelor's,Tier 3,0.7721616488076527,0.6908901305725583,Lee,Morgan,2026-04-01,Direct,Yes,0.7721616488076527,,0.7623518501674279
A00066,29,Male,White,USA,missing,Single,Heterosexual,No,missing,Hindi,minority,DevOps Engineer,12,Bachelor's,Tier 1,0.6874635469138859,0.7913250353459728,Nguyen,Skyler,2026-04-01,Indeed,No,0.6874635469138859,,0.7324017405189063
A00067,36,Female,Native American,USA,missing,Married,Heterosexual,Yes,missing,English,majority,Business Analyst,7,Bachelor's,Tier 2,0.3804450190835873,0.4823936839937015,Rodriguez,Riley,2026-04-01,LinkedIn,No,0.3804450190835873,,0.4377061194562939
A00068,48,Female,Hispanic,USA,Christian,Single,Heterosexual,No,Mobility,English,majority,Software Engineer,23,Bachelor's,Tier 2,0.4861474070252848,0.05066776684264085,Okafor,Alex,2026-04-01,Referral,No,0.4861474070252848,,0.41997101740107207
A00069,62,Female,White,USA,Christian,Married,LGBTQ+,Yes,missing,English,majority,Sales Representative,17,Master's,Tier 1,0.37654684756335677,0.9441002398854716,Cohen,Morgan,2026-04-01,Referral,No,0.37654684756335677,,0.3368147292640043
A00070,38,Male,White,USA,Christian,Married,Heterosexual,No,missing,English,majority,Data Scientist,9,Bachelor's,Tier 3,0.372835833383227,0.6547195948141341,Smith,Taylor,2026-04-01,Referral,No,0.372835833383227,,0.4051810045118981
A00071,44,Female,White,USA,Christian,Single,LGBTQ+,No,missing,Mandarin,majority,Sales Representative,12,Bachelor's,Tier 2,0.8767343604613341,0.21727636433685615,Okafor,Riley,2026-04-01,LinkedIn,Yes,0.8767343604613341,,0.7771133712526094
A00072,61,Male,White,USA,Christian,Single,Heterosexual,No,missing,English,minority,Business Analyst,19,Associates,Tier 2,0.5595450255278955,0.7610602148341999,Singh,Morgan,2026-04-01,Indeed,No,0.5595450255278955,,0.5363865322802772
A00073,21,Male,White,USA,missing,Married,Heterosexual,Yes,missing,Mandarin,majority,Software Engineer,9,Bachelor's,Tier 2,0.11333555439924026,0.5788869242114622,Lee,Sam,2026-04-01,Indeed,No,0.11333555439924026,B3,0.10847120811573581
A00074,55,Female,White,USA,Muslim,Divorced,Heterosexual,No,missing,English,majority,Software Engineer,9,High School,Tier 2,0.7438805516006323,0.8431960953491436,Singh,Jordan,2026-04-01,Indeed,Yes,0.7438805516006323,,0.8067313004649732
A00075,54,Male,White,USA,Christian,Single,LGBTQ+,No,missing,Farsi,majority,ML Engineer,3,Bachelor's,Tier 1,0.023302483367358295,0.12419298913077548,Williams,Casey,2026-04-01,Referral,No,0.023302483367358295,,0.05777267839589608
A00076,23,Female,White,USA,Christian,Married,Heterosexual,No,missing,English,majority,Marketing Manager,23,Bachelor's,Tier 2,0.5804947259546227,0.8463190287532684,Chen,Riley,2026-04-01,LinkedIn,No,0.5804947259546227,B3,0.5641340549435128
A00077,23,Male,Asian,USA,Buddhist,missing,Heterosexual,No,missing,English,majority,Data Scientist,18,Bachelor's,Tier 2,0.6159331522332679,0.260146482923281,Nguyen,Riley,2026-04-01,LinkedIn,No,0.6159331522332679,B3,0.59750435752827
A00078,53,Female,Asian,USA,Christian,Single,Heterosexual,No,missing,English,majority,Senior Software Engineer,15,Bachelor's,Tier 3,0.3834818471172846,0.37371893159281255,Wang,Taylor,2026-04-01,Indeed,No,0.3834818471172846,,0.37097207709138835
A00079,28,Male,White,USA,Christian,missing,Heterosexual,No,missing,English,minority,UX Designer,0,Bachelor's,Tier 3,0.9728380501506798,0.2081417548864859,Johnson,Alex,2026-04-01,Indeed,Yes,0.9728380501506798,,1.0490145201734877
A00080,37,Male,Asian,USA,Christian,Married,Heterosexual,No,missing,English,minority,Data Scientist,11,Bachelor's,Tier 2,0.7877164766211844,0.02094188186649837,Cohen,Alex,2026-04-01,LinkedIn,Yes,0.7877164766211844,,0.766315229492541
A00081,39,Male,White,USA,missing,Single,Heterosexual,No,missing,English,majority,Data Scientist,8,Bachelor's,Tier 2,0.6618077267769817,0.43480351783561977,Cohen,Riley,2026-04-01,Direct,No,0.6618077267769817,,0.6466237073587453
A00082,31,Male,White,USA,missing,Married,Heterosexual,No,Cognitive/Neurodivergent,English,minority,Software Engineer,11,High School,Tier 1,0.9076024051359041,0.5668341044530779,Johnson,Morgan,2026-04-01,Direct,Yes,0.9076024051359041,,0.9252318585001673
A00083,49,Male,White,USA,missing,Single,Heterosexual,No,Cognitive/Neurodivergent,English,majority,Sales Representative,22,Bachelor's,Tier 3,0.5514106925818386,0.5061675059641616,Diallo,Jordan,2026-04-01,Indeed,No,0.5514106925818386,,0.5453721703275158
A00084,42,Male,White,USA,Muslim,Divorced,Heterosexual,No,missing,English,majority,Software Engineer,23,Bachelor's,Tier 2,0.599043085200202,0.7962446675218051,Hernandez,Morgan,2026-04-01,Referral,No,0.599043085200202,,0.5891788738019159
A00085,37,Female,Asian,USA,Christian,Single,Heterosexual,No,Hearing,English,majority,Senior Software Engineer,21,Bachelor's,Tier 2,0.44353032044289276,0.95048032706368,Brown,Morgan,2026-04-01,Referral,No,0.44353032044289276,,0.38782696328533994
A00086,32,Male,White,Vietnam,Hindu,Married,Heterosexual,No,missing,English,majority,ML Engineer,10,Bachelor's,Tier 3,0.3768680648877796,0.027261103050913338,Kim,Taylor,2026-04-01,Direct,No,0.3768680648877796,,0.3762919914858522
A00087,62,Female,Hispanic,USA,missing,Married,Heterosexual,No,missing,English,majority,Sales Representative,9,Bachelor's,Tier 3,0.259181306869013,0.5688480454537371,Hernandez,Alex,2026-04-01,Direct,No,0.259181306869013,,0.23700224572029202
A00088,37,Female,White,USA,Christian,Divorced,Heterosexual,No,missing,English,majority,Senior Software Engineer,9,Master's,Tier 1,0.6635881897742161,0.43239741826243094,Nguyen,Sam,2026-04-01,Indeed,No,0.6635881897742161,,0.7218945785837272
A00089,60,Female,White,USA,Christian,Married,Heterosexual,No,missing,Spanish,majority,Data Scientist,0,Bachelor's,Tier 3,0.7391891263230492,0.6144562964882947,Brown,Skyler,2026-04-01,Direct,Yes,0.7391891263230492,,0.7718435514581075
A00090,41,Female,Asian,USA,Christian,Divorced,LGBTQ+,No,missing,English,minority,UX Designer,20,High School,Tier 2,0.28224449500057613,0.3281742705740891,Williams,Sam,2026-04-01,Referral,No,0.28224449500057613,,0.2810373143500795
A00091,20,Male,White,USA,Christian,Married,Heterosexual,No,Cognitive/Neurodivergent,English,majority,Product Manager,9,Bachelor's,Tier 1,0.3445579220407812,0.436412260056008,Kim,Morgan,2026-04-01,Indeed,No,0.3445579220407812,B3,0.37797697320414836
A00092,42,Male,White,USA,Christian,Married,Heterosexual,No,missing,English,minority,UX Designer,21,Bachelor's,Tier 1,0.29372568933496424,0.8762384427501428,Brown,Casey,2026-04-01,Indeed,No,0.29372568933496424,,0.2767322117493068
A00093,56,Female,White,USA,Christian,Single,Heterosexual,No,missing,English,majority,Product Manager,6,Master's,Tier 2,0.4994190183639967,0.2508899469963216,Johnson,Sam,2026-04-01,Indeed,No,0.4994190183639967,,0.552025336285344
A00094,34,Female,White,USA,missing,Married,LGBTQ+,No,Cognitive/Neurodivergent,English,majority,Product Manager,16,Associates,missing,0.2278302070534608,0.5345097878818238,Rodriguez,Morgan,2026-04-01,LinkedIn,No,0.2278302070534608,,0.22756022901987946
A00095,55,Female,Black,USA,Jewish,Married,Heterosexual,No,missing,English,minority,UX Designer,23,Bachelor's,Tier 1,0.6119609336929519,0.47725602992156635,Hernandez,Jordan,2026-04-01,Indeed,No,0.6119609336929519,,0.6411300514019725
A00096,38,Male,White,USA,missing,Single,Heterosexual,No,missing,Spanish,majority,Sales Representative,21,Bachelor's,Tier 1,0.9008465191006524,0.6676304595881307,Johnson,Casey,2026-04-01,Indeed,Yes,0.9008465191006524,,0.836301856834478
A00097,50,Male,Hispanic,USA,missing,Married,Heterosexual,No,Visual,English,minority,Sales Representative,15,Bachelor's,Tier 1,0.3960157917351551,0.5522155248343187,Diallo,Taylor,2026-04-01,Referral,No,0.3960157917351551,,0.4133497941790766
A00098,59,Male,White,India,Christian,Single,Heterosexual,No,Cognitive/Neurodivergent,English,minority,Sales Representative,23,Associates,Tier 3,0.39056108105022247,0.3598388674333415,Lee,Taylor,2026-04-01,LinkedIn,No,0.39056108105022247,,0.3061508751818954
A00099,36,Female,White,Egypt,missing,Married,Heterosexual,No,missing,English,majority,Senior Software Engineer,6,Bachelor's,Tier 1,0.16892294465804902,0.6512783378003176,Hernandez,Riley,2026-04-01,Referral,No,0.16892294465804902,,0.0671564974110524
A00100,21,Female,Hispanic,USA,Christian,Single,Heterosexual,No,Visual,English,minority,Senior Software Engineer,18,Bachelor's,Tier 2,0.40657584905847044,0.472565921201226,Williams,Sam,2026-04-01,LinkedIn,No,0.40657584905847044,B3,0.3913520051728986
A00101,28,Male,White,Iran,Christian,missing,Heterosexual,Yes,missing,English,majority,Marketing Manager,19,Associates,Tier 2,0.4042936915925386,0.5024784557532059,Okafor,Riley,2026-04-01,Indeed,No,0.4042936915925386,,0.3592973112126088
A00102,29,Female,White,USA,missing,Single,Heterosexual,No,missing,English,minority,Software Engineer,14,High School,Tier 2,0.36991505809703573,0.9871957523920246,Williams,Casey,2026-04-01,Direct,No,0.36991505809703573,,0.3781176978826469
A00103,27,Female,White,USA,Christian,Single,Heterosexual,No,missing,Hindi,majority,Business Analyst,6,Bachelor's,Tier 2,0.8134317076997766,0.004408672155062021,Khan,Alex,2026-04-01,Indeed,Yes,0.8134317076997766,,0.925669539024079
A00104,38,Female,Hispanic,USA,Christian,Married,Heterosexual,No,Cognitive/Neurodivergent,English,majority,ML Engineer,21,Master's,missing,0.18172830246556904,0.029092758331477286,Williams,Jordan,2026-04-01,Indeed,No,0.18172830246556904,,0.14014214339496495
A00105,25,Female,Asian,Egypt,Christian,Divorced,Heterosexual,No,Visual,English,majority,Data Scientist,3,Bachelor's,Tier 2,0.6446419690795762,0.9393975016258956,Smith,Sam,2026-04-01,Referral,No,0.6446419690795762,,0.6134447897573808
A00106,49,Male,White,USA,Christian,Married,Heterosexual,No,missing,English,minority,Software Engineer,12,Master's,missing,0.6028454458053638,0.2646149862814198,Brown,Jordan,2026-04-01,Indeed,No,0.6028454458053638,,0.6131156431085988
A00107,37,Female,White,USA,Christian,Single,Prefer not to say,Yes,missing,English,minority,Sales Representative,16,PhD,Tier 3,0.8116758662100033,0.612323168935176,Singh,Taylor,2026-04-01,Indeed,Yes,0.8116758662100033,,0.8363265307806211
A00108,40,Female,White,USA,Christian,Single,Heterosexual,No,missing,English,majority,Product Manager,19,Master's,Tier 3,0.0260633961421034,0.7727997455604475,Okafor,Sam,2026-04-01,Referral,No,0.0260633961421034,,0.01724309284681549
A00109,27,Female,White,India,Christian,Married,Heterosexual,Yes,Visual,English,minority,Software Engineer,19,Master's,Tier 3,0.912564348322132,0.8635595008073302,Okafor,Morgan,2026-04-01,Indeed,Yes,0.912564348322132,,0.9022678318094711
A00110,41,Male,Asian,USA,missing,Single,Heterosexual,No,missing,English,majority,Data Scientist,24,Bachelor's,Tier 2,0.44553622628364187,0.43827494499460196,Nguyen,Morgan,2026-04-01,Indeed,No,0.44553622628364187,,0.4806593740396691
A00111,32,Female,White,USA,missing,Single,Heterosexual,No,missing,English,minority,Senior Software Engineer,3,PhD,Tier 2,0.18141899185031263,0.7835543496169034,Brown,Alex,2026-04-01,Referral,No,0.18141899185031263,,0.20741437370200755
A00112,53,Male,White,USA,missing,Single,Heterosexual,No,missing,English,majority,UX Designer,12,Master's,Tier 2,0.6157616790771484,0.056103044986075545,Okafor,Alex,2026-04-01,LinkedIn,No,0.6157616790771484,,0.564077887473464
A00113,46,Female,Asian,USA,missing,Single,LGBTQ+,No,Visual,English,minority,Business Analyst,15,PhD,Tier 1,0.11511217614648084,0.014180558812599275,Garcia,Casey,2026-04-01,Referral,No,0.11511217614648084,,0.11115311021568874
A00114,34,Female,White,USA,Muslim,Single,Heterosexual,No,missing,English,minority,UX Designer,16,Bachelor's,Tier 1,0.6550267050007156,0.9142110306024246,Rodriguez,Riley,2026-04-01,LinkedIn,No,0.6550267050007156,,0.6567910474337892
A00115,25,Male,White,USA,Christian,Single,Heterosexual,No,missing,English,minority,Business Analyst,16,PhD,Tier 3,0.43976955135209006,0.535294925352793,Singh,Riley,2026-04-01,Referral,No,0.43976955135209006,,0.38704532024963456
A00116,38,Male,Hispanic,USA,Christian,Married,Heterosexual,No,missing,English,majority,Senior Software Engineer,6,Associates,Tier 2,0.8170237471319973,0.7042885675710395,Chen,Riley,2026-04-01,Indeed,Yes,0.8170237471319973,,0.8300157021657155
A00117,22,Female,White,USA,Christian,Single,Heterosexual,No,Hearing,English,majority,Product Manager,14,Bachelor's,Tier 3,0.39630246567906124,0.9090889470064881,Smith,Alex,2026-04-01,Referral,No,0.39630246567906124,B3,0.35340464182023407
A00118,24,Male,Hispanic,USA,Hindu,Single,Heterosexual,No,missing,English,majority,Sales Representative,23,Master's,Tier 2,0.3254279512301196,0.2179597356422147,Lee,Jordan,2026-04-01,Referral,No,0.3254279512301196,B3,0.37403128662597174
A00119,56,Male,White,USA,Christian,Divorced,Heterosexual,No,Visual,English,majority,Data Scientist,6,Master's,Tier 2,0.8050211511196733,0.1705516693930761,Kim,Jordan,2026-04-01,Indeed,Yes,0.8050211511196733,,0.8146584467499269
A00120,52,Female,White,USA,missing,Divorced,Heterosexual,No,missing,English,majority,Marketing Manager,13,Bachelor's,Tier 2,0.5147204554362006,0.7089865034435833,Kim,Taylor,2026-04-01,Direct,No,0.5147204554362006,,0.5191857797246531
A00121,45,Male,White,USA,Christian,Married,LGBTQ+,No,missing,English,majority,Business Analyst,13,Bachelor's,Tier 3,0.154912770759991,0.36064112599869924,Garcia,Skyler,2026-04-01,Direct,No,0.154912770759991,,0.12536135311717728
A00122,59,Male,White,USA,missing,Single,LGBTQ+,No,missing,English,majority,Product Manager,14,PhD,Tier 2,0.6860998017309968,0.27762113524258725,Khan,Casey,2026-04-01,LinkedIn,No,0.6860998017309968,,0.6801693105371122
A00123,28,Female,White,USA,Christian,missing,Heterosexual,No,Hearing,English,majority,ML Engineer,16,Bachelor's,Tier 3,0.8624954188921784,0.7551541958472998,Singh,Skyler,2026-04-01,Direct,Yes,0.8624954188921784,,0.7626081042468257
A00124,28,Female,Black,USA,Muslim,Married,Heterosexual,No,missing,Mandarin,majority,Senior Software Engineer,7,Master's,Tier 2,0.5321558580892772,0.359110939277723,Brown,Alex,2026-04-01,Indeed,No,0.5321558580892772,,0.4755854845631243
A00125,60,Female,Hispanic,USA,Christian,Married,Heterosexual,No,missing,English,majority,Product Manager,5,Master's,Tier 2,0.3469733653807875,0.3778368041352096,Smith,Alex,2026-04-01,Indeed,No,0.3469733653807875,,0.3651153553402252
A00126,37,Non-binary,Asian,USA,Buddhist,Divorced,Heterosexual,No,missing,English,majority,Sales Representative,1,Bachelor's,Tier 2,0.031270202844592254,0.9602051889088761,Patel,Taylor,2026-04-01,Referral,No,0.031270202844592254,,-0.07515814924651498
A00127,37,Female,Middle Eastern,India,Christian,Divorced,Heterosexual,No,missing,English,majority,Software Engineer,8,Master's,Tier 2,0.31676098081823534,0.3522401384009718,Smith,Skyler,2026-04-01,Indeed,No,0.31676098081823534,,0.3590914068922935
A00128,27,Male,Asian,USA,Hindu,Married,Heterosexual,No,missing,Spanish,majority,ML Engineer,10,Bachelor's,Tier 3,0.5133428869994273,0.25726950951585037,Cohen,Morgan,2026-04-01,Indeed,No,0.5133428869994273,,0.4260380632307319
A00129,31,Male,White,USA,Christian,Single,Heterosexual,No,Cognitive/Neurodivergent,English,minority,UX Designer,22,Associates,missing,0.38977093879848934,0.5358566078503836,Johnson,Morgan,2026-04-01,Direct,No,0.38977093879848934,,0.4276078639317027
A00130,29,Female,White,USA,Christian,Married,Heterosexual,No,missing,English,majority,ML Engineer,20,Bachelor's,Tier 3,0.018391444902622234,0.6870607749653751,Garcia,Jordan,2026-04-01,LinkedIn,No,0.018391444902622234,,-0.023883406741343975
A00131,60,Male,White,USA,missing,Married,Heterosexual,No,missing,English,minority,Marketing Manager,8,Associates,Tier 2,0.10463761851909714,0.9086164546660569,Diallo,Taylor,2026-04-01,Indeed,No,0.10463761851909714,,0.1435871727362202
A00132,61,Female,Hispanic,USA,Christian,Single,Heterosexual,No,Cognitive/Neurodivergent,English,majority,DevOps Engineer,9,Bachelor's,Tier 3,0.3717340136844093,0.36910934392363726,Lee,Jordan,2026-04-01,Referral,No,0.3717340136844093,,0.37828157406364926
A00133,61,Female,Black,Vietnam,Muslim,Married,LGBTQ+,No,Cognitive/Neurodivergent,English,majority,UX Designer,24,PhD,Tier 1,0.42642781148895037,0.8221730200035714,Okafor,Casey,2026-04-01,Direct,No,0.42642781148895037,,0.3495860644743759
A00134,51,Male,White,USA,missing,Single,Heterosexual,No,Cognitive/Neurodivergent,English,minority,Software Engineer,0,Master's,Tier 2,0.896266624525411,0.12171590144308031,Rodriguez,Skyler,2026-04-01,LinkedIn,Yes,0.896266624525411,,0.9587240620033337
A00135,45,Male,White,USA,Christian,Married,Heterosexual,No,Cognitive/Neurodivergent,Vietnamese,majority,Senior Software Engineer,17,Master's,Tier 3,0.5249735081328273,0.8265033798332713,Chen,Skyler,2026-04-01,Indeed,No,0.5249735081328273,,0.5970588659089578
A00136,56,Male,Hispanic,USA,missing,Married,Heterosexual,Yes,missing,English,majority,Data Scientist,3,Bachelor's,Tier 2,0.11383564550145875,0.20192279437616623,Brown,Sam,2026-04-01,LinkedIn,No,0.11383564550145875,,0.11054540020144839
A00137,62,Male,Hispanic,USA,Christian,Divorced,Prefer not to say,No,Hearing,English,majority,Data Scientist,7,Bachelor's,Tier 3,0.43548867227538224,0.7491386128006708,Khan,Sam,2026-04-01,Direct,No,0.43548867227538224,,0.42179285866676625
A00138,24,Male,White,USA,Christian,Single,Heterosexual,No,Mobility,English,majority,Software Engineer,19,Associates,Tier 2,0.8098264473528852,0.06675847042813987,Wang,Casey,2026-04-01,Indeed,No,0.8098264473528852,B3,0.8018330990543534
A00139,47,Male,White,USA,Hindu,Married,Heterosexual,No,missing,English,majority,Data Scientist,7,Master's,Tier 1,0.06949414023275058,0.7104315942521803,Okafor,Sam,2026-04-01,Referral,No,0.06949414023275058,,0.02073652409381327
A00140,32,Male,White,USA,Christian,Single,Heterosexual,No,missing,English,majority,UX Designer,5,Master's,Tier 2,0.6643276907673372,0.06233192240429819,Johnson,Sam,2026-04-01,Direct,No,0.6643276907673372,,0.7192570287551832
A00141,37,Male,Black,USA,Muslim,Married,Heterosexual,No,missing,English,minority,Marketing Manager,0,High School,Tier 2,0.21633141787510912,0.6855997608210815,Chen,Casey,2026-04-01,Direct,No,0.21633141787510912,,0.1891868212885998
A00142,29,Male,Native American,USA,Christian,Single,Heterosexual,No,Visual,English,majority,Product Manager,15,Bachelor's,Tier 2,0.7159427292863806,0.027018698237603722,Kim,Casey,2026-04-01,Direct,Yes,0.7159427292863806,,0.7133832086517967
A00143,40,Male,White,USA,Christian,Divorced,Heterosexual,No,missing,English,minority,Sales Representative,4,Bachelor's,missing,0.0040289685689754995,0.13006301671309817,Patel,Jordan,2026-04-01,LinkedIn,No,0.0040289685689754995,,-0.03563585159117669
A00144,24,Male,White,USA,missing,Single,Heterosexual,No,missing,English,majority,Business Analyst,6,Bachelor's,Tier 2,0.9438624516225813,0.7542982109747757,Cohen,Casey,2026-04-01,Indeed,No,0.9438624516225813,B3,0.9125587966365715
A00145,24,Male,White,USA,Hindu,Married,Heterosexual,No,missing,English,majority,DevOps Engineer,15,Bachelor's,Tier 3,0.6894632687950186,0.6952891362481456,Johnson,Casey,2026-04-01,Indeed,No,0.6894632687950186,B3,0.6255770112124601
A00146,46,Male,Hispanic,USA,missing,Single,Heterosexual,Yes,missing,Vietnamese,minority,Marketing Manager,6,Bachelor's,Tier 1,0.06509544482256846,0.04613386842660194,Johnson,Riley,2026-04-01,LinkedIn,No,0.06509544482256846,,0.1279489105082881
A00147,56,Male,White,China,Christian,Married,Heterosexual,No,missing,English,majority,Data Scientist,3,PhD,Tier 2,0.4582890871823596,0.2520405105266931,Ahmed,Morgan,2026-04-01,Indeed,No,0.4582890871823596,,0.45058470852205895
A00148,57,Female,White,USA,Christian,Married,Heterosexual,No,Hearing,Hindi,minority,Sales Representative,18,Bachelor's,Tier 3,0.9730461151366876,0.6218208465454254,Cohen,Riley,2026-04-01,Referral,Yes,0.9730461151366876,,1.0213421960731282
A00149,20,Female,White,USA,Christian,Married,Heterosexual,No,missing,Mandarin,majority,Data Scientist,7,Associates,Tier 1,0.8634135243498242,0.16897935653348872,Rodriguez,Casey,2026-04-01,Referral,No,0.8634135243498242,B3,0.8640797541954872
A00150,27,Female,White,USA,Christian,Single,Heterosexual,No,missing,English,majority,Software Engineer,7,Bachelor's,Tier 3,0.9706222854165476,0.27460592817164553,Khan,Sam,2026-04-01,Direct,Yes,0.9706222854165476,,0.9359021090314029
A00151,32,Female,Hispanic,USA,Christian,Single,Heterosexual,No,Cognitive/Neurodivergent,English,majority,Product Manager,8,Master's,Tier 1,0.050277938759056506,0.9915184805017074,Wang,Jordan,2026-04-01,LinkedIn,No,0.050277938759056506,,0.0339436757589439
A00152,57,Female,White,USA,missing,Single,Heterosexual,No,missing,Spanish,majority,ML Engineer,8,Bachelor's,missing,0.15097681619180325,0.5265311890789653,Ahmed,Skyler,2026-04-01,Direct,No,0.15097681619180325,,0.12296526366665828
A00153,27,Male,White,USA,Buddhist,Single,Heterosexual,No,Mobility,English,majority,Data Scientist,6,Bachelor's,Tier 3,0.849954169960662,0.5768204044892127,Garcia,Casey,2026-04-01,Direct,Yes,0.849954169960662,,0.8503521249199076
A00154,20,Male,White,USA,Christian,Single,Heterosexual,No,missing,English,minority,UX Designer,20,Bachelor's,Tier 2,0.8676605768607067,0.1339022994432979,Diallo,Riley,2026-04-01,Referral,No,0.8676605768607067,B3,0.848897234876859
A00155,30,Female,Hispanic,USA,Christian,Divorced,Heterosexual,No,Cognitive/Neurodivergent,English,minority,Senior Software Engineer,7,Bachelor's,Tier 3,0.9923657152733735,0.09562747853291287,Okafor,Taylor,2026-04-01,Referral,Yes,0.9923657152733735,,0.9773696294762836
A00156,50,Male,Asian,USA,missing,Divorced,Heterosexual,Yes,Mobility,English,majority,ML Engineer,23,Bachelor's,Tier 3,0.2456384643754198,0.15847069564132654,Johnson,Sam,2026-04-01,LinkedIn,No,0.2456384643754198,,0.17670973016862412
A00157,51,Female,Middle Eastern,USA,missing,Single,Heterosexual,No,missing,English,majority,Marketing Manager,16,Master's,Tier 3,0.34711579410430893,0.1884870380607817,Diallo,Taylor,2026-04-01,Indeed,No,0.34711579410430893,,0.3067734977232529
A00158,32,Female,White,USA,missing,Single,Prefer not to say,No,Cognitive/Neurodivergent,English,minority,Marketing Manager,4,Bachelor's,Tier 1,0.8536418650825256,0.3471512147478134,Lee,Jordan,2026-04-01,Indeed,Yes,0.8536418650825256,,0.9363447425225471
A00159,24,Female,White,USA,missing,Single,Heterosexual,Yes,missing,Farsi,majority,DevOps Engineer,7,Bachelor's,Tier 2,0.8879045416250273,0.5295318132745813,Williams,Taylor,2026-04-01,Direct,No,0.8879045416250273,B3,0.8543428808124415
A00160,42,Male,Black,USA,Christian,Single,Heterosexual,No,missing,Spanish,majority,Marketing Manager,2,Bachelor's,Tier 3,0.5599971299775615,0.7078989738864988,Diallo,Alex,2026-04-01,Direct,No,0.5599971299775615,,0.5072924405963868
A00161,23,Female,White,USA,Christian,Divorced,Heterosexual,No,missing,English,majority,ML Engineer,20,Bachelor's,Tier 2,0.6207261899205465,0.869942590128443,Wang,Morgan,2026-04-01,LinkedIn,No,0.6207261899205465,B3,0.637592506549298
A00162,34,Female,Black,USA,missing,Single,Heterosexual,No,missing,English,majority,Business Analyst,15,Bachelor's,missing,0.04589662108017423,0.007010434865386106,Wang,Jordan,2026-04-01,Referral,No,0.04589662108017423,,0.11626023105800083
A00163,21,Male,White,USA,Jewish,Married,Heterosexual,No,Cognitive/Neurodivergent,English,majority,Business Analyst,7,Bachelor's,Tier 1,0.4009181449138641,0.6547427442857808,Ahmed,Taylor,2026-04-01,LinkedIn,No,0.4009181449138641,B3,0.3282169297898037
A00164,47,Non-binary,White,USA,Christian,Divorced,Heterosexual,No,missing,English,majority,Senior Software Engineer,20,High School,Tier 3,0.7322649800284917,0.12928926587528122,Cohen,Morgan,2026-04-01,LinkedIn,Yes,0.7322649800284917,,0.7218388876159282
A00165,37,Male,White,USA,Christian,Single,Heterosexual,No,Cognitive/Neurodivergent,English,minority,Data Scientist,13,Associates,Tier 2,0.40821800086507976,0.30880857945087203,Kim,Casey,2026-04-01,Direct,No,0.40821800086507976,,0.3766153731683344
A00166,35,Female,White,USA,Muslim,Divorced,Heterosexual,No,missing,English,majority,Data Scientist,6,High School,Tier 3,0.24988267485059235,0.6040919283133314,Rodriguez,Skyler,2026-04-01,LinkedIn,No,0.24988267485059235,,0.16183170113422218
A00167,33,Female,White,USA,Christian,Single,Heterosexual,No,missing,English,majority,Sales Representative,6,Associates,Tier 1,0.37559137576311796,0.47229917726033677,Kim,Sam,2026-04-01,LinkedIn,No,0.37559137576311796,,0.4123377112260375
A00168,55,Male,White,USA,Christian,Married,Heterosexual,No,missing,English,minority,Product Manager,2,Bachelor's,Tier 2,0.13140692517706287,0.9202108844593819,Rodriguez,Jordan,2026-04-01,Referral,No,0.13140692517706287,,0.13023472924932064
A00169,47,Female,White,USA,Christian,Married,Heterosexual,No,missing,Spanish,majority,Data Scientist,17,Bachelor's,Tier 1,0.13754544033117788,0.2089540097632333,Kim,Riley,2026-04-01,Referral,No,0.13754544033117788,,0.14111753254580814
A00170,46,Male,White,USA,Christian,Single,Heterosexual,No,missing,English,majority,Data Scientist,1,Bachelor's,Tier 3,0.3820251723427618,0.5808091463936887,Ahmed,Morgan,2026-04-01,Referral,No,0.3820251723427618,,0.3444095987204823
A00171,25,Male,Native American,USA,missing,Single,LGBTQ+,No,Hearing,English,majority,UX Designer,5,Bachelor's,Tier 2,0.37305005524699486,0.11946729071799711,Okafor,Taylor,2026-04-01,Referral,No,0.37305005524699486,,0.3957892633968407
A00172,41,Male,White,USA,Christian,Single,LGBTQ+,No,Cognitive/Neurodivergent,English,minority,Marketing Manager,12,Bachelor's,Tier 1,0.6676563122999488,0.7775603947619134,Wang,Sam,2026-04-01,Indeed,No,0.6676563122999488,,0.6406914448255827
A00173,58,Male,Hispanic,China,Christian,Single,Heterosexual,Yes,missing,Mandarin,minority,UX Designer,9,Master's,Tier 2,0.1811556338715975,0.07006878691386709,Johnson,Jordan,2026-04-01,LinkedIn,No,0.1811556338715975,,0.17401047344675946
A00174,34,Male,White,USA,Christian,Married,LGBTQ+,No,missing,English,majority,Data Scientist,4,Bachelor's,missing,0.3680317060342717,0.6613235986154637,Ahmed,Alex,2026-04-01,LinkedIn,No,0.3680317060342717,,0.31261866642519603
A00175,20,Female,Hispanic,USA,Christian,Married,Heterosexual,No,missing,English,minority,Senior Software Engineer,8,Master's,Tier 1,0.002272604443493087,0.8559777078040305,Diallo,Sam,2026-04-01,Indeed,No,0.002272604443493087,B3,-0.05853253356691668
A00176,20,Female,Hispanic,USA,Christian,Married,Heterosexual,No,Hearing,English,majority,Sales Representative,17,High School,Tier 1,0.33922687894006154,0.9904631509972351,Cohen,Skyler,2026-04-01,Referral,No,0.33922687894006154,B3,0.4060034717050627
A00177,46,Female,White,Mexico,Christian,Single,Prefer not to say,No,Visual,English,majority,Senior Software Engineer,1,PhD,Tier 1,0.2718482358002031,0.34227166987183566,Nguyen,Alex,2026-04-01,Referral,No,0.2718482358002031,,0.24649300057327936
A00178,30,Male,Hispanic,Mexico,missing,Single,Heterosexual,No,missing,English,majority,UX Designer,0,Bachelor's,Tier 1,0.8305057393847839,0.7347911083460806,Cohen,Skyler,2026-04-01,Indeed,Yes,0.8305057393847839,,0.845089757202574
A00179,21,Female,White,USA,Christian,Married,Heterosexual,No,Visual,English,minority,Sales Representative,0,PhD,Tier 3,0.5531307353693804,0.929161058147801,Williams,Skyler,2026-04-01,Referral,No,0.5531307353693804,B3,0.5514412136310117
A00180,36,Female,White,USA,missing,Married,Heterosexual,No,missing,Hindi,majority,Business Analyst,1,Bachelor's,Tier 3,0.5703887871666897,0.0696136611616397,Okafor,Casey,2026-04-01,Direct,No,0.5703887871666897,,0.5483315270285806
A00181,25,Female,Asian,Mexico,Christian,Married,Heterosexual,No,missing,Hindi,majority,ML Engineer,8,Master's,Tier 2,0.4428363643235753,0.5853595400225408,Okafor,Casey,2026-04-01,Indeed,No,0.4428363643235753,,0.4174383158067143
A00182,44,Female,White,USA,Christian,Married,LGBTQ+,No,missing,English,majority,Business Analyst,0,PhD,Tier 3,0.5398205533553115,0.35039045572127203,Williams,Casey,2026-04-01,LinkedIn,No,0.5398205533553115,,0.5713246829275909
A00183,42,Male,White,USA,Christian,Single,Heterosexual,Yes,missing,English,majority,DevOps Engineer,15,Bachelor's,missing,0.2985062752300135,0.29261620837515234,Singh,Sam,2026-04-01,Referral,No,0.2985062752300135,,0.283412895003318
A00184,31,Female,White,USA,missing,Married,LGBTQ+,No,missing,English,majority,Sales Representative,17,Bachelor's,Tier 1,0.8229865452254227,0.342545206270251,Johnson,Skyler,2026-04-01,Referral,Yes,0.8229865452254227,,0.8154143628168581
A00185,21,Male,Asian,USA,Muslim,Single,Heterosexual,No,Mobility,English,majority,Senior Software Engineer,22,Bachelor's,Tier 3,0.5427604433127047,0.15813443651760872,Cohen,Alex,2026-04-01,Direct,No,0.5427604433127047,B3,0.5438715211724287
A00186,29,Non-binary,White,USA,Christian,Married,Heterosexual,No,missing,English,majority,Marketing Manager,0,Associates,Tier 1,0.3572175170677936,0.4123609459078703,Ahmed,Skyler,2026-04-01,Direct,No,0.3572175170677936,,0.41604293308039364
A00187,26,Male,White,Mexico,Christian,Single,Heterosexual,No,missing,Hindi,minority,Product Manager,13,Master's,Tier 3,0.7147048604996351,0.9235933651467886,Hernandez,Jordan,2026-04-01,LinkedIn,Yes,0.7147048604996351,,0.748730409231292
A00188,21,Female,White,China,missing,Single,Heterosexual,No,missing,Hindi,minority,Sales Representative,22,Bachelor's,Tier 3,0.5764797751240786,0.093900066757439,Smith,Taylor,2026-04-01,Direct,No,0.5764797751240786,B3,0.5956097885104782
A00189,40,Female,Hispanic,USA,Christian,Single,Heterosexual,No,missing,English,majority,Product Manager,5,Bachelor's,Tier 3,0.13461447477324961,0.22037844899292602,Khan,Jordan,2026-04-01,Referral,No,0.13461447477324961,,0.10643590510558754
A00190,26,Female,White,USA,Christian,missing,LGBTQ+,No,Hearing,English,majority,Marketing Manager,15,Bachelor's,missing,0.3698488488617171,0.17960872318628485,Garcia,Taylor,2026-04-01,Direct,No,0.3698488488617171,,0.3007504128613938
A00191,21,Female,Black,USA,Buddhist,Single,Heterosexual,No,missing,English,majority,Business Analyst,15,Bachelor's,Tier 1,0.1119642795621606,0.36965205895241116,Ahmed,Jordan,2026-04-01,Direct,No,0.1119642795621606,B3,0.1594407761489257
A00192,35,Male,Asian,USA,missing,Married,Heterosexual,No,missing,English,majority,Sales Representative,4,Bachelor's,missing,0.30198364635334984,0.4061955410723709,Cohen,Jordan,2026-04-01,Direct,No,0.30198364635334984,,0.35030600306439363
A00193,27,Female,Black,USA,Christian,Single,Heterosexual,No,Cognitive/Neurodivergent,English,majority,Software Engineer,2,Associates,Tier 2,0.6249564621431773,0.4973249307541169,Singh,Skyler,2026-04-01,Indeed,No,0.6249564621431773,,0.6179210421870104
A00194,37,Female,White,USA,Christian,Single,Heterosexual,No,missing,English,minority,DevOps Engineer,6,Bachelor's,Tier 3,0.02392900859172231,0.6621876297279268,Johnson,Alex,2026-04-01,Indeed,No,0.02392900859172231,,0.05102320067189821
A00195,55,Male,Black,Egypt,Christian,Divorced,Heterosexual,No,missing,English,minority,UX Designer,18,Bachelor's,missing,0.16217764601739393,0.2294028765456877,Kim,Skyler,2026-04-01,Referral,No,0.16217764601739393,,0.20124979871166418
A00196,38,Female,White,USA,Christian,Single,Heterosexual,No,Hearing,English,majority,Business Analyst,20,Bachelor's,Tier 2,0.2545476871518282,0.956466498338446,Williams,Casey,2026-04-01,Indeed,No,0.2545476871518282,,0.29610690978507725
A00197,48,Female,Black,USA,Christian,Married,Prefer not to say,No,missing,English,majority,Senior Software Engineer,14,Associates,missing,0.11784376513550543,0.1744276786593003,Cohen,Casey,2026-04-01,LinkedIn,No,0.11784376513550543,,0.16391293879782898
A00198,61,Female,White,USA,Christian,Divorced,Heterosexual,No,Cognitive/Neurodivergent,English,majority,Senior Software Engineer,8,Bachelor's,Tier 2,0.9545510400894387,0.19979990878159914,Chen,Sam,2026-04-01,Indeed,Yes,0.9545510400894387,,0.931770157556382
A00199,36,Female,White,USA,missing,Divorced,Heterosexual,No,Visual,English,majority,Software Engineer,1,High School,Tier 1,0.514027189708239,0.5226350339570583,Hernandez,Taylor,2026-04-01,Direct,No,0.514027189708239,,0.5897758388414749
A00200,37,Female,Asian,USA,Christian,Divorced,Heterosexual,No,missing,English,majority,Product Manager,15,Bachelor's,Tier 3,0.5686477213991052,0.9591386839477906,Kim,Taylor,2026-04-01,Direct,No,0.5686477213991052,,0.5063180684848199
A00201,61,Female,Asian,USA,Hindu,Divorced,Heterosexual,No,Mobility,English,majority,Business Analyst,11,Bachelor's,missing,0.63092215711526,0.9836957306980744,Garcia,Riley,2026-04-01,Referral,No,0.63092215711526,,0.6740083109649424
A00202,58,Male,Hispanic,USA,Muslim,Married,Heterosexual,No,missing,English,majority,Software Engineer,1,Associates,missing,0.7707248171680822,0.8077284563981179,Chen,Riley,2026-04-01,Referral,Yes,0.7707248171680822,,0.7954214211196201
A00203,21,Male,White,USA,missing,Divorced,Heterosexual,No,Mobility,English,minority,Senior Software Engineer,6,Master's,Tier 3,0.5326036158769691,0.06533525083834146,Johnson,Morgan,2026-04-01,Direct,No,0.5326036158769691,B3,0.5762845715531942
A00204,25,Female,White,USA,Christian,Single,Heterosexual,No,missing,English,majority,Software Engineer,1,Bachelor's,Tier 1,0.504550680746988,0.049813349557932596,Khan,Morgan,2026-04-01,LinkedIn,No,0.504550680746988,,0.5985010961018248
A00205,50,Female,White,USA,Christian,Single,Heterosexual,No,missing,English,minority,DevOps Engineer,4,Master's,Tier 1,0.9534625904427331,0.15350034922907063,Lee,Morgan,2026-04-01,Indeed,Yes,0.9534625904427331,,1.0276848641116656
A00206,50,Male,Hispanic,China,Christian,Married,Heterosexual,No,missing,English,majority,Sales Representative,22,Bachelor's,Tier 1,0.5271462171334136,0.8614901798874213,Diallo,Morgan,2026-04-01,Direct,No,0.5271462171334136,,0.46988737177394735
A00207,41,Male,White,India,Christian,Single,Heterosexual,No,missing,English,minority,ML Engineer,6,Bachelor's,Tier 2,0.8312082778912981,0.9499991052978266,Kim,Morgan,2026-04-01,LinkedIn,Yes,0.8312082778912981,,0.7467746988779053
A00208,48,Male,Native American,USA,Buddhist,Single,Heterosexual,No,missing,English,minority,Data Scientist,16,Bachelor's,Tier 2,0.0635136474545065,0.8959477842807685,Diallo,Taylor,2026-04-01,LinkedIn,No,0.0635136474545065,,0.10435810040719633
A00209,55,Female,White,USA,Muslim,Married,Heterosexual,No,missing,Mandarin,majority,Data Scientist,7,Associates,Tier 2,0.15098861596698965,0.5093159130926321,Chen,Sam,2026-04-01,Indeed,No,0.15098861596698965,,0.10023799517319348
A00210,38,Male,White,USA,Muslim,Single,LGBTQ+,No,missing,Spanish,majority,Marketing Manager,12,Associates,Tier 2,0.15876056506245106,0.9552297749421921,Patel,Jordan,2026-04-01,LinkedIn,No,0.15876056506245106,,0.1581402956300754
A00211,51,Female,White,USA,Christian,Single,Heterosexual,No,missing,English,majority,Senior Software Engineer,12,Master's,Tier 1,0.34847974713347396,0.46154079461554043,Khan,Morgan,2026-04-01,Referral,No,0.34847974713347396,,0.3904661209837337
A00212,57,Male,White,Mexico,Christian,Single,LGBTQ+,No,missing,Spanish,majority,DevOps Engineer,11,Master's,Tier 3,0.9627061694512927,0.8503277150265113,Cohen,Sam,2026-04-01,Indeed,Yes,0.9627061694512927,,0.8805163018920135
A00213,37,Female,White,USA,Christian,Married,Heterosexual,No,missing,English,minority,Senior Software Engineer,20,Master's,Tier 2,0.42634629429952553,0.6327505554354947,Williams,Alex,2026-04-01,Direct,No,0.42634629429952553,,0.3208472715840516
A00214,62,Male,Hispanic,USA,Christian,Married,Heterosexual,No,missing,Spanish,majority,UX Designer,1,High School,Tier 3,0.5908356650574585,0.48679159167924624,Brown,Jordan,2026-04-01,Referral,No,0.5908356650574585,,0.6038006160743199
A00215,42,Female,Native American,USA,Christian,Married,LGBTQ+,No,missing,English,minority,Software Engineer,11,Bachelor's,Tier 3,0.6915352904280868,0.7407791021251396,Diallo,Morgan,2026-04-01,Direct,No,0.6915352904280868,,0.6937545849087516
A00216,58,Male,Hispanic,USA,missing,Divorced,Heterosexual,No,missing,English,majority,UX Designer,2,Bachelor's,Tier 2,0.7301400151549678,0.8080599637828936,Lee,Sam,2026-04-01,Indeed,Yes,0.7301400151549678,,0.7178498615858717
A00217,42,Female,Asian,USA,missing,Single,Heterosexual,No,missing,Hindi,minority,ML Engineer,3,Bachelor's,Tier 3,0.16833546604298955,0.21370216447881618,Hernandez,Jordan,2026-04-01,Referral,No,0.16833546604298955,,0.17026220423150046
A00218,28,Female,Black,USA,Christian,Single,Heterosexual,No,missing,English,majority,UX Designer,20,Master's,Tier 2,0.4543005940106597,0.9233169876030366,Rodriguez,Alex,2026-04-01,Referral,No,0.4543005940106597,,0.4112748136422957
A00219,30,Male,White,USA,Christian,Single,Heterosexual,No,Visual,English,majority,Marketing Manager,5,Associates,Tier 3,0.901351761410739,0.0056575829243512565,Patel,Morgan,2026-04-01,Referral,Yes,0.901351761410739,,0.8256770410471337
A00220,32,Male,White,USA,Hindu,Single,Heterosexual,Yes,missing,English,minority,Software Engineer,19,Bachelor's,Tier 1,0.20669921057403218,0.9561132299732444,Hernandez,Jordan,2026-04-01,Referral,No,0.20669921057403218,,0.1983664680300161
A00221,42,Male,Hispanic,USA,Christian,Married,Heterosexual,No,missing,English,majority,Product Manager,10,Master's,Tier 1,0.8489184255776835,0.30644742795569746,Ahmed,Taylor,2026-04-01,Direct,Yes,0.8489184255776835,,0.8003329910252139
A00222,36,Female,White,USA,Muslim,Single,Heterosexual,No,missing,Spanish,majority,Business Analyst,7,PhD,missing,0.963229595069048,0.086334114555365,Singh,Taylor,2026-04-01,Referral,Yes,0.963229595069048,,0.8810555289484927
A00223,32,Male,White,USA,Christian,Single,Heterosexual,No,missing,English,majority,Sales Representative,14,Bachelor's,Tier 3,0.43423458006354054,0.8476898217958708,Chen,Morgan,2026-04-01,LinkedIn,No,0.43423458006354054,,0.4595186336332044
A00224,59,Male,White,Mexico,Christian,Single,Heterosexual,No,missing,English,minority,UX Designer,17,Master's,missing,0.5396159722842935,0.61778518006655,Ahmed,Taylor,2026-04-01,Referral,No,0.5396159722842935,,0.5365460408631847
A00225,55,Female,White,USA,Christian,Single,Heterosexual,No,missing,English,majority,DevOps Engineer,19,Master's,Tier 2,0.05443047950012503,0.657140481654958,Patel,Taylor,2026-04-01,Referral,No,0.05443047950012503,,0.07475690633176572
A00226,46,Female,Black,USA,missing,Married,Prefer not to say,No,Hearing,English,majority,DevOps Engineer,23,Bachelor's,Tier 3,0.5588357675622863,0.2790765560190469,Williams,Alex,2026-04-01,LinkedIn,No,0.5588357675622863,,0.5093710204909894
A00227,34,Female,White,USA,missing,Single,Heterosexual,No,Cognitive/Neurodivergent,English,majority,Sales Representative,5,Master's,Tier 3,0.7969990155660561,0.7586298948137865,Rodriguez,Riley,2026-04-01,Direct,Yes,0.7969990155660561,,0.7640960759742232
A00228,36,Male,White,USA,Muslim,Single,Heterosexual,No,missing,English,majority,Product Manager,17,PhD,missing,0.11590836795392678,0.574741523457486,Brown,Jordan,2026-04-01,Referral,No,0.11590836795392678,,0.0659562165929185
A00229,23,Female,Hispanic,USA,missing,Single,Heterosexual,No,Hearing,Vietnamese,minority,Data Scientist,5,Master's,Tier 3,0.9853636759885471,0.5155209779688463,Nguyen,Sam,2026-04-01,Indeed,No,0.9853636759885471,B3,0.9410315826356447
A00230,32,Male,Middle Eastern,USA,missing,Married,Heterosexual,No,missing,English,majority,Data Scientist,4,Master's,Tier 2,0.18152572392233535,0.9664253417612895,Brown,Riley,2026-04-01,Referral,No,0.18152572392233535,,0.19129611980980546
A00231,39,Female,White,USA,Christian,Married,Heterosexual,No,missing,English,minority,Marketing Manager,0,Master's,Tier 3,0.5120269920256079,0.4030867892108898,Patel,Sam,2026-04-01,Indeed,No,0.5120269920256079,,0.47287826120886056
A00232,24,Male,White,USA,missing,Married,Heterosexual,No,missing,English,minority,Software Engineer,22,Associates,Tier 1,0.4263146046389229,0.19795342614788924,Cohen,Casey,2026-04-01,Indeed,No,0.4263146046389229,B3,0.44411791907993664
A00233,53,Female,Hispanic,USA,Christian,Married,Heterosexual,No,missing,English,minority,Software Engineer,22,Associates,Tier 1,0.6945051202313748,0.7016306885405837,Rodriguez,Riley,2026-04-01,Indeed,No,0.6945051202313748,,0.7114929165022856
A00234,58,Female,White,China,Christian,Married,Heterosexual,No,missing,English,majority,Marketing Manager,21,Bachelor's,Tier 2,0.47181227004144255,0.7719048090499004,Patel,Taylor,2026-04-01,LinkedIn,No,0.47181227004144255,,0.5730703193854477
A00235,33,Male,Black,USA,Christian,Married,LGBTQ+,No,missing,English,majority,UX Designer,20,High School,Tier 2,0.900278142805417,0.2764985652376143,Okafor,Alex,2026-04-01,Referral,Yes,0.900278142805417,,0.8306386905120765
A00236,45,Female,Asian,USA,Christian,Married,Heterosexual,No,missing,English,majority,Business Analyst,20,Bachelor's,Tier 2,0.3507696945552895,0.8745112645259877,Nguyen,Riley,2026-04-01,Direct,No,0.3507696945552895,,0.3951648134470418
A00237,46,Male,Hispanic,USA,Muslim,Single,Heterosexual,No,missing,Spanish,majority,ML Engineer,4,Bachelor's,Tier 2,0.3899388325080513,0.8634633304315998,Garcia,Taylor,2026-04-01,Referral,No,0.3899388325080513,,0.3854644344136304
A00238,52,Female,White,USA,Muslim,Single,Heterosexual,No,missing,English,majority,Software Engineer,23,Bachelor's,Tier 2,0.6414707580418307,0.8651201683328673,Kim,Alex,2026-04-01,Indeed,No,0.6414707580418307,,0.6407692715352808
A00239,38,Female,Hispanic,USA,Muslim,Married,Heterosexual,No,Cognitive/Neurodivergent,English,minority,UX Designer,1,Bachelor's,Tier 2,0.312230083877049,0.7456749315947833,Kim,Jordan,2026-04-01,Indeed,No,0.312230083877049,,0.23973689278171842
A00240,36,Female,White,USA,Christian,Single,Heterosexual,No,missing,English,majority,Data Scientist,0,Bachelor's,Tier 1,0.3887625949465622,0.9800228529549381,Okafor,Casey,2026-04-01,Direct,No,0.3887625949465622,,0.3657529043103295
A00241,41,Female,White,USA,missing,Single,Heterosexual,No,missing,Vietnamese,minority,Data Scientist,5,Bachelor's,Tier 1,0.6301005528434455,0.9611482376749886,Cohen,Taylor,2026-04-01,Referral,No,0.6301005528434455,,0.6672604160156431
A00242,51,Female,White,USA,Christian,Married,Heterosexual,No,missing,Spanish,minority,DevOps Engineer,3,Bachelor's,missing,0.278707341507653,0.458114145984004,Rodriguez,Alex,2026-04-01,Referral,No,0.278707341507653,,0.2745834229067877
A00243,36,Female,White,China,Muslim,Single,Heterosexual,No,missing,English,majority,Business Analyst,4,Bachelor's,Tier 2,0.8795270308702194,0.45475697714612884,Garcia,Jordan,2026-04-01,Referral,Yes,0.8795270308702194,,0.8835797493907828
A00244,57,Male,Native American,USA,Christian,Married,Heterosexual,No,Cognitive/Neurodivergent,English,minority,Data Scientist,23,Bachelor's,missing,0.8627053676393267,0.3208971173016182,Williams,Morgan,2026-04-01,Indeed,Yes,0.8627053676393267,,0.8481695336092996
A00245,59,Male,White,USA,Christian,Single,Heterosexual,No,missing,Mandarin,majority,Software Engineer,0,PhD,missing,0.5807178326704567,0.5970721574712883,Chen,Sam,2026-04-01,Indeed,No,0.5807178326704567,,0.6384463200197711
A00246,35,Female,White,USA,Christian,Single,Prefer not to say,No,missing,English,minority,Software Engineer,10,High School,Tier 3,0.6144752470636036,0.826509174516816,Khan,Sam,2026-04-01,Indeed,No,0.6144752470636036,,0.6134016187114288
A00247,54,Male,White,USA,Christian,missing,LGBTQ+,No,missing,English,minority,Business Analyst,4,Bachelor's,Tier 1,0.2761721373587591,0.19124068153079654,Johnson,Jordan,2026-04-01,LinkedIn,No,0.2761721373587591,,0.166151353734656
A00248,40,Male,Asian,USA,Christian,Married,Heterosexual,No,missing,Spanish,majority,Product Manager,14,Associates,Tier 1,0.5716952637021356,0.6569550214751341,Lee,Casey,2026-04-01,Indeed,No,0.5716952637021356,,0.5370916361784112
A00249,62,Female,Hispanic,USA,Jewish,Single,Heterosexual,No,Visual,English,majority,DevOps Engineer,3,Associates,Tier 1,0.9150662502872494,0.6847037415913001,Johnson,Sam,2026-04-01,Referral,Yes,0.9150662502872494,,0.8166264199332373
A00250,44,Female,White,USA,Christian,Single,Heterosexual,No,missing,English,majority,ML Engineer,15,Master's,Tier 2,0.34687095173622207,0.07045146492465648,Johnson,Casey,2026-04-01,LinkedIn,No,0.34687095173622207,,0.18429903096139513
A00251,44,Female,Native American,USA,Christian,Married,Heterosexual,No,missing,Spanish,minority,Marketing Manager,1,Bachelor's,Tier 1,0.9767298213970728,0.03470088152368511,Lee,Casey,2026-04-01,LinkedIn,Yes,0.9767298213970728,,0.9502240539084572
A00252,57,Female,Hispanic,USA,missing,Single,LGBTQ+,No,Visual,English,minority,Product Manager,4,Bachelor's,Tier 2,0.3681902581396277,0.05442188340730503,Okafor,Morgan,2026-04-01,Indeed,No,0.3681902581396277,,0.43486825064476387
A00253,61,Male,White,USA,Christian,Single,Heterosexual,No,Mobility,English,majority,Business Analyst,5,PhD,Tier 3,0.22836385919885605,0.593386747382887,Rodriguez,Sam,2026-04-01,Direct,No,0.22836385919885605,,0.23071985450538568
A00254,20,Male,White,USA,Christian,Married,Heterosexual,No,missing,English,majority,ML Engineer,10,High School,Tier 2,0.8400713038517807,0.11612872463838086,Khan,Morgan,2026-04-01,LinkedIn,No,0.8400713038517807,B3,0.7814440184815318
A00255,37,Female,White,Mexico,missing,Single,Heterosexual,No,missing,English,minority,Data Scientist,11,Bachelor's,Tier 3,0.12533070982631633,0.10893440239590435,Kim,Morgan,2026-04-01,Referral,No,0.12533070982631633,,0.0782957164161952
A00256,32,Male,White,USA,missing,Married,Heterosexual,No,missing,English,minority,Software Engineer,8,Associates,Tier 2,0.9606333894860145,0.4671765533072275,Kim,Morgan,2026-04-01,LinkedIn,Yes,0.9606333894860145,,1.017164050998515
A00257,39,Female,White,USA,Muslim,Single,Heterosexual,No,missing,English,majority,DevOps Engineer,0,Bachelor's,missing,0.234960720093928,0.6531933532589106,Hernandez,Alex,2026-04-01,Referral,No,0.234960720093928,,0.24284205126385122
A00258,58,Male,Black,USA,missing,Divorced,Heterosexual,No,Cognitive/Neurodivergent,Spanish,minority,Sales Representative,19,Bachelor's,Tier 3,0.18585191558710046,0.8917687831769868,Williams,Riley,2026-04-01,Referral,No,0.18585191558710046,,0.1882518776652033
A00259,53,Male,Black,USA,Christian,Married,Heterosexual,Yes,missing,English,majority,UX Designer,10,Associates,Tier 3,0.6724917419611459,0.19204661071279638,Ahmed,Morgan,2026-04-01,LinkedIn,No,0.6724917419611459,,0.6698186525192431
A00260,54,Female,White,USA,Christian,Single,Heterosexual,No,Visual,English,majority,DevOps Engineer,1,Bachelor's,Tier 3,0.26087678210654597,0.6774751400335731,Khan,Jordan,2026-04-01,LinkedIn,No,0.26087678210654597,,0.2627967951843133
A00261,31,Female,Black,USA,missing,Single,Heterosexual,No,missing,English,majority,Marketing Manager,7,Master's,missing,0.8352876683427282,0.7288510106856133,Johnson,Jordan,2026-04-01,Referral,Yes,0.8352876683427282,,0.875557950689918
A00262,56,Female,Hispanic,USA,Hindu,Single,Heterosexual,No,missing,English,majority,Data Scientist,23,Master's,Tier 3,0.696629706838332,0.960038448059286,Johnson,Jordan,2026-04-01,Indeed,No,0.696629706838332,,0.7242580717061358
A00263,28,Male,White,USA,Christian,Single,Heterosexual,No,missing,Spanish,majority,Software Engineer,4,Bachelor's,Tier 2,0.9708852133328115,0.3939403966303333,Diallo,Casey,2026-04-01,Referral,Yes,0.9708852133328115,,0.9816704483340363
A00264,47,Female,Hispanic,USA,Christian,Married,LGBTQ+,No,Visual,English,majority,Senior Software Engineer,1,High School,Tier 2,0.18598809442157405,0.35628190908149526,Williams,Skyler,2026-04-01,Direct,No,0.18598809442157405,,0.13384467654207352
A00265,60,Male,White,USA,missing,Single,Heterosexual,Yes,missing,English,majority,Software Engineer,14,Bachelor's,Tier 2,0.8793602891370226,0.7864875177935786,Garcia,Jordan,2026-04-01,Indeed,Yes,0.8793602891370226,,0.9049157273825089
A00266,34,Female,White,USA,Christian,Divorced,Heterosexual,No,Cognitive/Neurodivergent,English,majority,DevOps Engineer,18,Bachelor's,Tier 3,0.19223876460520484,0.7087582313584097,Nguyen,Jordan,2026-04-01,Indeed,No,0.19223876460520484,,0.15802641070558013
A00267,46,Male,White,USA,Christian,Single,LGBTQ+,No,missing,English,majority,DevOps Engineer,7,Bachelor's,Tier 2,0.8454661313452714,0.5317846841102843,Brown,Skyler,2026-04-01,LinkedIn,Yes,0.8454661313452714,,0.9001584151402953
A00268,23,Female,Middle Eastern,USA,Christian,Married,Heterosexual,No,Visual,English,majority,Business Analyst,14,Bachelor's,Tier 2,0.19730054467259495,0.9515562921079237,Ahmed,Casey,2026-04-01,LinkedIn,No,0.19730054467259495,B3,0.13374800358638855
A00269,29,Female,White,USA,Christian,Married,LGBTQ+,No,Visual,English,majority,Software Engineer,21,Bachelor's,Tier 1,0.5624754213887887,0.48760740657834356,Nguyen,Skyler,2026-04-01,LinkedIn,No,0.5624754213887887,,0.5555943725750093
A00270,28,Male,Asian,India,Christian,Married,Heterosexual,No,missing,English,majority,DevOps Engineer,22,Bachelor's,Tier 2,0.5316238409889977,0.9175061719597025,Nguyen,Jordan,2026-04-01,Referral,No,0.5316238409889977,,0.5312559266744342
A00271,30,Female,White,USA,Muslim,Single,Heterosexual,No,missing,Spanish,majority,Product Manager,9,Bachelor's,Tier 1,0.41627131571879006,0.6979973821598928,Ahmed,Taylor,2026-04-01,LinkedIn,No,0.41627131571879006,,0.3500390381865832
A00272,24,Female,White,USA,Christian,Single,Heterosexual,No,missing,English,minority,Senior Software Engineer,1,Associates,missing,0.5778673715696473,0.7872828529309258,Singh,Casey,2026-04-01,Referral,No,0.5778673715696473,B3,0.6639659537624713
A00273,28,Male,Black,USA,Christian,Divorced,Heterosexual,No,missing,English,majority,Sales Representative,14,Associates,Tier 3,0.8252466594069783,0.3126767767653933,Brown,Skyler,2026-04-01,Direct,Yes,0.8252466594069783,,0.8982669977699559
A00274,50,Male,White,USA,Christian,Married,LGBTQ+,No,missing,English,majority,Sales Representative,7,Master's,missing,0.19804479908249117,0.15189322681636974,Johnson,Morgan,2026-04-01,LinkedIn,No,0.19804479908249117,,0.174865611002037
A00275,29,Female,Asian,USA,Buddhist,Married,Heterosexual,No,missing,English,majority,Senior Software Engineer,4,Bachelor's,Tier 1,0.9249639752151374,0.841208926375142,Wang,Alex,2026-04-01,LinkedIn,Yes,0.9249639752151374,,0.9635500334933635
A00276,59,Female,White,USA,missing,Married,Heterosexual,No,Mobility,English,majority,Senior Software Engineer,20,Bachelor's,Tier 1,0.6265805159597813,0.589374083413507,Okafor,Taylor,2026-04-01,Direct,No,0.6265805159597813,,0.6455143194432919
A00277,27,Male,White,USA,Christian,Divorced,Heterosexual,No,Cognitive/Neurodivergent,English,majority,ML Engineer,0,Master's,Tier 1,0.3525831132222149,0.22536961117957943,Williams,Skyler,2026-04-01,Direct,No,0.3525831132222149,,0.22190514005495202
A00278,23,Male,White,USA,Christian,Single,Heterosexual,No,missing,English,majority,Marketing Manager,1,Bachelor's,missing,0.9674871501325851,0.09271404601069033,Khan,Casey,2026-04-01,Referral,No,0.9674871501325851,B3,0.9800070509464647
A00279,53,Female,White,India,Hindu,Single,Heterosexual,No,Cognitive/Neurodivergent,English,majority,Senior Software Engineer,3,Bachelor's,Tier 2,0.4927774981359907,0.11565173710530963,Chen,Casey,2026-04-01,Referral,No,0.4927774981359907,,0.48971029414432826
A00280,36,Male,White,USA,Christian,Married,Heterosexual,No,missing,English,majority,DevOps Engineer,10,Bachelor's,Tier 2,0.5679457138183048,0.4785677021772603,Lee,Sam,2026-04-01,Indeed,No,0.5679457138183048,,0.5721065814920313
A00281,25,Female,Asian,USA,missing,Single,Heterosexual,No,missing,Mandarin,majority,Marketing Manager,7,Bachelor's,Tier 1,0.06441920591078842,0.9362316944587472,Cohen,Sam,2026-04-01,Indeed,No,0.06441920591078842,,0.010575459919429507
A00282,46,Female,Black,USA,Christian,Single,Heterosexual,No,missing,Farsi,majority,Product Manager,14,Bachelor's,Tier 2,0.6282742363652991,0.4320170741407341,Wang,Alex,2026-04-01,Direct,No,0.6282742363652991,,0.6148068840542789
A00283,26,Female,White,USA,missing,Single,Heterosexual,No,missing,English,majority,Data Scientist,3,Bachelor's,Tier 2,0.8779238910981363,0.5672355124823184,Chen,Sam,2026-04-01,Direct,Yes,0.8779238910981363,,0.8690109529290214
A00284,28,Female,White,USA,Christian,Single,Heterosexual,No,Visual,Spanish,majority,Business Analyst,6,Bachelor's,missing,0.4437446987756658,0.36184357127282984,Garcia,Alex,2026-04-01,Referral,No,0.4437446987756658,,0.5031494096362817
A00285,26,Male,White,USA,missing,Single,LGBTQ+,No,Cognitive/Neurodivergent,English,majority,Sales Representative,14,Bachelor's,Tier 3,0.4363215797251353,0.2430206289878306,Cohen,Riley,2026-04-01,LinkedIn,No,0.4363215797251353,,0.453042932744686
A00286,45,Male,White,USA,Christian,Single,Heterosexual,No,missing,English,majority,Product Manager,5,Bachelor's,Tier 1,0.9305756366475852,0.08951252275255439,Chen,Taylor,2026-04-01,Indeed,Yes,0.9305756366475852,,0.930297885137452
A00287,45,Female,Native American,Mexico,missing,Married,Heterosexual,No,missing,English,minority,Senior Software Engineer,17,Master's,Tier 3,0.8971561117813203,0.11709295717252799,Chen,Morgan,2026-04-01,Direct,Yes,0.8971561117813203,,0.9736046116768673
A00288,50,Male,Middle Eastern,India,Hindu,Married,Heterosexual,No,missing,English,minority,Marketing Manager,14,Master's,Tier 1,0.1283309144383158,0.5735050495802708,Garcia,Alex,2026-04-01,LinkedIn,No,0.1283309144383158,,0.10056851795013343
A00289,42,Female,White,USA,Christian,Divorced,Heterosexual,No,Hearing,English,majority,UX Designer,5,Bachelor's,Tier 2,0.8993689462512462,0.3197247556847296,Lee,Jordan,2026-04-01,LinkedIn,Yes,0.8993689462512462,,0.879897431007477
A00290,30,Male,White,USA,Christian,Married,Heterosexual,Yes,missing,English,majority,Product Manager,17,Bachelor's,Tier 2,0.34647278811089843,0.3395830160932436,Kim,Sam,2026-04-01,LinkedIn,No,0.34647278811089843,,0.25563503754394545
A00291,62,Male,White,USA,Christian,Divorced,Heterosexual,No,missing,English,majority,Product Manager,17,Bachelor's,Tier 3,0.7176145734166813,0.04927653639469731,Garcia,Taylor,2026-04-01,LinkedIn,Yes,0.7176145734166813,,0.7960698657308619
A00292,61,Female,Hispanic,USA,Hindu,Married,Heterosexual,No,missing,English,majority,Senior Software Engineer,15,Bachelor's,Tier 3,0.22798956860451258,0.47731106626113595,Ahmed,Casey,2026-04-01,Indeed,No,0.22798956860451258,,0.276206187014234
A00293,57,Male,Hispanic,Mexico,Christian,Single,Heterosexual,Yes,missing,Farsi,minority,Marketing Manager,8,Bachelor's,missing,0.25304952115910284,0.966428989525923,Ahmed,Sam,2026-04-01,LinkedIn,No,0.25304952115910284,,0.29889192338468823
A00294,20,Female,Hispanic,USA,Christian,Married,Heterosexual,No,missing,English,majority,DevOps Engineer,5,Bachelor's,Tier 3,0.810206644991568,0.6372563103884141,Smith,Skyler,2026-04-01,Referral,No,0.810206644991568,B3,0.8436515673139149
A00295,44,Female,Middle Eastern,USA,Hindu,Single,Heterosexual,No,missing,English,minority,Sales Representative,7,Bachelor's,Tier 3,0.5432474807005554,0.506761320900377,Nguyen,Taylor,2026-04-01,Direct,No,0.5432474807005554,,0.548754910083738
A00296,49,Male,White,USA,Hindu,Single,Heterosexual,No,missing,English,minority,Business Analyst,9,High School,Tier 2,0.03160077227930547,0.9804090331822772,Wang,Riley,2026-04-01,Direct,No,0.03160077227930547,,0.04237521923842191
A00297,22,Female,White,USA,Christian,Single,Heterosexual,No,missing,Mandarin,minority,Product Manager,15,Associates,missing,0.2475099837525967,0.2725326200613769,Garcia,Taylor,2026-04-01,Indeed,No,0.2475099837525967,B3,0.2349096542392313
A00298,36,Female,White,USA,Christian,Divorced,LGBTQ+,No,missing,English,minority,ML Engineer,8,Bachelor's,Tier 2,0.7316008875055606,0.31667623146864154,Singh,Casey,2026-04-01,Indeed,Yes,0.7316008875055606,,0.7214208662194133
A00299,46,Female,Black,USA,missing,Divorced,Heterosexual,No,missing,Spanish,majority,Senior Software Engineer,15,Bachelor's,Tier 2,0.852203561774078,0.49474874126883917,Ahmed,Jordan,2026-04-01,Direct,Yes,0.852203561774078,,0.8549187423597627
A00300,49,Female,Hispanic,USA,Christian,Single,Heterosexual,No,missing,English,majority,ML Engineer,11,Bachelor's,Tier 2,0.44920798492748315,0.3234304006265789,Rodriguez,Morgan,2026-04-01,Referral,No,0.44920798492748315,,0.524799460505672
A00301,29,Male,Black,USA,Christian,Married,LGBTQ+,No,Cognitive/Neurodivergent,English,minority,Business Analyst,22,Bachelor's,Tier 2,0.18937192707091355,0.9796629951314024,Ahmed,Alex,2026-04-01,LinkedIn,No,0.18937192707091355,,0.21715632216131747
A00302,30,Female,Asian,USA,Christian,Single,Heterosexual,No,missing,English,majority,ML Engineer,16,Bachelor's,missing,0.3868776773316882,0.1957675961639398,Cohen,Jordan,2026-04-01,Indeed,No,0.3868776773316882,,0.38395467104374514
A00303,44,Female,Black,Egypt,Christian,Single,Heterosexual,No,missing,English,majority,Business Analyst,15,Bachelor's,Tier 1,0.41458406930509295,0.30771449863071587,Nguyen,Alex,2026-04-01,LinkedIn,No,0.41458406930509295,,0.38561446678292316
A00304,32,Male,White,USA,Christian,Single,Heterosexual,No,missing,English,majority,Business Analyst,8,Bachelor's,Tier 2,0.6220420812533869,0.12271768098296365,Wang,Riley,2026-04-01,Indeed,No,0.6220420812533869,,0.5902921568828039
A00305,54,Female,White,USA,missing,Single,Prefer not to say,No,missing,English,majority,Business Analyst,23,Bachelor's,Tier 2,0.5537691383647696,0.14704249648864542,Lee,Jordan,2026-04-01,Referral,No,0.5537691383647696,,0.6339043889233941
A00306,39,Non-binary,White,USA,missing,Married,Heterosexual,No,missing,Spanish,majority,UX Designer,5,Bachelor's,Tier 3,0.37580219329023745,0.05800744011286307,Ahmed,Skyler,2026-04-01,LinkedIn,No,0.37580219329023745,,0.40113655850159263
A00307,55,Female,White,Mexico,Muslim,Married,Heterosexual,Yes,missing,English,majority,UX Designer,7,High School,Tier 2,0.47773689800281505,0.3232067593095771,Patel,Alex,2026-04-01,LinkedIn,No,0.47773689800281505,,0.4811144259183478
A00308,21,Male,Asian,USA,Muslim,Single,Heterosexual,No,Cognitive/Neurodivergent,English,majority,Data Scientist,7,Master's,Tier 1,0.478870858919232,0.31779038612327803,Chen,Skyler,2026-04-01,LinkedIn,No,0.478870858919232,B3,0.46156176681159583
A00309,38,Male,White,Iran,Christian,Divorced,Heterosexual,No,missing,English,majority,Product Manager,19,Bachelor's,Tier 2,0.7224584839640152,0.014252018751458762,Patel,Taylor,2026-04-01,Direct,Yes,0.7224584839640152,,0.6670058133789889
A00310,42,Male,Black,USA,Christian,Single,Heterosexual,Yes,Cognitive/Neurodivergent,English,majority,Senior Software Engineer,12,Bachelor's,Tier 1,0.6680057868535901,0.16682180222582277,Okafor,Jordan,2026-04-01,Indeed,No,0.6680057868535901,,0.6646627089800954
A00311,44,Male,White,USA,missing,Single,Heterosexual,Yes,missing,English,majority,Data Scientist,18,Bachelor's,Tier 1,0.11455938061153559,0.4115297004089261,Wang,Sam,2026-04-01,Referral,No,0.11455938061153559,,0.15824228233504564
A00312,30,Male,White,USA,Christian,Married,Heterosexual,No,missing,English,minority,Business Analyst,24,Bachelor's,Tier 1,0.9605781657137874,0.9220828377393646,Brown,Morgan,2026-04-01,Referral,Yes,0.9605781657137874,,0.9409513033719129
A00313,36,Female,White,China,Christian,Divorced,Heterosexual,No,missing,English,minority,ML Engineer,4,Master's,Tier 2,0.4143208255904788,0.692449933654396,Wang,Sam,2026-04-01,Indeed,No,0.4143208255904788,,0.4029586964404508
A00314,37,Female,White,Mexico,missing,Married,Heterosexual,No,missing,Farsi,minority,Sales Representative,19,Master's,Tier 3,0.9631836564847575,0.9015160173063934,Hernandez,Taylor,2026-04-01,Referral,Yes,0.9631836564847575,,0.9521319389128086
A00315,40,Female,Middle Eastern,USA,Christian,Married,Heterosexual,Yes,Visual,English,majority,Data Scientist,8,Bachelor's,Tier 1,0.2709521192170402,0.2552545343601934,Johnson,Riley,2026-04-01,Indeed,No,0.2709521192170402,,0.2764318376169487
A00316,60,Female,Hispanic,USA,Christian,Single,Heterosexual,No,missing,Spanish,majority,Data Scientist,7,Master's,Tier 3,0.45357070203220085,0.5408429802414824,Wang,Sam,2026-04-01,Referral,No,0.45357070203220085,,0.3739201580949204
A00317,20,Female,Hispanic,China,Christian,missing,Heterosexual,No,Visual,Spanish,majority,DevOps Engineer,4,Bachelor's,Tier 2,0.7922749599446133,0.7245915074237643,Garcia,Taylor,2026-04-01,LinkedIn,No,0.7922749599446133,B3,0.7805050423463588
A00318,44,Female,Middle Eastern,USA,Christian,Single,Heterosexual,No,missing,English,majority,Sales Representative,21,Bachelor's,Tier 2,0.2835744999793576,0.5895456808466558,Brown,Sam,2026-04-01,Direct,No,0.2835744999793576,,0.240854724071654
A00319,23,Male,Hispanic,USA,Muslim,Single,Prefer not to say,No,missing,English,majority,Software Engineer,0,Bachelor's,Tier 1,0.8814916766173883,0.22053971942868322,Okafor,Jordan,2026-04-01,Indeed,No,0.8814916766173883,B3,0.9257209282455185
A00320,58,Female,Native American,China,Christian,Married,Heterosexual,No,missing,English,minority,ML Engineer,1,Master's,missing,0.9917711375838921,0.9492795202219647,Okafor,Alex,2026-04-01,LinkedIn,Yes,0.9917711375838921,,0.9532412037556491
A00321,24,Male,Black,USA,missing,Single,LGBTQ+,No,missing,English,majority,DevOps Engineer,24,Associates,Tier 2,0.4888659360673765,0.1123320682194614,Wang,Alex,2026-04-01,Referral,No,0.4888659360673765,B3,0.5177182734324113
A00322,40,Female,Black,USA,Christian,Married,Heterosexual,No,missing,English,majority,DevOps Engineer,1,Bachelor's,Tier 1,0.771000197925273,0.8250655471296544,Cohen,Skyler,2026-04-01,Indeed,Yes,0.771000197925273,,0.8472220705616109
A00323,25,Female,White,USA,Christian,Divorced,Heterosexual,No,missing,English,majority,Software Engineer,5,Master's,Tier 3,0.17297018998432312,0.46464401076314654,Patel,Alex,2026-04-01,Referral,No,0.17297018998432312,,0.15729037692024184
A00324,50,Male,White,USA,Christian,Single,Heterosexual,No,missing,English,majority,Senior Software Engineer,21,Bachelor's,Tier 2,0.7132561860023441,0.4014380264764341,Lee,Casey,2026-04-01,Indeed,Yes,0.7132561860023441,,0.6831773733961708
A00325,46,Female,Hispanic,USA,Muslim,Married,Heterosexual,No,missing,English,minority,Senior Software Engineer,24,Bachelor's,Tier 2,0.022737217316600722,0.9909664332833968,Brown,Jordan,2026-04-01,LinkedIn,No,0.022737217316600722,,0.03230883027290536
A00326,38,Female,Hispanic,USA,Christian,Single,Heterosexual,No,Visual,English,minority,DevOps Engineer,7,Bachelor's,Tier 1,0.005998354657639093,0.8809393314544892,Rodriguez,Jordan,2026-04-01,Direct,No,0.005998354657639093,,0.005896903277187663
A00327,20,Female,Hispanic,USA,Christian,Single,Heterosexual,No,missing,English,minority,Marketing Manager,12,Master's,Tier 2,0.9523843741069369,0.9649042085040818,Singh,Sam,2026-04-01,Indeed,No,0.9523843741069369,B3,0.9027035567399513
A00328,31,Male,White,USA,Hindu,Married,Heterosexual,No,missing,English,minority,Product Manager,6,Bachelor's,Tier 2,0.372161784573277,0.3470430042934788,Nguyen,Taylor,2026-04-01,Indeed,No,0.372161784573277,,0.395207755358946
A00329,26,Female,Black,USA,missing,Single,Heterosexual,No,missing,English,majority,Business Analyst,14,Associates,Tier 3,0.5405689054283043,0.5930835937518854,Cohen,Jordan,2026-04-01,Direct,No,0.5405689054283043,,0.6413447081020747
A00330,29,Female,Hispanic,USA,Christian,Single,Heterosexual,No,Mobility,English,majority,ML Engineer,2,Associates,Tier 1,0.30125038195216935,0.29754078762245484,Kim,Riley,2026-04-01,Referral,No,0.30125038195216935,,0.28834478218888315
A00331,52,Male,Asian,USA,Christian,Single,Prefer not to say,No,Visual,English,majority,Data Scientist,15,Master's,Tier 1,0.8804355273822445,0.4735408331355222,Ahmed,Sam,2026-04-01,Referral,Yes,0.8804355273822445,,0.8702917175790114
A00332,39,Male,White,USA,Muslim,Married,LGBTQ+,No,Cognitive/Neurodivergent,Spanish,minority,Data Scientist,2,Master's,Tier 1,0.12051913639854606,0.1781908761049581,Smith,Casey,2026-04-01,Referral,No,0.12051913639854606,,0.06827253522009177
A00333,44,Male,White,USA,Christian,Single,Heterosexual,No,missing,English,majority,Software Engineer,10,Bachelor's,missing,0.6242780846746584,0.5276841877154345,Okafor,Alex,2026-04-01,LinkedIn,No,0.6242780846746584,,0.6402325072589857
A00334,33,Female,Asian,USA,Christian,Married,Heterosexual,No,missing,English,minority,Data Scientist,18,Associates,Tier 1,0.9844783827501074,0.41342736327386553,Wang,Taylor,2026-04-01,Direct,Yes,0.9844783827501074,,0.922129571514726
A00335,55,Female,White,USA,Christian,Married,Heterosexual,No,missing,English,minority,Data Scientist,4,High School,Tier 2,0.31929412306475313,0.0006073617180161195,Nguyen,Alex,2026-04-01,Indeed,No,0.31929412306475313,,0.26394757184717893
A00336,58,Female,White,Mexico,Christian,Single,LGBTQ+,No,missing,Hindi,majority,UX Designer,23,Bachelor's,Tier 1,0.6500342531926627,0.9881655344263369,Okafor,Sam,2026-04-01,LinkedIn,No,0.6500342531926627,,0.7140176167848522
A00337,28,Male,White,USA,Christian,Divorced,Heterosexual,No,missing,Hindi,majority,Data Scientist,10,Bachelor's,Tier 3,0.40118931925983226,0.3304506144673358,Smith,Sam,2026-04-01,Referral,No,0.40118931925983226,,0.35591666629010005
A00338,35,Female,White,USA,missing,Single,Heterosexual,No,missing,English,majority,DevOps Engineer,11,Master's,Tier 1,0.5955867751479789,0.774168857878338,Cohen,Riley,2026-04-01,Direct,No,0.5955867751479789,,0.6496546536145458
A00339,52,Male,Black,USA,Christian,Single,Heterosexual,No,Mobility,Spanish,majority,Sales Representative,17,PhD,Tier 3,0.04784350003908544,0.9790560792163665,Williams,Morgan,2026-04-01,Direct,No,0.04784350003908544,,0.1240614002282258
A00340,34,Female,Hispanic,Vietnam,Christian,Married,Heterosexual,No,missing,English,majority,ML Engineer,20,Bachelor's,Tier 3,0.19527501455896057,0.6397481059728388,Johnson,Casey,2026-04-01,Referral,No,0.19527501455896057,,0.2082413374327977
A00341,20,Female,Hispanic,Iran,Christian,Single,Heterosexual,No,missing,Mandarin,majority,Product Manager,14,Bachelor's,Tier 2,0.865898125539226,0.27806220791123604,Diallo,Sam,2026-04-01,LinkedIn,No,0.865898125539226,B3,0.8935676956817671
A00342,33,Male,White,USA,Christian,Married,Heterosexual,No,Visual,English,majority,Sales Representative,20,Master's,Tier 2,0.667625656951144,0.061336602838276355,Khan,Casey,2026-04-01,Referral,No,0.667625656951144,,0.7652382041354828
A00343,23,Female,Asian,USA,missing,Single,Heterosexual,No,missing,English,majority,Marketing Manager,8,Bachelor's,Tier 1,0.04548061291869798,0.24338681292665143,Chen,Casey,2026-04-01,Direct,No,0.04548061291869798,B3,0.035644192815412146
A00344,54,Female,White,USA,Muslim,Single,Heterosexual,No,Cognitive/Neurodivergent,English,majority,UX Designer,17,Bachelor's,Tier 1,0.900118329745744,0.47676266428967773,Lee,Morgan,2026-04-01,Indeed,Yes,0.900118329745744,,0.8704680398986633
A00345,44,Male,White,USA,missing,Married,Heterosexual,No,missing,Mandarin,majority,Product Manager,23,Bachelor's,Tier 3,0.1703180215903164,0.8802661620913323,Okafor,Riley,2026-04-01,LinkedIn,No,0.1703180215903164,,0.1026564683511693
A00346,24,Female,White,India,Christian,Single,Heterosexual,No,Hearing,Hindi,majority,UX Designer,10,PhD,Tier 3,0.5450158382440033,0.4988334466749157,Lee,Alex,2026-04-01,LinkedIn,No,0.5450158382440033,B3,0.5471011922613207
A00347,46,Male,White,USA,missing,Single,Heterosexual,No,Hearing,English,majority,Data Scientist,12,Bachelor's,Tier 3,0.552320262527617,0.41265781722413963,Chen,Sam,2026-04-01,Direct,No,0.552320262527617,,0.6262774730735323
A00348,44,Male,White,Egypt,Christian,Single,Heterosexual,No,Visual,English,majority,UX Designer,23,Bachelor's,Tier 3,0.353637766570969,0.9348870520473536,Kim,Skyler,2026-04-01,Direct,No,0.353637766570969,,0.40161753564101227
A00349,26,Male,White,USA,missing,Married,Heterosexual,No,Hearing,Farsi,majority,Senior Software Engineer,22,Master's,Tier 2,0.13143314927581262,0.32062328471405643,Brown,Taylor,2026-04-01,LinkedIn,No,0.13143314927581262,,0.08432858720491475
A00350,23,Male,White,USA,missing,Married,Heterosexual,No,Hearing,English,minority,Product Manager,24,Master's,Tier 1,0.6237611416413548,0.36410626003142943,Patel,Morgan,2026-04-01,Indeed,No,0.6237611416413548,B3,0.580992372449725
A00351,42,Female,White,USA,Muslim,missing,Heterosexual,No,missing,English,majority,Data Scientist,7,PhD,Tier 2,0.35102463414580365,0.40444954001621725,Patel,Skyler,2026-04-01,Referral,No,0.35102463414580365,,0.32581607267875545
A00352,55,Male,White,USA,Christian,Single,Heterosexual,No,missing,English,minority,Data Scientist,18,Master's,Tier 1,0.5817145388594233,0.5288469531625843,Kim,Morgan,2026-04-01,Indeed,No,0.5817145388594233,,0.5963279429841903
A00353,26,Male,White,Mexico,missing,Married,Heterosexual,No,missing,Spanish,majority,Product Manager,22,Master's,Tier 2,0.4248381135510727,0.37274078346075634,Brown,Sam,2026-04-01,Referral,No,0.4248381135510727,,0.4145725421958885
A00354,54,Female,Asian,USA,missing,Single,Heterosexual,No,missing,English,majority,Software Engineer,11,Bachelor's,Tier 3,0.21806319183028455,0.8203690839553448,Khan,Alex,2026-04-01,Indeed,No,0.21806319183028455,,0.2287858891024386
A00355,57,Female,Hispanic,China,missing,Married,Heterosexual,No,Cognitive/Neurodivergent,English,majority,ML Engineer,23,Bachelor's,Tier 3,0.45606724492865824,0.29211451191984394,Garcia,Taylor,2026-04-01,LinkedIn,No,0.45606724492865824,,0.4709042138309306
A00356,60,Female,Native American,USA,Christian,Single,Heterosexual,No,missing,English,majority,UX Designer,17,Bachelor's,Tier 1,0.505753272233961,0.488857355872934,Chen,Sam,2026-04-01,Direct,No,0.505753272233961,,0.49081459290003865
A00357,23,Male,White,USA,missing,Single,Heterosexual,No,missing,English,majority,Business Analyst,20,Associates,Tier 1,0.704503192439149,0.23549054321854634,Johnson,Taylor,2026-04-01,LinkedIn,No,0.704503192439149,B3,0.7024944953590019
A00358,57,Female,Middle Eastern,USA,missing,Married,Heterosexual,No,missing,English,majority,Senior Software Engineer,23,Master's,Tier 3,0.08955925381040208,0.14989305163188915,Singh,Casey,2026-04-01,LinkedIn,No,0.08955925381040208,,0.09988887267120379
A00359,27,Female,White,USA,Christian,Married,Heterosexual,No,Hearing,English,majority,UX Designer,10,Master's,Tier 3,0.8820309652569202,0.20141428649012194,Smith,Riley,2026-04-01,LinkedIn,Yes,0.8820309652569202,,0.8778324800802614
A00360,55,Female,Middle Eastern,USA,Christian,Married,Heterosexual,Yes,missing,English,majority,UX Designer,19,Master's,Tier 3,0.5942330164303077,0.48975070258676534,Brown,Sam,2026-04-01,Indeed,No,0.5942330164303077,,0.6194090596800103
A00361,57,Male,White,USA,missing,Married,Heterosexual,No,missing,English,minority,UX Designer,17,Master's,missing,0.6667151014219318,0.1427009197845277,Wang,Alex,2026-04-01,Indeed,No,0.6667151014219318,,0.760258890088332
A00362,29,Male,White,USA,Christian,Divorced,Heterosexual,No,missing,English,majority,Software Engineer,10,Bachelor's,Tier 3,0.8897506969909753,0.9193094868918736,Ahmed,Alex,2026-04-01,Indeed,Yes,0.8897506969909753,,0.9193493112295168
A00363,37,Male,Hispanic,USA,Christian,Single,Heterosexual,No,missing,English,majority,Sales Representative,22,High School,Tier 2,0.8232303972764201,0.7880219095410417,Wang,Sam,2026-04-01,Indeed,Yes,0.8232303972764201,,0.8260209245968477
A00364,31,Female,Asian,USA,Christian,missing,Prefer not to say,No,missing,English,majority,Business Analyst,19,Bachelor's,Tier 1,0.22485149517990477,0.2973210436973228,Wang,Casey,2026-04-01,Direct,No,0.22485149517990477,,0.140545564011809
A00365,58,Female,Hispanic,USA,missing,Single,LGBTQ+,No,missing,English,majority,Data Scientist,14,Master's,Tier 2,0.5052210230850297,0.3522354824114996,Williams,Jordan,2026-04-01,Indeed,No,0.5052210230850297,,0.5246188773857898
A00366,55,Female,Hispanic,Iran,Christian,Single,Heterosexual,No,Mobility,English,majority,Marketing Manager,2,Bachelor's,missing,0.6771567129811168,0.6316759939147012,Patel,Riley,2026-04-01,Indeed,No,0.6771567129811168,,0.5798227923927564
A00367,31,Male,Asian,USA,Christian,Single,LGBTQ+,No,missing,English,majority,Senior Software Engineer,18,Bachelor's,Tier 3,0.34581181468974087,0.6412943974233339,Nguyen,Alex,2026-04-01,Referral,No,0.34581181468974087,,0.27536011038193475
A00368,28,Male,White,Mexico,Christian,Single,Heterosexual,No,missing,Mandarin,majority,Software Engineer,5,PhD,Tier 2,0.1731781725517626,0.8633747715121025,Brown,Taylor,2026-04-01,LinkedIn,No,0.1731781725517626,,0.21591013517520086
A00369,58,Female,White,USA,Christian,Single,Heterosexual,No,Cognitive/Neurodivergent,Hindi,minority,Marketing Manager,0,Bachelor's,Tier 2,0.4446533686550993,0.4930701185221523,Kim,Alex,2026-04-01,Indeed,No,0.4446533686550993,,0.4799651216619325
A00370,45,Male,Asian,USA,Christian,Married,Heterosexual,No,missing,Spanish,majority,Data Scientist,17,Bachelor's,Tier 1,0.746872130926741,0.5796840457719646,Diallo,Skyler,2026-04-01,Indeed,Yes,0.746872130926741,,0.7393751810092968
A00371,30,Female,Black,Mexico,Christian,Single,Heterosexual,No,missing,English,majority,Data Scientist,2,Bachelor's,Tier 3,0.8797963414138897,0.3254743855945288,Chen,Alex,2026-04-01,LinkedIn,Yes,0.8797963414138897,,0.7942957861062789
A00372,45,Male,White,USA,Christian,Single,Heterosexual,No,missing,English,minority,Data Scientist,3,Master's,Tier 2,0.022350052631004536,0.8907181050352753,Garcia,Alex,2026-04-01,Indeed,No,0.022350052631004536,,0.0037826267864620212
A00373,25,Male,White,USA,Christian,Divorced,Heterosexual,No,Hearing,English,majority,Senior Software Engineer,8,Master's,Tier 3,0.855459774204884,0.8129610814205214,Ahmed,Casey,2026-04-01,Referral,Yes,0.855459774204884,,0.8215228582940828
A00374,25,Male,Native American,China,missing,Single,Heterosexual,No,Visual,English,majority,Sales Representative,21,Associates,missing,0.3074138336371004,0.45915769027917175,Williams,Jordan,2026-04-01,Referral,No,0.3074138336371004,,0.3392558709436109
A00375,28,Female,White,USA,missing,Single,Heterosexual,No,missing,English,majority,Data Scientist,16,Bachelor's,Tier 3,0.22195040342903094,0.5123138769450981,Lee,Alex,2026-04-01,Direct,No,0.22195040342903094,,0.3348369300504075
A00376,28,Female,White,Iran,Christian,Single,Heterosexual,No,missing,English,majority,Software Engineer,11,PhD,Tier 3,0.40296884980604464,0.5539202558103311,Okafor,Riley,2026-04-01,LinkedIn,No,0.40296884980604464,,0.41381537420377745
A00377,49,Male,White,USA,missing,Single,LGBTQ+,No,missing,English,minority,UX Designer,6,Master's,Tier 2,0.6283839272209388,0.9112675451623017,Wang,Casey,2026-04-01,LinkedIn,No,0.6283839272209388,,0.589418370819333
A00378,39,Male,White,USA,missing,Divorced,Heterosexual,No,missing,Hindi,majority,Marketing Manager,9,Master's,Tier 3,0.04823064873068539,0.5373306289530247,Lee,Riley,2026-04-01,Direct,No,0.04823064873068539,,-0.01029692778447562
A00379,55,Male,White,USA,Christian,Married,Heterosexual,No,missing,English,majority,Product Manager,15,Bachelor's,Tier 2,0.40699476179784644,0.6042801025275997,Johnson,Riley,2026-04-01,LinkedIn,No,0.40699476179784644,,0.4041900477594328
A00380,36,Male,Hispanic,USA,Jewish,Married,Heterosexual,No,missing,English,majority,Sales Representative,3,PhD,Tier 3,0.4112323188648247,0.2516254984438041,Williams,Jordan,2026-04-01,Direct,No,0.4112323188648247,,0.4023926591891453
A00381,28,Male,White,USA,Hindu,Single,LGBTQ+,Yes,missing,English,majority,Senior Software Engineer,15,Bachelor's,Tier 2,0.9132106108651005,0.8086751355609774,Brown,Alex,2026-04-01,Referral,Yes,0.9132106108651005,,0.8556346528887269
A00382,32,Male,White,USA,Buddhist,Married,Heterosexual,No,missing,Spanish,majority,Business Analyst,9,Associates,Tier 1,0.26761081842182355,0.5527283004038528,Cohen,Alex,2026-04-01,LinkedIn,No,0.26761081842182355,,0.27342858020643274
A00383,30,Male,Hispanic,USA,Christian,Married,Heterosexual,No,missing,Vietnamese,majority,ML Engineer,7,Bachelor's,Tier 3,0.29421116590104024,0.47327476981845895,Okafor,Skyler,2026-04-01,Direct,No,0.29421116590104024,,0.23666548983549715
A00384,44,Male,White,Mexico,Muslim,missing,Heterosexual,No,Hearing,English,majority,Business Analyst,23,PhD,Tier 3,0.7857664527353638,0.9214114745826876,Kim,Alex,2026-04-01,Referral,Yes,0.7857664527353638,,0.8413718163218289
A00385,23,Male,White,USA,missing,Single,Heterosexual,No,missing,Spanish,minority,ML Engineer,2,Bachelor's,Tier 2,0.7439682139934771,0.877752615799506,Ahmed,Riley,2026-04-01,Direct,No,0.7439682139934771,B3,0.7971007442828849
A00386,28,Female,White,India,Christian,Single,Heterosexual,Yes,Visual,English,majority,Business Analyst,2,Master's,Tier 2,0.9500714730553267,0.14825327758596263,Okafor,Riley,2026-04-01,Direct,Yes,0.9500714730553267,,1.0043090363201477
A00387,57,Female,White,USA,Hindu,Single,Heterosexual,No,Hearing,English,minority,Software Engineer,2,Bachelor's,Tier 1,0.15244421306428368,0.9038585119350689,Wang,Alex,2026-04-01,Direct,No,0.15244421306428368,,0.12874168953385728
A00388,36,Female,White,USA,Christian,Single,Heterosexual,No,missing,English,majority,Data Scientist,18,Master's,Tier 2,0.03276528238315113,0.29981901740473693,Chen,Riley,2026-04-01,LinkedIn,No,0.03276528238315113,,0.05849131054905557
A00389,25,Male,Black,USA,Christian,Single,LGBTQ+,No,missing,English,majority,ML Engineer,16,Bachelor's,Tier 1,0.2925037125518678,0.5112794299808032,Chen,Skyler,2026-04-01,Direct,No,0.2925037125518678,,0.2859002372909
A00390,26,Female,White,USA,Christian,Single,Heterosexual,No,Visual,English,majority,Senior Software Engineer,16,Master's,Tier 3,0.31195614675455186,0.867123997888427,Lee,Taylor,2026-04-01,LinkedIn,No,0.31195614675455186,,0.2925155436844278
A00391,33,Male,Middle Eastern,USA,Christian,Divorced,Heterosexual,No,missing,English,majority,Business Analyst,8,Bachelor's,Tier 3,0.9663508594544944,0.3475874891876317,Kim,Skyler,2026-04-01,LinkedIn,Yes,0.9663508594544944,,0.9493935765973911
A00392,46,Male,White,USA,Christian,Married,Heterosexual,No,Hearing,English,majority,DevOps Engineer,20,Bachelor's,Tier 2,0.8094782047018395,0.9565193535184325,Johnson,Skyler,2026-04-01,LinkedIn,Yes,0.8094782047018395,,0.744492441050132
A00393,61,Female,Black,USA,Buddhist,Single,Heterosexual,No,missing,English,majority,Sales Representative,9,Associates,Tier 1,0.6950875482262663,0.04380310458315029,Chen,Riley,2026-04-01,LinkedIn,No,0.6950875482262663,,0.6228943634315103
A00394,21,Female,White,USA,Muslim,Single,Heterosexual,No,missing,English,majority,Product Manager,1,Master's,Tier 1,0.8637605070765327,0.002422841215863447,Hernandez,Skyler,2026-04-01,LinkedIn,No,0.8637605070765327,B3,0.903476246620335
A00395,49,Male,White,USA,Christian,Divorced,Heterosexual,No,missing,English,minority,Product Manager,21,Bachelor's,Tier 1,0.16954045258935302,0.7741254974810715,Patel,Casey,2026-04-01,Referral,No,0.16954045258935302,,0.159978682393377
A00396,33,Female,White,USA,Christian,Married,Heterosexual,No,missing,English,majority,Business Analyst,2,Bachelor's,Tier 1,0.363696897516825,0.9647000697273795,Okafor,Casey,2026-04-01,Direct,No,0.363696897516825,,0.37451814007320616
A00397,22,Female,White,USA,Christian,Married,Heterosexual,No,Hearing,Mandarin,majority,Software Engineer,24,Bachelor's,Tier 2,0.055032437315154614,0.7901915939547118,Cohen,Sam,2026-04-01,Referral,No,0.055032437315154614,B3,0.10511795673786062
A00398,44,Male,White,USA,Buddhist,Single,Heterosexual,No,missing,English,minority,Software Engineer,5,Bachelor's,Tier 1,0.14661406065260274,0.6050852635733222,Patel,Riley,2026-04-01,Indeed,No,0.14661406065260274,,0.05995743590179903
A00399,55,Male,White,USA,missing,Married,Heterosexual,No,missing,English,minority,Data Scientist,14,Master's,Tier 3,0.5027191676590689,0.432879399980304,Diallo,Skyler,2026-04-01,Indeed,No,0.5027191676590689,,0.4635126639682742
A00400,58,Female,Black,USA,Christian,Single,Heterosexual,No,missing,English,majority,ML Engineer,4,Bachelor's,Tier 2,0.7865225050784881,0.5462832454812939,Smith,Skyler,2026-04-01,LinkedIn,Yes,0.7865225050784881,,0.7952892472517417
A00401,22,Male,White,Vietnam,Christian,Single,Heterosexual,No,missing,English,minority,Business Analyst,9,Bachelor's,Tier 2,0.6034066903758996,0.7745281483583146,Chen,Taylor,2026-04-01,Referral,No,0.6034066903758996,B3,0.6230114297091782
A00402,43,Male,White,USA,missing,Divorced,Heterosexual,No,missing,Mandarin,majority,DevOps Engineer,14,Master's,Tier 3,0.19445904581507678,0.8717759037723628,Ahmed,Skyler,2026-04-01,Referral,No,0.19445904581507678,,0.17560532329502193
A00403,43,Female,Hispanic,USA,Christian,Single,Heterosexual,No,missing,English,majority,UX Designer,21,Bachelor's,Tier 2,0.7527380043219275,0.36215393275670615,Chen,Riley,2026-04-01,Direct,Yes,0.7527380043219275,,0.8041969659568199
A00404,35,Female,White,USA,Christian,Single,Heterosexual,No,missing,English,majority,Sales Representative,15,Bachelor's,Tier 1,0.8850216357373122,0.0687338366068655,Cohen,Taylor,2026-04-01,Referral,Yes,0.8850216357373122,,0.895541382678794
A00405,21,Female,Middle Eastern,USA,Christian,Divorced,Heterosexual,No,missing,English,minority,Software Engineer,8,Associates,Tier 1,0.9142974375049903,0.7263156752746683,Singh,Morgan,2026-04-01,Direct,No,0.9142974375049903,B3,0.8536283305635972
A00406,60,Male,White,Mexico,Hindu,Single,Heterosexual,No,missing,English,majority,Software Engineer,4,Bachelor's,Tier 2,0.013326712864408563,0.4599937947113947,Khan,Casey,2026-04-01,Referral,No,0.013326712864408563,,-0.0332114759351237
A00407,45,Non-binary,White,USA,Christian,Single,Heterosexual,No,missing,English,majority,Sales Representative,8,Bachelor's,Tier 2,0.5941257683141931,0.2629599502341744,Johnson,Alex,2026-04-01,Direct,No,0.5941257683141931,,0.6343993213389242
A00408,51,Female,White,USA,Christian,Married,LGBTQ+,No,missing,English,majority,Data Scientist,15,Associates,Tier 3,0.9228881110062951,0.199476741515636,Kim,Casey,2026-04-01,Referral,Yes,0.9228881110062951,,0.9460796838290981
A00409,41,Female,White,USA,missing,Single,Heterosexual,No,missing,English,majority,Sales Representative,3,Bachelor's,Tier 2,0.9233971176121158,0.02426281528650953,Chen,Casey,2026-04-01,Referral,Yes,0.9233971176121158,,0.8284440556617858
A00410,55,Male,White,USA,Buddhist,Married,Heterosexual,No,missing,Farsi,majority,Product Manager,14,Bachelor's,Tier 3,0.2877096536651441,0.7348222888915074,Okafor,Morgan,2026-04-01,Direct,No,0.2877096536651441,,0.3550952688582646
A00411,61,Female,White,USA,Christian,Single,Heterosexual,No,missing,English,minority,Senior Software Engineer,22,Bachelor's,Tier 2,0.4818184078018085,0.5499475426301139,Cohen,Skyler,2026-04-01,Indeed,No,0.4818184078018085,,0.5117197593565029
A00412,56,Male,White,USA,missing,Single,Heterosexual,No,Hearing,English,minority,Senior Software Engineer,23,Bachelor's,Tier 2,0.5074562642038494,0.2930630467016887,Hernandez,Sam,2026-04-01,Referral,No,0.5074562642038494,,0.5746234135886743
A00413,34,Male,Hispanic,India,missing,Single,LGBTQ+,No,missing,English,minority,UX Designer,11,PhD,Tier 1,0.6732664547478586,0.6133548149383556,Smith,Sam,2026-04-01,Indeed,No,0.6732664547478586,,0.6540814106941044
A00414,25,Female,Hispanic,USA,Christian,Single,Heterosexual,No,Cognitive/Neurodivergent,English,majority,Business Analyst,19,Bachelor's,Tier 2,0.5655139751313677,0.1573659606147162,Johnson,Alex,2026-04-01,LinkedIn,No,0.5655139751313677,,0.5507286640647514
A00415,53,Male,White,USA,Jewish,Single,Heterosexual,No,missing,English,minority,Business Analyst,3,Master's,Tier 2,0.8550863236957806,0.8161510448717079,Wang,Alex,2026-04-01,Direct,Yes,0.8550863236957806,,0.7987634694582146
A00416,61,Male,White,USA,missing,missing,Heterosexual,No,missing,English,majority,ML Engineer,22,Master's,Tier 2,0.9481610143323098,0.8413549216124657,Khan,Alex,2026-04-01,Indeed,Yes,0.9481610143323098,,1.0750074928389042
A00417,50,Male,White,USA,Christian,Single,Heterosexual,No,Cognitive/Neurodivergent,English,majority,Data Scientist,23,Bachelor's,Tier 3,0.044889745132262515,0.3739432959553084,Hernandez,Skyler,2026-04-01,LinkedIn,No,0.044889745132262515,,0.036117033861905075
A00418,35,Male,White,Vietnam,missing,Divorced,Heterosexual,No,missing,English,majority,Software Engineer,2,Bachelor's,Tier 1,0.9978894330432911,0.5806509543531851,Lee,Taylor,2026-04-01,Direct,Yes,0.9978894330432911,,1.0772660926473885
A00419,24,Female,White,India,missing,Married,Heterosexual,No,Cognitive/Neurodivergent,English,majority,Data Scientist,14,Master's,Tier 1,0.07633393898959995,0.5301966543337454,Brown,Taylor,2026-04-01,LinkedIn,No,0.07633393898959995,B3,0.04396931642023597
A00420,25,Male,Native American,USA,Christian,Married,Prefer not to say,No,missing,Mandarin,minority,Product Manager,21,Master's,Tier 3,0.6469775405414167,0.24075392112479344,Patel,Sam,2026-04-01,Direct,No,0.6469775405414167,,0.6551696001580717
A00421,32,Male,White,USA,Christian,Married,LGBTQ+,No,missing,English,majority,Product Manager,18,High School,Tier 3,0.7200026178841448,0.628495733019426,Singh,Morgan,2026-04-01,Referral,Yes,0.7200026178841448,,0.6364349935556408
A00422,29,Female,Black,USA,Muslim,Single,Heterosexual,No,Cognitive/Neurodivergent,Spanish,majority,Marketing Manager,24,Bachelor's,missing,0.600132718708891,0.5467193887906453,Cohen,Alex,2026-04-01,Indeed,No,0.600132718708891,,0.5809893612705525
A00423,21,Male,White,USA,Muslim,Single,Prefer not to say,No,missing,English,minority,ML Engineer,16,Bachelor's,Tier 1,0.8882359529034343,0.5222763521015343,Rodriguez,Casey,2026-04-01,Referral,No,0.8882359529034343,B3,0.9374236983234356
A00424,58,Male,Asian,USA,Christian,Single,Heterosexual,No,Visual,Spanish,minority,ML Engineer,13,Master's,Tier 1,0.2610483112388864,0.7816580972500726,Johnson,Alex,2026-04-01,Direct,No,0.2610483112388864,,0.19846112046016157
A00425,31,Male,Hispanic,Egypt,Christian,Married,Heterosexual,No,missing,Vietnamese,majority,Senior Software Engineer,20,Bachelor's,Tier 3,0.7633875222385179,0.6987092101246479,Johnson,Taylor,2026-04-01,Referral,Yes,0.7633875222385179,,0.8169988994852485
A00426,45,Female,Black,USA,Muslim,Single,Heterosexual,No,missing,English,minority,DevOps Engineer,21,Bachelor's,Tier 3,0.8218532839008659,0.027890562277650632,Chen,Sam,2026-04-01,LinkedIn,Yes,0.8218532839008659,,0.838715174693289
A00427,43,Female,White,USA,Muslim,Married,LGBTQ+,No,missing,English,majority,Product Manager,12,Bachelor's,Tier 2,0.790365453077021,0.24799174315730765,Diallo,Sam,2026-04-01,Referral,Yes,0.790365453077021,,0.7381679068278082
A00428,31,Male,Asian,India,Christian,Single,Heterosexual,No,missing,English,majority,Software Engineer,12,PhD,Tier 1,0.28519725489890957,0.25068345344463183,Rodriguez,Taylor,2026-04-01,Indeed,No,0.28519725489890957,,0.2601173913276259
A00429,55,Female,White,USA,Christian,Married,Heterosexual,No,missing,Spanish,minority,ML Engineer,14,Bachelor's,Tier 2,0.6862965011815282,0.24693805902908073,Singh,Sam,2026-04-01,Indeed,No,0.6862965011815282,,0.6633432173462576
A00430,29,Male,White,Mexico,Christian,Married,Heterosexual,No,missing,Mandarin,majority,ML Engineer,13,Master's,Tier 2,0.6707163180970784,0.32188290167324585,Rodriguez,Casey,2026-04-01,Direct,No,0.6707163180970784,,0.6682403511999533
A00431,29,Male,White,USA,Christian,missing,Heterosexual,No,missing,English,majority,Data Scientist,1,Bachelor's,Tier 1,0.6882329442845818,0.7464687629453818,Diallo,Casey,2026-04-01,Direct,No,0.6882329442845818,,0.6614257459874272
A00432,32,Female,Asian,USA,missing,Single,Heterosexual,No,missing,English,majority,Senior Software Engineer,3,Bachelor's,Tier 3,0.7990932584018532,0.3890261365468177,Patel,Jordan,2026-04-01,Indeed,Yes,0.7990932584018532,,0.7577288633616264
A00433,56,Female,Hispanic,USA,missing,Single,Heterosexual,No,missing,Spanish,majority,Marketing Manager,7,Bachelor's,Tier 2,0.49684546722923595,0.955442119262697,Singh,Morgan,2026-04-01,Direct,No,0.49684546722923595,,0.4816160821034951
A00434,29,Male,Black,USA,Christian,Single,Heterosexual,No,missing,English,majority,Software Engineer,6,Bachelor's,Tier 1,0.38739485822308983,0.34578109455795625,Hernandez,Alex,2026-04-01,Referral,No,0.38739485822308983,,0.3360503712926374
A00435,49,Female,White,USA,missing,Single,Heterosexual,No,Mobility,English,majority,Senior Software Engineer,13,Bachelor's,Tier 2,0.4943489900888296,0.3734016620708369,Chen,Alex,2026-04-01,Direct,No,0.4943489900888296,,0.42987266145667574
A00436,44,Male,Asian,USA,Christian,Single,Heterosexual,No,missing,English,majority,Marketing Manager,11,Bachelor's,missing,0.20498352806389808,0.5122335078040674,Khan,Taylor,2026-04-01,Direct,No,0.20498352806389808,,0.20257470393853014
A00437,23,Male,Asian,USA,Christian,Single,Heterosexual,No,Visual,English,minority,Business Analyst,13,Bachelor's,missing,0.4726193944129006,0.5619549758320981,Hernandez,Sam,2026-04-01,LinkedIn,No,0.4726193944129006,B3,0.516763105690629
A00438,33,Female,White,USA,Christian,Married,LGBTQ+,No,Cognitive/Neurodivergent,English,majority,Product Manager,2,Bachelor's,Tier 3,0.578777692235273,0.8678448390772083,Williams,Taylor,2026-04-01,LinkedIn,No,0.578777692235273,,0.5023091069794048
A00439,37,Female,White,USA,Christian,Married,Heterosexual,No,missing,English,majority,ML Engineer,8,Associates,Tier 3,0.2443915921740506,0.08063097227780802,Okafor,Skyler,2026-04-01,Direct,No,0.2443915921740506,,0.24456699974724863
A00440,54,Female,White,India,Christian,Single,Heterosexual,No,missing,English,majority,Marketing Manager,1,Bachelor's,missing,0.2910304135565305,0.6709545235904163,Smith,Sam,2026-04-01,Direct,No,0.2910304135565305,,0.2585326038164657
A00441,40,Female,White,Mexico,Christian,Single,Heterosexual,No,missing,English,minority,Marketing Manager,0,Associates,Tier 2,0.5977286365772106,0.9154618041027046,Singh,Alex,2026-04-01,LinkedIn,No,0.5977286365772106,,0.5488713647204762
A00442,39,Female,White,USA,missing,Single,Heterosexual,No,Mobility,English,majority,Sales Representative,3,High School,Tier 3,0.09412595538435697,0.5877456673297102,Williams,Alex,2026-04-01,Referral,No,0.09412595538435697,,0.13679783802008794
A00443,49,Female,White,USA,missing,Divorced,Heterosexual,No,missing,English,majority,UX Designer,2,Master's,Tier 2,0.8249247536269697,0.6096812651154995,Singh,Casey,2026-04-01,LinkedIn,Yes,0.8249247536269697,,0.7990162691724364
A00444,62,Female,Asian,USA,Christian,Single,Heterosexual,No,missing,English,minority,Data Scientist,4,Bachelor's,Tier 3,0.7929134002916978,0.2450523732533838,Chen,Morgan,2026-04-01,Referral,Yes,0.7929134002916978,,0.8678284844449418
A00445,61,Male,White,USA,Christian,Single,Heterosexual,No,missing,English,minority,Marketing Manager,15,Bachelor's,Tier 3,0.8747126770595618,0.7667619532990069,Kim,Taylor,2026-04-01,Indeed,Yes,0.8747126770595618,,0.8357207088522421
A00446,35,Male,White,USA,missing,Single,LGBTQ+,No,missing,English,minority,DevOps Engineer,20,Bachelor's,missing,0.0336803204719468,0.9417667253347778,Williams,Taylor,2026-04-01,Indeed,No,0.0336803204719468,,0.05300542015323842
A00447,31,Female,White,USA,Christian,Married,Heterosexual,No,missing,English,minority,Senior Software Engineer,4,Bachelor's,Tier 1,0.3316903052298864,0.7629068167196412,Patel,Skyler,2026-04-01,Referral,No,0.3316903052298864,,0.32032615490202626
A00448,59,Female,Asian,USA,missing,Married,Heterosexual,No,missing,English,majority,Senior Software Engineer,5,Bachelor's,missing,0.7142164426689874,0.9945331909491548,Chen,Skyler,2026-04-01,LinkedIn,Yes,0.7142164426689874,,0.6765153522126692
A00449,32,Female,White,USA,Christian,Married,Heterosexual,No,Hearing,Hindi,majority,Data Scientist,2,Bachelor's,Tier 2,0.9463338606845337,0.7133137675572638,Khan,Skyler,2026-04-01,Direct,Yes,0.9463338606845337,,0.9757176128134214
A00450,37,Male,White,USA,missing,Single,Heterosexual,No,missing,English,majority,Product Manager,1,Bachelor's,Tier 1,0.7899313475780091,0.06784512977171675,Lee,Taylor,2026-04-01,Referral,Yes,0.7899313475780091,,0.7821822189242688
A00451,22,Male,White,USA,Christian,Married,Heterosexual,No,missing,English,majority,Senior Software Engineer,6,Bachelor's,Tier 2,0.8271687176207533,0.4626573454181294,Okafor,Morgan,2026-04-01,Referral,No,0.8271687176207533,B3,0.8573292466564356
A00452,36,Male,White,USA,Buddhist,Single,Prefer not to say,No,missing,Hindi,majority,UX Designer,21,Bachelor's,Tier 3,0.6605639472019024,0.5379136497533025,Khan,Skyler,2026-04-01,LinkedIn,No,0.6605639472019024,,0.6581993718410526
A00453,54,Male,Native American,USA,missing,Single,Heterosexual,No,missing,English,majority,Business Analyst,12,Master's,Tier 2,0.9375727833037774,0.554453291335303,Wang,Jordan,2026-04-01,Referral,Yes,0.9375727833037774,,0.8832819705387054
A00454,31,Female,Asian,USA,Christian,Married,Heterosexual,No,missing,English,majority,Business Analyst,23,Bachelor's,Tier 2,0.9113500736732094,0.12959376858699234,Hernandez,Jordan,2026-04-01,LinkedIn,Yes,0.9113500736732094,,0.9062466115137641
A00455,24,Female,White,USA,Christian,Single,Heterosexual,No,missing,English,majority,Product Manager,5,Bachelor's,Tier 3,0.21349351578476183,0.3660441044189062,Brown,Alex,2026-04-01,Direct,No,0.21349351578476183,B3,0.21609127426056887
A00456,23,Male,White,India,Christian,Single,Heterosexual,No,missing,English,majority,ML Engineer,1,Bachelor's,Tier 2,0.3459377171599205,0.05155251006097428,Singh,Morgan,2026-04-01,Direct,No,0.3459377171599205,B3,0.39386086485398036
A00457,56,Male,White,USA,Christian,Married,Heterosexual,No,missing,English,majority,Senior Software Engineer,18,Master's,Tier 2,0.7953779204339927,0.28431663786710315,Williams,Taylor,2026-04-01,Indeed,Yes,0.7953779204339927,,0.7500644700672338
A00458,32,Male,Hispanic,USA,Christian,Single,Heterosexual,No,Cognitive/Neurodivergent,English,majority,UX Designer,11,Associates,Tier 1,0.24608922649821496,0.7808031864513706,Williams,Jordan,2026-04-01,Direct,No,0.24608922649821496,,0.2441227338348497
A00459,44,Male,White,USA,Christian,Married,Heterosexual,No,missing,Hindi,majority,ML Engineer,20,Bachelor's,missing,0.9312651958417164,0.5876613320713064,Cohen,Alex,2026-04-01,Indeed,Yes,0.9312651958417164,,0.8451712593302144
A00460,27,Female,Middle Eastern,USA,Christian,Single,Heterosexual,No,missing,English,majority,ML Engineer,22,Bachelor's,Tier 3,0.30248803272391245,0.9595074687711087,Nguyen,Taylor,2026-04-01,Direct,No,0.30248803272391245,,0.3350626857410782
A00461,30,Male,White,USA,Christian,Single,Heterosexual,No,missing,English,minority,Business Analyst,15,Bachelor's,Tier 3,0.17042501545971833,0.7723330762800265,Diallo,Jordan,2026-04-01,Direct,No,0.17042501545971833,,0.11635086672768605
A00462,33,Male,Asian,USA,missing,Married,Heterosexual,No,missing,Spanish,minority,ML Engineer,3,Bachelor's,Tier 1,0.9982542037491462,0.3980191719734869,Wang,Alex,2026-04-01,Indeed,Yes,0.9982542037491462,,0.907936227694966
A00463,42,Male,Asian,USA,Christian,Divorced,Prefer not to say,No,Mobility,English,majority,Senior Software Engineer,11,Master's,Tier 2,0.03006306377923973,0.1719956476310266,Okafor,Taylor,2026-04-01,Referral,No,0.03006306377923973,,0.02710222206550287
A00464,62,Male,White,USA,Muslim,Married,LGBTQ+,No,missing,English,majority,Data Scientist,7,Master's,Tier 2,0.32904508864315607,0.8431216326578991,Williams,Casey,2026-04-01,Referral,No,0.32904508864315607,,0.3843293365762984
A00465,23,Female,White,USA,Muslim,Single,Heterosexual,No,missing,Spanish,majority,DevOps Engineer,3,Bachelor's,Tier 3,0.47909052220408743,0.6345618763613676,Brown,Sam,2026-04-01,Direct,No,0.47909052220408743,B3,0.4028681747934937
A00466,54,Female,White,USA,Christian,missing,Heterosexual,No,missing,English,majority,ML Engineer,12,Bachelor's,Tier 1,0.6981830977182959,0.8999304564167109,Patel,Sam,2026-04-01,Direct,No,0.6981830977182959,,0.6437813184488745
A00467,32,Male,Hispanic,USA,Christian,Single,Heterosexual,No,missing,English,minority,Business Analyst,19,Bachelor's,Tier 3,0.3878577990046147,0.5292056205134026,Williams,Jordan,2026-04-01,LinkedIn,No,0.3878577990046147,,0.3506940544519506
A00468,59,Male,White,USA,Christian,Single,Heterosexual,No,missing,English,majority,Software Engineer,11,Bachelor's,Tier 3,0.4567881153769252,0.27366115967512006,Nguyen,Alex,2026-04-01,Referral,No,0.4567881153769252,,0.40031328305982505
A00469,37,Female,White,USA,Christian,Single,Heterosexual,No,missing,Spanish,majority,Marketing Manager,8,Bachelor's,Tier 1,0.7087053030005597,0.6230220900121369,Cohen,Casey,2026-04-01,Direct,Yes,0.7087053030005597,,0.7276766974172889
A00470,56,Male,White,USA,Muslim,Single,Heterosexual,No,missing,English,majority,UX Designer,5,Bachelor's,missing,0.2336570054434226,0.8794255918623723,Johnson,Casey,2026-04-01,Direct,No,0.2336570054434226,,0.19328863319119832
A00471,29,Male,White,USA,Christian,Single,Heterosexual,No,missing,English,majority,UX Designer,24,Master's,Tier 2,0.35138492244015185,0.3444602596679227,Ahmed,Taylor,2026-04-01,Indeed,No,0.35138492244015185,,0.3153091856171417
A00472,48,Female,Hispanic,USA,Jewish,Divorced,Heterosexual,No,missing,English,majority,ML Engineer,14,Bachelor's,Tier 1,0.6914236300498148,0.3584410907619846,Rodriguez,Skyler,2026-04-01,Referral,No,0.6914236300498148,,0.7205888999839303
A00473,25,Female,Hispanic,USA,Christian,Single,Heterosexual,No,missing,Mandarin,majority,Marketing Manager,13,Bachelor's,Tier 2,0.6912849210233118,0.39633920996348204,Lee,Casey,2026-04-01,Indeed,No,0.6912849210233118,,0.6535091894748777
A00474,35,Female,Black,USA,Christian,Single,Heterosexual,No,Hearing,English,majority,Product Manager,11,Bachelor's,Tier 2,0.8215885709589387,0.911099246808359,Rodriguez,Sam,2026-04-01,Direct,Yes,0.8215885709589387,,0.8432275758479748
A00475,27,Female,Hispanic,USA,Christian,Married,Heterosexual,No,missing,English,majority,Product Manager,21,Associates,Tier 3,0.07029279826790347,0.48275614107707265,Rodriguez,Jordan,2026-04-01,Indeed,No,0.07029279826790347,,0.021723539673801306
A00476,25,Male,White,USA,Christian,Single,LGBTQ+,No,missing,English,minority,Senior Software Engineer,20,Bachelor's,Tier 2,0.8844882418014743,0.894179334242917,Rodriguez,Taylor,2026-04-01,LinkedIn,Yes,0.8844882418014743,,0.8238813160907099
A00477,21,Female,Asian,USA,Muslim,Married,Heterosexual,No,missing,English,majority,Senior Software Engineer,3,Bachelor's,Tier 1,0.830731386837451,0.9548083595627993,Wang,Taylor,2026-04-01,LinkedIn,No,0.830731386837451,B3,0.7389589223779048
A00478,61,Female,White,USA,missing,Married,Heterosexual,No,missing,English,minority,Product Manager,17,Master's,Tier 1,0.7689451674879803,0.088120532605793,Okafor,Taylor,2026-04-01,Indeed,Yes,0.7689451674879803,,0.8620053068335667
A00479,41,Male,Black,USA,Christian,Single,Heterosexual,No,missing,Mandarin,minority,UX Designer,12,Bachelor's,Tier 3,0.9880373439339373,0.6724378543624574,Brown,Skyler,2026-04-01,Direct,Yes,0.9880373439339373,,0.9720243923273875
A00480,31,Female,White,USA,Christian,Single,Heterosexual,No,missing,English,majority,Product Manager,23,Bachelor's,Tier 1,0.9379207673400516,0.010731336771560795,Kim,Morgan,2026-04-01,LinkedIn,Yes,0.9379207673400516,,0.9501174357374731
A00481,25,Female,White,USA,Buddhist,Single,Heterosexual,No,missing,English,minority,Senior Software Engineer,2,Bachelor's,Tier 2,0.620801337257502,0.9507572685016515,Ahmed,Alex,2026-04-01,Direct,No,0.620801337257502,,0.6192488618084621
A00482,39,Male,Native American,USA,missing,missing,Heterosexual,No,Mobility,English,majority,ML Engineer,15,Bachelor's,Tier 2,0.48720964793620525,0.10702831400537505,Ahmed,Jordan,2026-04-01,Direct,No,0.48720964793620525,,0.4952077357865684
A00483,30,Female,Hispanic,USA,missing,Single,Heterosexual,No,missing,English,majority,DevOps Engineer,0,Associates,Tier 2,0.14074210204142357,0.13620100425365944,Singh,Sam,2026-04-01,LinkedIn,No,0.14074210204142357,,0.14322642601014218
A00484,23,Male,Native American,Egypt,Christian,Single,LGBTQ+,No,missing,English,minority,ML Engineer,18,Associates,Tier 2,0.7723078648922967,0.17943058418068425,Brown,Sam,2026-04-01,LinkedIn,No,0.7723078648922967,B3,0.8677187168524316
A00485,37,Male,Hispanic,USA,Christian,Married,Heterosexual,No,missing,English,minority,Business Analyst,23,Bachelor's,missing,0.04072858490170639,0.9393498185243184,Diallo,Alex,2026-04-01,Indeed,No,0.04072858490170639,,-0.011217744646150975
A00486,45,Male,White,Iran,Christian,Single,Heterosexual,No,missing,English,majority,UX Designer,15,Bachelor's,Tier 2,0.37644488075969484,0.4393991877630271,Singh,Jordan,2026-04-01,Direct,No,0.37644488075969484,,0.29857177545478597
A00487,41,Non-binary,White,USA,missing,Married,Heterosexual,No,missing,English,majority,Product Manager,8,Bachelor's,Tier 2,0.9238698658690143,0.5717693089190876,Kim,Morgan,2026-04-01,Indeed,Yes,0.9238698658690143,,0.8732718824447966
A00488,26,Female,White,Mexico,missing,Married,Heterosexual,No,missing,English,minority,Senior Software Engineer,11,Bachelor's,Tier 1,0.7059813457168336,0.6327702923751516,Ahmed,Sam,2026-04-01,Indeed,Yes,0.7059813457168336,,0.6392458952289063
A00489,30,Non-binary,Asian,USA,Muslim,Divorced,Heterosexual,No,Visual,English,majority,Product Manager,11,Bachelor's,Tier 3,0.568700740212517,0.7433473313955807,Patel,Taylor,2026-04-01,LinkedIn,No,0.568700740212517,,0.6060488428366142
A00490,34,Male,White,USA,Christian,Married,Heterosexual,No,missing,English,minority,Software Engineer,21,Bachelor's,missing,0.4462963544717867,0.38803633911630675,Okafor,Skyler,2026-04-01,LinkedIn,No,0.4462963544717867,,0.48731526494867455
A00491,42,Female,White,USA,missing,Single,Heterosexual,No,Cognitive/Neurodivergent,Mandarin,minority,Product Manager,15,PhD,Tier 2,0.7855821197343577,0.8494760377456493,Hernandez,Skyler,2026-04-01,Direct,Yes,0.7855821197343577,,0.7375163424768413
A00492,37,Male,Black,USA,Christian,Single,Heterosexual,No,missing,English,majority,DevOps Engineer,18,Master's,Tier 2,0.2766659051245791,0.42704544884499995,Johnson,Morgan,2026-04-01,LinkedIn,No,0.2766659051245791,,0.20714411630142954
A00493,36,Male,Middle Eastern,USA,Christian,Single,Heterosexual,No,missing,English,majority,UX Designer,19,Master's,missing,0.8418244133698207,0.4967775444940473,Wang,Alex,2026-04-01,Direct,Yes,0.8418244133698207,,0.824084580712766
A00494,29,Male,White,USA,Christian,Married,LGBTQ+,No,missing,Hindi,majority,ML Engineer,18,Bachelor's,Tier 2,0.40470448514278456,0.6746349957156338,Okafor,Alex,2026-04-01,Direct,No,0.40470448514278456,,0.47426067903660424
A00495,57,Female,Hispanic,USA,Muslim,Single,Heterosexual,No,missing,English,majority,Business Analyst,7,Bachelor's,Tier 1,0.2117871593069386,0.7120164447346155,Chen,Sam,2026-04-01,Direct,No,0.2117871593069386,,0.07080868841702279
A00496,57,Female,White,USA,Christian,Married,Prefer not to say,No,missing,English,minority,Business Analyst,1,High School,Tier 2,0.9119452763598072,0.16176769890030873,Okafor,Morgan,2026-04-01,LinkedIn,Yes,0.9119452763598072,,0.9382766148106009
A00497,45,Male,White,USA,Christian,missing,Heterosexual,No,missing,English,majority,Sales Representative,20,Bachelor's,Tier 2,0.7011045017413489,0.03450639975405645,Williams,Morgan,2026-04-01,Indeed,No,0.7011045017413489,,0.6473167403689196
A00498,20,Male,Black,USA,Hindu,Single,Heterosexual,No,missing,English,majority,Senior Software Engineer,22,Bachelor's,Tier 2,0.5051548269761164,0.38765384056590435,Johnson,Casey,2026-04-01,Direct,No,0.5051548269761164,B3,0.5571731843031801
A00499,50,Female,Asian,Vietnam,Muslim,Single,Heterosexual,No,missing,English,majority,ML Engineer,17,Bachelor's,Tier 3,0.06050351162225742,0.3959605222730166,Okafor,Skyler,2026-04-01,Direct,No,0.06050351162225742,,0.006607314578419815
