applicant_id,age,gender,race_ethnicity,national_origin,religion,marital_status,sexual_orientation,veteran_status,disability_status,primary_language,zip_minority_majority,role_applied,years_experience,education_level,university_tier,skill_match_score,photo_attractiveness_score,last_name,first_name,application_date,source,invite_decision,true_qualification_score,_bias_flags,model_score
A00000,33,Male,White,USA,Muslim,Single,Heterosexual,No,missing,Spanish,majority,Software Engineer,23,Bachelor's,Tier 3,0.006515132631181975,0.24887812073846682,Okafor,Riley,2026-04-01,Indeed,No,0.006515132631181975,,0.006576640299056104
A00001,52,Female,White,USA,Hindu,Single,Heterosexual,No,missing,English,majority,Sales Representative,19,Master's,Tier 1,0.03913346948311036,0.4937020982540432,Wang,Sam,2026-04-01,Referral,No,0.03913346948311036,,0.05407074635853386
A00002,20,Male,Asian,USA,missing,Married,Heterosexual,No,missing,English,minority,Senior Software Engineer,17,Master's,missing,0.2326353140197428,0.9931330757277517,Diallo,Morgan,2026-04-01,Indeed,No,0.2326353140197428,,0.21892842125163192
A00003,30,Female,White,USA,Hindu,Married,LGBTQ+,No,missing,English,majority,Senior Software Engineer,2,Master's,Tier 3,0.19390549657860723,0.08378731245482296,Rodriguez,Morgan,2026-04-01,Direct,No,0.19390549657860723,,0.14937590464074352
A00004,51,Male,White,USA,Christian,Single,Prefer not to say,No,Visual,English,minority,DevOps Engineer,13,Associates,Tier 2,0.4589856936826948,0.904886935950345,Hernandez,Morgan,2026-04-01,Indeed,No,0.4589856936826948,,0.4362521544241087
A00005,31,Male,White,USA,Christian,Single,Heterosexual,No,missing,English,majority,Sales Representative,12,Bachelor's,Tier 2,0.9805515812350837,0.5033251352706968,Johnson,Morgan,2026-04-01,Indeed,Yes,0.9805515812350837,,0.9309692534852606
A00006,42,Male,White,USA,Hindu,Single,Prefer not to say,No,missing,English,majority,ML Engineer,1,Master's,Tier 1,0.8163722161722289,0.6993819852708849,Okafor,Casey,2026-04-01,LinkedIn,Yes,0.8163722161722289,,0.8193793963021008
A00007,54,Male,Asian,USA,Hindu,Single,Heterosexual,No,missing,English,majority,DevOps Engineer,18,Bachelor's,Tier 1,0.9698720654509762,0.06370977189260452,Rodriguez,Casey,2026-04-01,Indeed,Yes,0.9698720654509762,,1.0368828277287028
A00008,44,Female,White,USA,Muslim,Married,Heterosexual,No,Mobility,English,minority,Business Analyst,14,Bachelor's,Tier 2,0.6768269245619385,0.9934920940129165,Nguyen,Riley,2026-04-01,LinkedIn,No,0.6768269245619385,,0.652216598634372
A00009,47,Female,Hispanic,USA,Muslim,missing,Heterosexual,Yes,missing,English,majority,Senior Software Engineer,3,Bachelor's,Tier 2,0.007344399894807396,0.5378764821434956,Patel,Riley,2026-04-01,LinkedIn,No,0.007344399894807396,,-0.023679345096189627
A00010,49,Male,White,India,Christian,Married,Heterosexual,No,missing,English,majority,Senior Software Engineer,3,Bachelor's,Tier 2,0.697808500294077,0.2826338573317879,Patel,Riley,2026-04-01,LinkedIn,Yes,0.697808500294077,,0.722300602803337
A00011,31,Male,White,USA,Muslim,missing,Heterosexual,No,missing,English,majority,Sales Representative,4,Bachelor's,Tier 2,0.714419475661892,0.6673740438593484,Khan,Skyler,2026-04-01,LinkedIn,Yes,0.714419475661892,,0.732263826069895
A00012,51,Male,White,USA,Christian,Single,Heterosexual,No,missing,English,majority,Software Engineer,11,Master's,Tier 3,0.8544127391913284,0.9131375889674925,Wang,Casey,2026-04-01,Referral,Yes,0.8544127391913284,,0.8596834516412234
A00013,55,Female,White,USA,Christian,missing,Heterosexual,Yes,Mobility,English,minority,Software Engineer,5,Bachelor's,Tier 1,0.0642172997452164,0.9141834348384709,Lee,Morgan,2026-04-01,Indeed,No,0.0642172997452164,,0.017693897509806156
A00014,51,Male,Black,USA,Christian,Single,Heterosexual,No,missing,English,minority,Marketing Manager,24,Associates,Tier 2,0.7036772909502118,0.6249889620718407,Johnson,Jordan,2026-04-01,Referral,Yes,0.7036772909502118,,0.7022146998270481
A00015,36,Female,White,India,Christian,Married,Heterosexual,Yes,missing,English,majority,ML Engineer,22,Bachelor's,Tier 2,0.7291207662196246,0.42314374790296694,Singh,Morgan,2026-04-01,Indeed,Yes,0.7291207662196246,,0.763885925942539
A00016,53,Male,White,USA,Christian,Single,Heterosexual,No,Mobility,English,majority,Senior Software Engineer,1,Bachelor's,Tier 2,0.41936803619254337,0.5812517851224144,Hernandez,Alex,2026-04-01,Indeed,No,0.41936803619254337,,0.3521573088282893
A00017,53,Female,Hispanic,USA,Christian,Married,Heterosexual,No,missing,English,minority,Data Scientist,20,Master's,Tier 2,0.3375575022928643,0.7848357535351275,Smith,Casey,2026-04-01,LinkedIn,No,0.3375575022928643,,0.3146767142408534
A00018,20,Female,White,USA,Christian,Single,Heterosexual,No,missing,English,majority,ML Engineer,6,Bachelor's,Tier 3,0.03394817012371898,0.8425477738218616,Rodriguez,Riley,2026-04-01,Referral,No,0.03394817012371898,,-0.061112966866323226
A00019,46,Female,White,USA,Muslim,Single,Heterosexual,No,missing,English,minority,Software Engineer,16,Bachelor's,Tier 3,0.5954804604708497,0.37856343907932155,Williams,Riley,2026-04-01,Referral,No,0.5954804604708497,,0.5310035734816009
A00020,26,Male,White,USA,Christian,Single,Heterosexual,No,Hearing,English,majority,Business Analyst,22,Master's,Tier 2,0.17673857639555512,0.30568895954493824,Diallo,Morgan,2026-04-01,LinkedIn,No,0.17673857639555512,,0.0846518245059685
A00021,22,Male,White,USA,Christian,Single,Heterosexual,No,missing,English,majority,Sales Representative,9,Associates,Tier 2,0.18783029393782413,0.7840225138923742,Rodriguez,Skyler,2026-04-01,Direct,No,0.18783029393782413,,0.17607573738409008
A00022,23,Male,Asian,USA,missing,Single,Heterosexual,Yes,Visual,English,majority,UX Designer,5,Bachelor's,Tier 3,0.7116078759370881,0.8444131436768364,Okafor,Riley,2026-04-01,Direct,Yes,0.7116078759370881,,0.6482355518649029
A00023,51,Male,Hispanic,USA,missing,Single,Heterosexual,No,missing,English,majority,Business Analyst,8,Associates,Tier 2,0.10198568831895871,0.052867600814095694,Khan,Morgan,2026-04-01,Direct,No,0.10198568831895871,,0.11554890626004378
A00024,28,Female,Middle Eastern,Mexico,Buddhist,Married,Heterosexual,No,Cognitive/Neurodivergent,English,majority,Product Manager,11,PhD,Tier 1,0.0036343792281129383,0.04814468824697726,Garcia,Casey,2026-04-01,LinkedIn,No,0.0036343792281129383,,0.011471933559324196
A00025,34,Male,Hispanic,USA,Christian,Single,Heterosexual,No,missing,English,minority,Senior Software Engineer,13,Master's,Tier 1,0.47830790578214166,0.7101031390514913,Ahmed,Morgan,2026-04-01,Direct,No,0.47830790578214166,,0.46896135855064397
A00026,47,Female,Middle Eastern,USA,missing,Married,Heterosexual,No,Mobility,English,majority,ML Engineer,12,Bachelor's,Tier 1,0.45910091147824783,0.9435413734786134,Nguyen,Sam,2026-04-01,Referral,No,0.45910091147824783,,0.3332629259372222
A00027,55,Male,White,China,missing,Single,Heterosexual,No,missing,Farsi,majority,DevOps Engineer,21,Associates,Tier 3,0.9791190784061439,0.8977853766566841,Kim,Casey,2026-04-01,LinkedIn,Yes,0.9791190784061439,,0.952184433613812
A00028,27,Female,Asian,China,missing,Married,Heterosexual,No,missing,English,majority,Software Engineer,1,Bachelor's,Tier 2,0.8930166367725497,0.6299053298229377,Lee,Alex,2026-04-01,Indeed,Yes,0.8930166367725497,,0.8905915895024962
A00029,48,Female,White,USA,Christian,Married,Heterosexual,No,missing,English,majority,Senior Software Engineer,18,Bachelor's,Tier 2,0.20154668779792928,0.3692423851072889,Rodriguez,Jordan,2026-04-01,Referral,No,0.20154668779792928,,0.20721213709809466
A00030,30,Male,White,USA,missing,Single,Heterosexual,No,missing,English,majority,ML Engineer,20,Bachelor's,Tier 2,0.08669555493005598,0.5936251855414307,Chen,Sam,2026-04-01,Direct,No,0.08669555493005598,,0.010188766654786297
A00031,44,Female,White,USA,missing,Married,Heterosexual,No,Visual,Spanish,majority,Marketing Manager,14,Bachelor's,Tier 2,0.6701833660357903,0.0004126866597139456,Singh,Jordan,2026-04-01,LinkedIn,No,0.6701833660357903,,0.6462957022340938
A00032,41,Female,White,USA,Christian,Single,Heterosexual,No,missing,English,minority,ML Engineer,21,Bachelor's,missing,0.3519249026670823,0.6111951082065255,Williams,Riley,2026-04-01,Referral,No,0.3519249026670823,,0.3029989487642503
A00033,57,Male,Middle Eastern,USA,Christian,Divorced,Heterosexual,No,missing,English,minority,UX Designer,8,Bachelor's,Tier 2,0.3796271428373402,0.9899505261312285,Chen,Morgan,2026-04-01,Referral,No,0.3796271428373402,,0.33918528086606026
A00034,34,Female,White,USA,Buddhist,Married,Heterosexual,Yes,Cognitive/Neurodivergent,English,majority,Data Scientist,12,Bachelor's,Tier 2,0.7445132945077257,0.07929372165964566,Johnson,Skyler,2026-04-01,Indeed,Yes,0.7445132945077257,,0.7975582256770297
A00035,57,Male,White,USA,Jewish,Married,Heterosexual,No,missing,English,majority,Business Analyst,17,Bachelor's,Tier 2,0.24754280085096914,0.26788387431428995,Kim,Casey,2026-04-01,LinkedIn,No,0.24754280085096914,,0.2071660670843743
A00036,22,Female,Asian,USA,Christian,Single,Heterosexual,No,missing,English,minority,Software Engineer,2,Associates,Tier 1,0.3780797525165168,0.6418458289919631,Khan,Skyler,2026-04-01,Direct,No,0.3780797525165168,,0.3764536672692408
A00037,58,Female,Asian,USA,Christian,Married,Heterosexual,No,Cognitive/Neurodivergent,English,majority,ML Engineer,9,PhD,Tier 2,0.19397297530087865,0.9879481371116806,Okafor,Morgan,2026-04-01,Indeed,No,0.19397297530087865,,0.23819246867003735
A00038,56,Male,White,USA,missing,Married,Heterosexual,No,Cognitive/Neurodivergent,Spanish,majority,Marketing Manager,8,PhD,Tier 2,0.746505012167839,0.4580025546542835,Brown,Skyler,2026-04-01,Referral,Yes,0.746505012167839,,0.717324990530674
A00039,26,Male,Hispanic,USA,missing,Single,Heterosexual,No,missing,English,majority,Business Analyst,22,Bachelor's,Tier 1,0.24212223908973174,0.46452090853016137,Kim,Alex,2026-04-01,Indeed,No,0.24212223908973174,,0.23653714161052375
A00040,26,Male,White,USA,missing,Married,Heterosexual,No,missing,English,minority,Business Analyst,2,PhD,Tier 1,0.5969318184181418,0.6592746911225484,Cohen,Skyler,2026-04-01,LinkedIn,No,0.5969318184181418,,0.6024550255806158
A00041,37,Male,Asian,USA,Muslim,Married,Prefer not to say,No,missing,English,majority,Software Engineer,2,Bachelor's,Tier 1,0.81085193683691,0.4544733466452986,Garcia,Alex,2026-04-01,Indeed,Yes,0.81085193683691,,0.8140410255496632
A00042,38,Female,White,India,Christian,Single,Heterosexual,No,missing,English,majority,Product Manager,6,Bachelor's,Tier 2,0.027154682065078317,0.2937442485184383,Brown,Sam,2026-04-01,Referral,No,0.027154682065078317,,-0.03409810925580636
A00043,46,Female,Middle Eastern,USA,Christian,Single,Heterosexual,No,missing,English,majority,Sales Representative,0,Bachelor's,Tier 2,0.9757029398724013,0.5892680202341289,Rodriguez,Morgan,2026-04-01,Referral,Yes,0.9757029398724013,,0.9795099513912517
A00044,39,Male,White,USA,Christian,Single,Heterosexual,No,missing,English,majority,Marketing Manager,9,Master's,missing,0.11862678981213504,0.8289070517261223,Garcia,Casey,2026-04-01,Indeed,No,0.11862678981213504,,0.1865679608992119
A00045,45,Female,Asian,USA,missing,Single,Heterosexual,No,missing,English,majority,Marketing Manager,22,Bachelor's,Tier 1,0.10746301558285531,0.14060768876539065,Ahmed,Riley,2026-04-01,Indeed,No,0.10746301558285531,,0.030105781676431187
A00046,48,Male,Asian,China,Christian,Married,Heterosexual,No,missing,English,majority,UX Designer,4,Associates,Tier 3,0.28100443314328205,0.5174458046863528,Diallo,Taylor,2026-04-01,Indeed,No,0.28100443314328205,,0.32397356754436196
A00047,53,Female,Middle Eastern,USA,missing,Married,Heterosexual,No,missing,Hindi,majority,Senior Software Engineer,18,Master's,Tier 1,0.44833719834432617,0.31708544585831366,Khan,Casey,2026-04-01,Direct,No,0.44833719834432617,,0.4543048996291552
A00048,38,Male,White,USA,missing,Married,Heterosexual,No,missing,English,majority,UX Designer,7,High School,Tier 2,0.19452265392883927,0.7595029822683214,Wang,Jordan,2026-04-01,Indeed,No,0.19452265392883927,,0.1624491342234782
A00049,39,Female,Middle Eastern,USA,Christian,Single,LGBTQ+,No,missing,English,majority,Product Manager,23,Bachelor's,Tier 2,0.8258566154539071,0.20872365299440998,Okafor,Skyler,2026-04-01,Direct,Yes,0.8258566154539071,,0.9258774427710282
A00050,33,Male,White,USA,Christian,Single,Heterosexual,No,missing,English,minority,ML Engineer,21,PhD,Tier 2,0.7648650918118631,0.7209420374699632,Hernandez,Morgan,2026-04-01,Direct,Yes,0.7648650918118631,,0.8029780774160987
A00051,55,Male,White,USA,Christian,Married,LGBTQ+,No,Visual,English,majority,Software Engineer,9,Bachelor's,missing,0.13804828300588323,0.12311563994694852,Wang,Alex,2026-04-01,Direct,No,0.13804828300588323,,0.07808383790062207
A00052,20,Female,White,China,Christian,Married,Heterosexual,No,missing,English,minority,Software Engineer,16,Bachelor's,missing,0.6416723799634376,0.7188675195079893,Cohen,Riley,2026-04-01,LinkedIn,No,0.6416723799634376,,0.6453981914020108
A00053,30,Female,Black,USA,missing,Married,Heterosexual,No,missing,English,majority,ML Engineer,7,Bachelor's,Tier 1,0.7323361865381033,0.42293472878276184,Diallo,Skyler,2026-04-01,Indeed,Yes,0.7323361865381033,,0.7611706657216125
A00054,44,Male,White,China,Christian,Married,Heterosexual,No,missing,English,majority,Business Analyst,10,Master's,Tier 2,0.5699617211978344,0.026238897681701623,Brown,Taylor,2026-04-01,LinkedIn,No,0.5699617211978344,,0.5605226149302969
A00055,47,Female,White,USA,Buddhist,Single,Heterosexual,No,Hearing,English,minority,ML Engineer,13,Master's,Tier 2,0.8510167621817328,0.4383421879125865,Singh,Riley,2026-04-01,Referral,Yes,0.8510167621817328,,0.8851622755414932
A00056,24,Female,White,Mexico,Christian,Single,Heterosexual,No,missing,English,minority,Product Manager,18,Master's,Tier 2,0.6361372725800347,0.04486761986264487,Williams,Taylor,2026-04-01,LinkedIn,No,0.6361372725800347,,0.632811406572564
A00057,43,Male,Native American,USA,Christian,Single,Heterosexual,No,missing,English,majority,Senior Software Engineer,15,Bachelor's,Tier 2,0.20078281108135088,0.0799398860559869,Khan,Jordan,2026-04-01,Indeed,No,0.20078281108135088,,0.23414518912306728
A00058,62,Male,White,Egypt,Muslim,Divorced,Heterosexual,No,missing,English,majority,Sales Representative,7,Master's,missing,0.8138254354080442,0.5797242727854283,Diallo,Jordan,2026-04-01,Indeed,Yes,0.8138254354080442,,0.8857515649908518
A00059,33,Female,Middle Eastern,USA,missing,Single,Heterosexual,No,missing,English,minority,Product Manager,7,Master's,Tier 1,0.33830157630292923,0.29280225215272204,Ahmed,Morgan,2026-04-01,Indeed,No,0.33830157630292923,,0.3045184637526466
A00060,49,Male,Hispanic,USA,Christian,missing,Heterosexual,No,Hearing,English,majority,Data Scientist,9,High School,Tier 2,0.24736440838299179,0.9417024467478862,Smith,Sam,2026-04-01,Referral,No,0.24736440838299179,,0.25752133890247225
A00061,60,Male,White,USA,Christian,Married,Heterosexual,No,missing,English,majority,Sales Representative,6,Bachelor's,Tier 1,0.5216377901342226,0.8555571199981379,Williams,Taylor,2026-04-01,LinkedIn,No,0.5216377901342226,,0.49847241130730185
A00062,39,Male,White,Iran,missing,Married,Heterosexual,No,missing,English,majority,Software Engineer,17,Bachelor's,Tier 3,0.13667692013901145,0.3115073623601722,Okafor,Jordan,2026-04-01,Indeed,No,0.13667692013901145,,0.143040340700303
A00063,26,Female,Hispanic,USA,Christian,Married,Heterosexual,No,Mobility,English,majority,Software Engineer,12,Bachelor's,Tier 3,0.906093726045443,0.22502189504063208,Cohen,Riley,2026-04-01,LinkedIn,Yes,0.906093726045443,,0.846733999652936
A00064,52,Male,Hispanic,USA,Muslim,Single,Heterosexual,Yes,Visual,English,minority,Marketing Manager,2,Bachelor's,Tier 2,0.18968504345768233,0.393771347217027,Khan,Sam,2026-04-01,Referral,No,0.18968504345768233,,0.16071996363254867
A00065,38,Male,White,USA,Christian,Single,Heterosexual,No,missing,English,majority,Product Manager,9,Bachelor's,Tier 1,0.7139826136037024,0.71698447275307,Hernandez,Taylor,2026-04-01,Direct,Yes,0.7139826136037024,,0.7041728149634776
A00066,46,Male,Black,Vietnam,Hindu,Divorced,Heterosexual,No,missing,English,majority,Business Analyst,3,Bachelor's,Tier 2,0.6156869349129345,0.6327614325671085,Williams,Skyler,2026-04-01,Referral,No,0.6156869349129345,,0.6606251285179549
A00067,54,Female,Asian,USA,missing,Single,Heterosexual,No,missing,Hindi,majority,Data Scientist,14,PhD,Tier 3,0.32470895079405604,0.10514259206980514,Khan,Riley,2026-04-01,LinkedIn,No,0.32470895079405604,,0.38197005116676264
A00068,23,Male,Hispanic,USA,Christian,Divorced,Heterosexual,No,Visual,English,majority,Sales Representative,6,High School,Tier 2,0.271232138259237,0.9413322824410874,Khan,Alex,2026-04-01,Indeed,No,0.271232138259237,,0.20505574863502424
A00069,35,Female,Hispanic,USA,missing,Married,Heterosexual,No,Mobility,Spanish,minority,Product Manager,21,Bachelor's,Tier 3,0.5497279877963032,0.08314225749423898,Wang,Sam,2026-04-01,Indeed,No,0.5497279877963032,,0.5099958694969506
A00070,58,Female,White,USA,Christian,missing,Heterosexual,No,Visual,English,majority,Business Analyst,11,Bachelor's,Tier 2,0.8865776192673616,0.6315873899029827,Garcia,Sam,2026-04-01,LinkedIn,Yes,0.8865776192673616,,0.9189227903960326
A00071,28,Male,Asian,USA,Christian,Divorced,LGBTQ+,No,missing,English,majority,ML Engineer,6,Master's,missing,0.8460252154157183,0.04199613784826506,Smith,Alex,2026-04-01,Indeed,Yes,0.8460252154157183,,0.7464042262069935
A00072,44,Male,White,USA,Christian,Single,Heterosexual,Yes,missing,Farsi,majority,UX Designer,22,Master's,missing,0.2695683660334264,0.9802559417301832,Diallo,Riley,2026-04-01,Direct,No,0.2695683660334264,,0.24640987278580803
A00073,43,Male,Middle Eastern,USA,Christian,Married,Heterosexual,No,missing,English,majority,Product Manager,9,Bachelor's,missing,0.9625952246418755,0.09169018894573966,Khan,Sam,2026-04-01,Direct,Yes,0.9625952246418755,,0.9577308783583711
A00074,41,Male,White,USA,Christian,Married,Heterosexual,No,missing,Spanish,majority,ML Engineer,4,Bachelor's,Tier 2,0.29008699401706517,0.17118652496880238,Garcia,Riley,2026-04-01,Direct,No,0.29008699401706517,,0.35293774288140617
A00075,25,Male,White,Mexico,Christian,Married,Heterosexual,No,missing,English,majority,Product Manager,11,Bachelor's,Tier 2,0.4253821854625136,0.4219360450880555,Rodriguez,Skyler,2026-04-01,Direct,No,0.4253821854625136,,0.45985238049105137
A00076,20,Male,White,USA,Christian,missing,Heterosexual,Yes,missing,English,majority,UX Designer,6,Bachelor's,Tier 2,0.28242397190286017,0.45616638643997165,Chen,Skyler,2026-04-01,Direct,No,0.28242397190286017,,0.2660633008917503
A00077,22,Female,Asian,USA,Muslim,Divorced,Heterosexual,No,missing,English,majority,UX Designer,13,Bachelor's,Tier 1,0.5260051916879683,0.31951226997215987,Patel,Casey,2026-04-01,Indeed,No,0.5260051916879683,,0.5075763969829704
A00078,37,Female,Asian,China,Christian,Married,Heterosexual,No,missing,English,majority,Business Analyst,13,Bachelor's,Tier 3,0.05679467653916326,0.2037725609723604,Johnson,Taylor,2026-04-01,Indeed,No,0.05679467653916326,,0.04428490651326701
A00079,52,Female,White,USA,missing,Single,Heterosexual,No,missing,English,majority,UX Designer,12,PhD,Tier 2,0.5761052939050455,0.16957787735403795,Singh,Morgan,2026-04-01,LinkedIn,No,0.5761052939050455,,0.6522817639278535
A00080,38,Male,White,USA,Christian,Single,Heterosexual,No,missing,English,majority,ML Engineer,18,Bachelor's,Tier 2,0.44101328976448695,0.7187918078228321,Garcia,Alex,2026-04-01,Indeed,No,0.44101328976448695,,0.41961204263584356
A00081,59,Female,Hispanic,USA,missing,Married,Heterosexual,No,missing,English,majority,Marketing Manager,13,Bachelor's,Tier 1,0.14013977530952515,0.9703534469804914,Diallo,Casey,2026-04-01,Referral,No,0.14013977530952515,,0.12495575589128868
A00082,34,Female,White,USA,Christian,Single,Heterosexual,No,missing,Spanish,minority,Software Engineer,12,High School,Tier 3,0.7379386165200299,0.8939010298729132,Khan,Skyler,2026-04-01,Direct,Yes,0.7379386165200299,,0.7555680698842931
A00083,21,Female,White,USA,Christian,Married,Heterosexual,No,Hearing,Mandarin,majority,Sales Representative,18,Associates,Tier 2,0.3023048006543243,0.29495012912082963,Ahmed,Morgan,2026-04-01,Direct,No,0.3023048006543243,,0.2962662784000015
A00084,61,Non-binary,Middle Eastern,USA,Christian,Single,Heterosexual,No,missing,Spanish,majority,Sales Representative,4,Master's,Tier 1,0.26898585533068564,0.5293856656650754,Kim,Taylor,2026-04-01,Referral,No,0.26898585533068564,,0.2591216439323995
A00085,24,Female,White,USA,Christian,Divorced,Heterosexual,No,missing,English,majority,Data Scientist,6,Bachelor's,Tier 3,0.281202656329146,0.933609783397598,Cohen,Taylor,2026-04-01,Direct,No,0.281202656329146,,0.22549929917159317
A00086,44,Male,Asian,Mexico,Christian,Married,Heterosexual,No,missing,English,majority,DevOps Engineer,0,Bachelor's,Tier 2,0.08631731759824046,0.38345002015263263,Singh,Sam,2026-04-01,LinkedIn,No,0.08631731759824046,,0.08574124419631306
A00087,46,Male,White,USA,Muslim,Married,LGBTQ+,No,missing,English,minority,Sales Representative,15,Master's,Tier 2,0.5101622559177095,0.824260385975127,Garcia,Taylor,2026-04-01,Referral,No,0.5101622559177095,,0.4879831947689885
A00088,50,Female,Asian,USA,missing,Married,Heterosexual,No,missing,English,majority,Software Engineer,14,Bachelor's,Tier 2,0.8265259222434209,0.5093360746849311,Kim,Taylor,2026-04-01,Indeed,Yes,0.8265259222434209,,0.884832311052932
A00089,49,Male,White,USA,missing,Married,Heterosexual,No,missing,English,majority,Sales Representative,2,Bachelor's,missing,0.6101723537773354,0.453670123470685,Smith,Skyler,2026-04-01,LinkedIn,No,0.6101723537773354,,0.6428267789123936
A00090,35,Female,White,USA,Christian,Divorced,Heterosexual,No,Mobility,English,majority,Software Engineer,1,Associates,Tier 2,0.569908243847822,0.627274389047174,Nguyen,Alex,2026-04-01,Direct,No,0.569908243847822,,0.5687010631973254
A00091,40,Female,White,USA,Christian,Divorced,Heterosexual,No,Cognitive/Neurodivergent,English,minority,Product Manager,1,Master's,Tier 2,0.16646118990382175,0.2837046913884923,Williams,Skyler,2026-04-01,Direct,No,0.16646118990382175,,0.19988024106718894
A00092,22,Non-binary,Asian,USA,missing,Single,Heterosexual,No,missing,English,majority,UX Designer,8,Associates,Tier 2,0.11185844879916484,0.6871565889548199,Wang,Skyler,2026-04-01,Direct,No,0.11185844879916484,,0.09486497121350737
A00093,36,Male,Hispanic,USA,missing,Single,Prefer not to say,No,missing,English,minority,Senior Software Engineer,4,Bachelor's,Tier 2,0.4218724117916379,0.22709159692546144,Chen,Morgan,2026-04-01,LinkedIn,No,0.4218724117916379,,0.47447872971298527
A00094,43,Male,White,USA,Christian,Divorced,Heterosexual,No,missing,English,minority,Business Analyst,17,Bachelor's,Tier 2,0.9871291014684357,0.9902384588667562,Okafor,Morgan,2026-04-01,Indeed,Yes,0.9871291014684357,,0.9868591234348544
A00095,46,Male,Hispanic,Egypt,Buddhist,Single,Heterosexual,No,missing,English,minority,Product Manager,21,Bachelor's,Tier 2,0.208849685156974,0.8994846700509075,Smith,Alex,2026-04-01,Direct,No,0.208849685156974,,0.2380188028659947
A00096,30,Male,White,USA,Christian,Single,Heterosexual,Yes,missing,English,minority,DevOps Engineer,15,Bachelor's,Tier 2,0.7739499503718722,0.783491843937896,Diallo,Sam,2026-04-01,LinkedIn,Yes,0.7739499503718722,,0.7094052881056978
A00097,45,Male,Native American,India,Muslim,Single,Heterosexual,No,missing,English,majority,DevOps Engineer,12,Bachelor's,Tier 3,0.5917401650189777,0.8309262838947592,Okafor,Morgan,2026-04-01,Indeed,No,0.5917401650189777,,0.6090741674628992
A00098,56,Male,Hispanic,USA,Christian,Divorced,Heterosexual,No,missing,English,majority,Data Scientist,9,Bachelor's,Tier 1,0.19955932120695163,0.11630710166468805,Williams,Sam,2026-04-01,Direct,No,0.19955932120695163,,0.11514911533862454
A00099,46,Female,Hispanic,USA,Christian,Divorced,Prefer not to say,No,Visual,English,minority,UX Designer,3,Bachelor's,Tier 2,0.8349335951627596,0.4275849751251486,Brown,Skyler,2026-04-01,LinkedIn,Yes,0.8349335951627596,,0.7331671479157629
A00100,30,Non-binary,White,USA,Christian,Divorced,Heterosexual,No,missing,English,majority,UX Designer,23,Bachelor's,Tier 2,0.4571086621458684,0.1553833575935889,Cohen,Morgan,2026-04-01,Referral,No,0.4571086621458684,,0.4418848182602966
A00101,56,Male,White,USA,Muslim,Single,Heterosexual,No,missing,Spanish,majority,DevOps Engineer,15,Bachelor's,Tier 2,0.9272080462625127,0.967505746061743,Wang,Casey,2026-04-01,Direct,Yes,0.9272080462625127,,0.8822116658825829
A00102,24,Male,White,USA,missing,Single,Heterosexual,No,missing,English,majority,Product Manager,0,Master's,Tier 3,0.19994923866963965,0.9370883470552783,Cohen,Alex,2026-04-01,Indeed,No,0.19994923866963965,,0.20815187845525077
A00103,28,Female,White,USA,Hindu,Single,Heterosexual,No,missing,English,majority,Business Analyst,12,Master's,Tier 2,0.6259572827465555,0.9075151586190165,Williams,Riley,2026-04-01,Direct,No,0.6259572827465555,,0.738195114070858
A00104,39,Female,Hispanic,USA,Muslim,Married,Heterosexual,No,missing,English,majority,Product Manager,22,Master's,Tier 1,0.07458084441722235,0.5021827712881952,Hernandez,Jordan,2026-04-01,Indeed,No,0.07458084441722235,,0.03299468534661826
A00105,22,Male,White,USA,Muslim,Married,Heterosexual,No,missing,English,minority,Senior Software Engineer,0,Bachelor's,Tier 2,0.7285675895480245,0.7067045981454375,Rodriguez,Riley,2026-04-01,Referral,Yes,0.7285675895480245,,0.6973704102258291
A00106,29,Female,Hispanic,USA,Christian,Married,Heterosexual,No,Hearing,English,majority,Marketing Manager,17,Bachelor's,Tier 2,0.721039376181712,0.4315723003373594,Kim,Morgan,2026-04-01,LinkedIn,Yes,0.721039376181712,,0.731309573484947
A00107,41,Male,Asian,USA,Muslim,Married,Heterosexual,No,Cognitive/Neurodivergent,English,majority,Software Engineer,24,Bachelor's,Tier 2,0.2927962397242262,0.010743783126300976,Patel,Sam,2026-04-01,Direct,No,0.2927962397242262,,0.317446904294844
A00108,35,Male,White,USA,Christian,Single,Heterosexual,No,missing,English,majority,Software Engineer,11,Master's,Tier 2,0.0401008921335384,0.8555562550046889,Hernandez,Jordan,2026-04-01,LinkedIn,No,0.0401008921335384,,0.031280588838250495
A00109,42,Male,Black,USA,Jewish,Married,Heterosexual,No,missing,Hindi,majority,UX Designer,16,Bachelor's,missing,0.9448817536210294,0.49301456867149906,Khan,Skyler,2026-04-01,Indeed,Yes,0.9448817536210294,,0.9345852371083686
A00110,49,Female,Hispanic,Mexico,Hindu,Married,Heterosexual,No,missing,English,majority,Sales Representative,16,Associates,Tier 2,0.6121505503333394,0.64994109366783,Ahmed,Skyler,2026-04-01,Referral,No,0.6121505503333394,,0.6472736980893666
A00111,42,Female,Hispanic,USA,Christian,Single,Heterosexual,No,missing,English,majority,DevOps Engineer,20,Bachelor's,Tier 1,0.06275115752995053,0.4369628129159312,Diallo,Casey,2026-04-01,LinkedIn,No,0.06275115752995053,,0.08874653938164545
A00112,20,Male,Hispanic,USA,Muslim,Married,Prefer not to say,No,missing,English,majority,Sales Representative,4,High School,Tier 3,0.16513206214325848,0.3241900690836751,Singh,Sam,2026-04-01,LinkedIn,No,0.16513206214325848,,0.11344827053957404
A00113,22,Male,White,Mexico,Christian,Single,Heterosexual,No,Cognitive/Neurodivergent,English,majority,UX Designer,22,Bachelor's,Tier 1,0.9216379186269799,0.8516814538324702,Kim,Skyler,2026-04-01,Indeed,Yes,0.9216379186269799,,0.9176788526961878
A00114,43,Male,White,Mexico,missing,Single,LGBTQ+,No,missing,English,majority,DevOps Engineer,2,Bachelor's,Tier 3,0.28848208659089514,0.1510838115566714,Okafor,Casey,2026-04-01,Indeed,No,0.28848208659089514,,0.29024642902396885
A00115,54,Female,Asian,USA,Christian,Married,Heterosexual,No,Cognitive/Neurodivergent,English,minority,Sales Representative,9,Master's,Tier 3,0.25721073806554595,0.7539381663416349,Smith,Taylor,2026-04-01,Direct,No,0.25721073806554595,,0.20448650696309043
A00116,39,Male,White,USA,Christian,Single,Heterosexual,No,missing,English,majority,Software Engineer,4,Master's,Tier 2,0.5237540272283395,0.6241314537687652,Okafor,Taylor,2026-04-01,Direct,No,0.5237540272283395,,0.5367459822620577
A00117,21,Male,White,USA,Christian,Single,Heterosexual,No,missing,English,majority,Data Scientist,22,Bachelor's,Tier 3,0.7502396665253687,0.017674667814556067,Singh,Jordan,2026-04-01,Referral,Yes,0.7502396665253687,,0.7073418426665414
A00118,55,Female,White,USA,Christian,missing,Heterosexual,No,missing,English,majority,DevOps Engineer,2,Bachelor's,Tier 1,0.5057535337353227,0.7585402454502793,Singh,Casey,2026-04-01,Indeed,No,0.5057535337353227,,0.5543568691311749
A00119,28,Female,White,USA,missing,Single,Prefer not to say,No,missing,English,majority,Software Engineer,20,Bachelor's,Tier 3,0.9465472169506406,0.39517586215894973,Brown,Alex,2026-04-01,Referral,Yes,0.9465472169506406,,0.9561845125808942
A00120,56,Male,White,USA,Christian,Divorced,Heterosexual,No,missing,English,majority,ML Engineer,18,Master's,Tier 3,0.12168954969946699,0.5835603163118125,Lee,Taylor,2026-04-01,Referral,No,0.12168954969946699,,0.1261548739879195
A00121,39,Female,Hispanic,USA,missing,Single,Heterosexual,No,missing,English,majority,DevOps Engineer,4,Bachelor's,Tier 2,0.5758754355827337,0.5354947670297796,Lee,Taylor,2026-04-01,Direct,No,0.5758754355827337,,0.54632401793992
A00122,25,Male,White,USA,Christian,Married,Heterosexual,No,missing,English,majority,UX Designer,14,Bachelor's,Tier 1,0.35258364695033595,0.4327750796701042,Smith,Taylor,2026-04-01,LinkedIn,No,0.35258364695033595,,0.3466531557564512
A00123,40,Female,White,USA,Christian,Divorced,LGBTQ+,No,missing,English,majority,Marketing Manager,6,Master's,Tier 2,0.6661480759076643,0.3958688746387913,Khan,Sam,2026-04-01,LinkedIn,No,0.6661480759076643,,0.5662607612623116
A00124,59,Male,Asian,USA,Christian,Single,Heterosexual,No,missing,English,majority,Sales Representative,8,Bachelor's,Tier 3,0.03199022335951285,0.45609953612384235,Patel,Casey,2026-04-01,Direct,No,0.03199022335951285,,-0.024580150166640086
A00125,28,Male,White,USA,Muslim,Married,Heterosexual,No,Cognitive/Neurodivergent,Spanish,minority,Marketing Manager,13,High School,Tier 1,0.9200441763364267,0.848185909687888,Lee,Skyler,2026-04-01,Indeed,Yes,0.9200441763364267,,0.9381861662958644
A00126,38,Female,Asian,USA,Christian,Single,Heterosexual,No,Cognitive/Neurodivergent,English,majority,Marketing Manager,8,Bachelor's,Tier 3,0.35250066523332213,0.7674141600798723,Kim,Alex,2026-04-01,LinkedIn,No,0.35250066523332213,,0.2460723131422149
A00127,41,Male,Black,USA,Buddhist,Single,Heterosexual,Yes,missing,English,minority,DevOps Engineer,11,High School,missing,0.06615736456996035,0.8596670504829103,Cohen,Casey,2026-04-01,Direct,No,0.06615736456996035,,0.10848779064401853
A00128,24,Male,White,USA,Christian,Married,LGBTQ+,No,missing,English,minority,Business Analyst,16,PhD,missing,0.677940054673285,0.7793929774904448,Garcia,Sam,2026-04-01,Indeed,No,0.677940054673285,,0.5906352309045896
A00129,22,Female,White,USA,Christian,Married,Heterosexual,No,missing,English,minority,Data Scientist,14,Bachelor's,Tier 2,0.5498998923468258,0.6537186782096379,Chen,Jordan,2026-04-01,Referral,No,0.5498998923468258,,0.5877368174800391
A00130,31,Male,Hispanic,USA,missing,Married,Heterosexual,No,missing,English,minority,Business Analyst,23,Bachelor's,Tier 3,0.4258983912903598,0.8565681339408951,Hernandez,Sam,2026-04-01,Indeed,No,0.4258983912903598,,0.38362353964639356
A00131,59,Female,Native American,USA,missing,Married,Heterosexual,No,missing,English,minority,Marketing Manager,6,Bachelor's,Tier 1,0.6925111217930889,0.3083239045376197,Singh,Riley,2026-04-01,Direct,Yes,0.6925111217930889,,0.731460676010212
A00132,39,Male,White,USA,missing,Single,LGBTQ+,No,missing,English,minority,Software Engineer,16,Master's,Tier 3,0.9399198291142243,0.47450965897781705,Ahmed,Casey,2026-04-01,LinkedIn,Yes,0.9399198291142243,,0.9464673894934643
A00133,31,Male,Black,USA,missing,Single,Heterosexual,Yes,missing,English,majority,Senior Software Engineer,11,Bachelor's,Tier 2,0.5987106283127374,0.1210600629581221,Kim,Alex,2026-04-01,LinkedIn,No,0.5987106283127374,,0.5218688812981629
A00134,61,Male,Asian,USA,missing,Single,Heterosexual,No,missing,Mandarin,majority,Software Engineer,24,Bachelor's,Tier 3,0.8025826576457059,0.6672234619462373,Smith,Sam,2026-04-01,LinkedIn,Yes,0.8025826576457059,,0.8650400951236287
A00135,47,Male,White,USA,Christian,missing,LGBTQ+,No,missing,Farsi,majority,Senior Software Engineer,23,PhD,Tier 2,0.5527805010582727,0.651906764406606,Smith,Taylor,2026-04-01,Direct,No,0.5527805010582727,,0.6248658588344033
A00136,23,Male,White,USA,Christian,Single,Heterosexual,No,missing,English,majority,Marketing Manager,17,Bachelor's,Tier 1,0.19337524744330226,0.013716406762725786,Johnson,Casey,2026-04-01,LinkedIn,No,0.19337524744330226,,0.1900850021432919
A00137,56,Female,White,USA,missing,missing,LGBTQ+,No,missing,English,majority,ML Engineer,21,High School,Tier 2,0.40892652241925687,0.7365429560701777,Diallo,Alex,2026-04-01,LinkedIn,No,0.40892652241925687,,0.3952307088106409
A00138,34,Male,White,USA,Christian,Single,Prefer not to say,No,missing,English,majority,Marketing Manager,6,Master's,Tier 2,0.4353306802410194,0.34442993443818737,Diallo,Skyler,2026-04-01,Direct,No,0.4353306802410194,,0.4273373319424876
A00139,50,Female,White,USA,Christian,Single,Heterosexual,No,missing,Mandarin,majority,UX Designer,10,Master's,Tier 2,0.8313716749555564,0.867099859299224,Rodriguez,Alex,2026-04-01,Direct,Yes,0.8313716749555564,,0.782614058816619
A00140,23,Female,White,USA,Christian,Married,Heterosexual,No,missing,English,majority,Senior Software Engineer,18,High School,Tier 2,0.4793336592515214,0.7283530837819796,Nguyen,Riley,2026-04-01,LinkedIn,No,0.4793336592515214,,0.5342629972393673
A00141,33,Female,White,USA,missing,Married,LGBTQ+,No,missing,English,majority,Marketing Manager,20,Bachelor's,Tier 3,0.3266882365656504,0.12263425853661436,Nguyen,Morgan,2026-04-01,Referral,No,0.3266882365656504,,0.299543639979141
A00142,41,Female,White,Iran,missing,Single,LGBTQ+,No,missing,Spanish,majority,ML Engineer,4,Bachelor's,Tier 1,0.15641584780827722,0.10972329279063575,Khan,Alex,2026-04-01,Indeed,No,0.15641584780827722,,0.15385632717369338
A00143,24,Male,Asian,USA,Hindu,Single,Heterosexual,No,missing,English,majority,DevOps Engineer,17,Master's,Tier 3,0.8343619091207122,0.29424710637782103,Kim,Jordan,2026-04-01,Referral,Yes,0.8343619091207122,,0.79469708896056
A00144,62,Male,White,USA,Muslim,Married,Heterosexual,No,missing,English,majority,Marketing Manager,5,Associates,Tier 3,0.0026407600245599294,0.6798795050987395,Smith,Skyler,2026-04-01,Referral,No,0.0026407600245599294,,-0.028662894961449935
A00145,45,Male,Hispanic,USA,Christian,Single,Heterosexual,No,missing,English,majority,UX Designer,5,Bachelor's,Tier 1,0.362106787979554,0.27819449152075526,Hernandez,Riley,2026-04-01,Indeed,No,0.362106787979554,,0.2982205303969955
A00146,30,Female,Hispanic,Mexico,Christian,Single,Heterosexual,No,missing,English,minority,Sales Representative,2,Bachelor's,Tier 2,0.23997498042138765,0.44902330501880583,Singh,Alex,2026-04-01,Direct,No,0.23997498042138765,,0.3028284461071073
A00147,50,Male,White,USA,Muslim,missing,LGBTQ+,No,missing,English,minority,Marketing Manager,17,Bachelor's,Tier 3,0.21572981976414096,0.022721997468311828,Ahmed,Alex,2026-04-01,Direct,No,0.21572981976414096,,0.2080254411038403
A00148,47,Male,Black,USA,Muslim,Single,Heterosexual,No,missing,English,majority,DevOps Engineer,14,Master's,Tier 2,0.15707004656035517,0.66338800579374,Patel,Sam,2026-04-01,Indeed,No,0.15707004656035517,,0.20536612749679561
A00149,35,Female,White,USA,Buddhist,Married,Heterosexual,No,missing,English,majority,Business Analyst,4,Master's,Tier 2,0.14910860939671688,0.8080740507464501,Wang,Sam,2026-04-01,LinkedIn,No,0.14910860939671688,,0.14977483924237986
A00150,29,Male,Hispanic,USA,Christian,Single,Prefer not to say,No,missing,English,majority,Marketing Manager,13,Associates,Tier 3,0.01575245426315308,0.3835246405372975,Wang,Riley,2026-04-01,Referral,No,0.01575245426315308,,-0.018967722121991624
A00151,54,Female,White,USA,missing,Married,Heterosexual,Yes,missing,English,majority,Software Engineer,9,Bachelor's,missing,0.9379816518712282,0.1779491248068259,Patel,Casey,2026-04-01,Referral,Yes,0.9379816518712282,,0.9216473888711155
A00152,45,Female,White,USA,missing,Single,LGBTQ+,No,Cognitive/Neurodivergent,Farsi,minority,Data Scientist,2,Bachelor's,Tier 1,0.9731025122707737,0.4631163088097173,Ahmed,Casey,2026-04-01,Indeed,Yes,0.9731025122707737,,0.9450909597456287
A00153,31,Male,White,USA,Christian,Single,Heterosexual,No,missing,English,majority,UX Designer,18,Bachelor's,Tier 2,0.7190051808205568,0.6981287881174247,Lee,Skyler,2026-04-01,LinkedIn,Yes,0.7190051808205568,,0.7194031357798024
A00154,25,Male,Middle Eastern,USA,missing,Married,Heterosexual,Yes,missing,English,majority,Software Engineer,0,Bachelor's,Tier 3,0.9059934858261356,0.5299105042652573,Kim,Casey,2026-04-01,Referral,Yes,0.9059934858261356,,0.8872301438422878
A00155,51,Male,White,USA,Jewish,Married,Heterosexual,No,Visual,English,minority,Business Analyst,19,Bachelor's,Tier 3,0.4836729704462218,0.6690943808370476,Rodriguez,Taylor,2026-04-01,LinkedIn,No,0.4836729704462218,,0.4686768846491319
A00156,59,Female,White,USA,missing,Married,Heterosexual,No,missing,English,minority,Data Scientist,17,Master's,Tier 3,0.9797735745263149,0.467781301628196,Patel,Taylor,2026-04-01,Direct,Yes,0.9797735745263149,,0.9108448403195192
A00157,42,Male,White,Iran,missing,Married,Heterosexual,No,missing,English,majority,Software Engineer,15,Bachelor's,Tier 1,0.45039809194340974,0.5725119480336535,Smith,Jordan,2026-04-01,Direct,No,0.45039809194340974,,0.4100557955623537
A00158,58,Male,White,Iran,Christian,missing,Heterosexual,Yes,missing,English,minority,Sales Representative,6,Bachelor's,Tier 3,0.08321745040286721,0.3818611495565748,Brown,Jordan,2026-04-01,Direct,No,0.08321745040286721,,0.16592032784288874
A00159,35,Male,White,USA,Christian,missing,Heterosexual,No,missing,English,minority,Data Scientist,22,Associates,Tier 1,0.854601481465954,0.8127561955211586,Diallo,Sam,2026-04-01,Indeed,Yes,0.854601481465954,,0.8210398206533682
A00160,35,Male,White,USA,Christian,Single,Heterosexual,No,missing,English,majority,Software Engineer,11,Bachelor's,Tier 3,0.9227805440425685,0.2250970312691608,Kim,Sam,2026-04-01,Referral,Yes,0.9227805440425685,,0.8700758546613938
A00161,59,Female,White,USA,Muslim,Married,LGBTQ+,No,missing,English,minority,Product Manager,22,PhD,Tier 2,0.7924479512607662,0.9738823623465565,Lee,Morgan,2026-04-01,LinkedIn,Yes,0.7924479512607662,,0.8093142678895178
A00162,57,Female,White,USA,Buddhist,Married,Prefer not to say,No,Cognitive/Neurodivergent,Mandarin,majority,UX Designer,9,Bachelor's,Tier 1,0.31312327778024884,0.9484612865123477,Lee,Skyler,2026-04-01,LinkedIn,No,0.31312327778024884,,0.38348688775807543
A00163,28,Female,White,USA,Christian,Married,LGBTQ+,Yes,Mobility,Spanish,minority,ML Engineer,18,Master's,Tier 1,0.7305028619448438,0.4012722271783018,Kim,Casey,2026-04-01,Indeed,Yes,0.7305028619448438,,0.6578016468207835
A00164,31,Female,White,USA,Christian,Single,Heterosexual,No,Cognitive/Neurodivergent,English,minority,Data Scientist,6,Bachelor's,Tier 2,0.3363671737695052,0.2322254274154414,Lee,Skyler,2026-04-01,Referral,No,0.3363671737695052,,0.32594108135694166
A00165,43,Female,White,Egypt,Christian,missing,Heterosexual,No,Hearing,English,majority,Business Analyst,14,Associates,Tier 3,0.44216857098704143,0.1423589139541186,Rodriguez,Casey,2026-04-01,Indeed,No,0.44216857098704143,,0.41056594329029605
A00166,62,Male,Asian,USA,Muslim,missing,Heterosexual,No,missing,English,majority,Software Engineer,10,Master's,Tier 2,0.08972360841715155,0.33149539159096386,Garcia,Riley,2026-04-01,Indeed,No,0.08972360841715155,,0.0016726347007813974
A00167,52,Female,Asian,USA,Buddhist,Married,Heterosexual,No,missing,Mandarin,majority,Software Engineer,17,Bachelor's,Tier 3,0.8860529420366786,0.41392037124844716,Williams,Jordan,2026-04-01,Indeed,Yes,0.8860529420366786,,0.9227992774995982
A00168,37,Female,Asian,USA,Christian,Married,Heterosexual,No,Mobility,English,minority,Sales Representative,4,Associates,Tier 3,0.26412113972531925,0.057236933690618885,Garcia,Alex,2026-04-01,Indeed,No,0.26412113972531925,,0.262948943797577
A00169,43,Male,Asian,USA,missing,Single,Heterosexual,No,missing,English,minority,Product Manager,6,Bachelor's,Tier 3,0.08672585318435744,0.44192103318133436,Brown,Morgan,2026-04-01,Referral,No,0.08672585318435744,,0.09029794539898771
A00170,31,Male,White,Mexico,Christian,Single,LGBTQ+,No,missing,English,majority,Marketing Manager,2,Bachelor's,Tier 1,0.6380706157744679,0.03596926588171234,Garcia,Riley,2026-04-01,Indeed,No,0.6380706157744679,,0.6004550421521884
A00171,59,Male,White,USA,Muslim,Single,Heterosexual,No,missing,Spanish,majority,Senior Software Engineer,13,Bachelor's,missing,0.3337522159319215,0.06511021420719865,Johnson,Alex,2026-04-01,LinkedIn,No,0.3337522159319215,,0.3564914240817673
A00172,36,Female,White,India,Jewish,Divorced,Heterosexual,No,missing,Farsi,majority,Senior Software Engineer,22,Associates,Tier 2,0.5596454671884825,0.9890987304975174,Singh,Jordan,2026-04-01,Referral,No,0.5596454671884825,,0.5326805997141164
A00173,31,Female,Asian,USA,Christian,Single,Heterosexual,No,Visual,English,majority,Data Scientist,2,Bachelor's,Tier 2,0.9116008681284483,0.22126232856780925,Johnson,Morgan,2026-04-01,Referral,Yes,0.9116008681284483,,0.9044557077036103
A00174,34,Male,White,USA,Christian,Single,Heterosexual,No,missing,English,minority,Sales Representative,8,Bachelor's,Tier 3,0.7107405908477179,0.07825893599339795,Cohen,Morgan,2026-04-01,Indeed,Yes,0.7107405908477179,,0.6553275512386423
A00175,46,Male,Black,USA,Muslim,Married,Heterosexual,No,missing,Spanish,majority,Software Engineer,18,Associates,Tier 2,0.5156529294974177,0.8887323540495253,Wang,Taylor,2026-04-01,LinkedIn,No,0.5156529294974177,,0.45484779148700794
A00176,47,Female,Black,USA,Christian,Married,Heterosexual,No,missing,English,majority,UX Designer,16,Bachelor's,Tier 2,0.14223788447231833,0.018870401021288785,Ahmed,Sam,2026-04-01,LinkedIn,No,0.14223788447231833,,0.20901447723731947
A00177,60,Female,White,USA,Hindu,Married,Heterosexual,No,Hearing,English,minority,ML Engineer,8,Associates,Tier 3,0.270058304188286,0.08099535211104347,Cohen,Jordan,2026-04-01,LinkedIn,No,0.270058304188286,,0.24470306896136226
A00178,24,Female,Hispanic,USA,Christian,Single,Heterosexual,No,missing,English,minority,UX Designer,18,Master's,Tier 2,0.32729849076900963,0.028217946199122657,Wang,Jordan,2026-04-01,Indeed,No,0.32729849076900963,,0.34188250858679975
A00179,57,Female,Asian,USA,Christian,Single,Heterosexual,No,missing,English,majority,ML Engineer,5,Bachelor's,missing,0.7787524881720439,0.9785092546435641,Singh,Morgan,2026-04-01,Direct,Yes,0.7787524881720439,,0.7770629664336752
A00180,32,Female,Asian,USA,Christian,Single,Heterosexual,No,missing,English,majority,Senior Software Engineer,13,Master's,Tier 1,0.5956904484450941,0.00887619865833611,Hernandez,Alex,2026-04-01,Indeed,No,0.5956904484450941,,0.573633188306985
A00181,43,Male,White,USA,Christian,Single,Heterosexual,No,missing,English,majority,Sales Representative,13,Bachelor's,Tier 2,0.8198997670495849,0.498795779247894,Khan,Skyler,2026-04-01,LinkedIn,Yes,0.8198997670495849,,0.7945017185327239
A00182,56,Female,White,India,Christian,Single,Prefer not to say,No,missing,English,majority,Software Engineer,20,High School,Tier 3,0.5152051451945006,0.25109479938068413,Garcia,Skyler,2026-04-01,LinkedIn,No,0.5152051451945006,,0.5467092747667799
A00183,32,Male,White,Egypt,Buddhist,Married,Heterosexual,No,missing,English,majority,Marketing Manager,19,Bachelor's,Tier 2,0.0998513275678401,0.7244849386692904,Williams,Riley,2026-04-01,LinkedIn,No,0.0998513275678401,,0.08475794734114461
A00184,51,Male,Black,USA,Christian,Single,Heterosexual,No,missing,Mandarin,majority,Marketing Manager,20,Bachelor's,missing,0.374921822784243,0.5385249317350228,Nguyen,Jordan,2026-04-01,Indeed,No,0.374921822784243,,0.3673496403756784
A00185,62,Male,White,USA,missing,Single,Heterosexual,No,missing,English,majority,Business Analyst,3,Bachelor's,Tier 1,0.6905167879913974,0.11115095154276966,Okafor,Alex,2026-04-01,Direct,No,0.6905167879913974,,0.6916278658511213
A00186,21,Female,White,Mexico,missing,Single,Heterosexual,No,missing,English,majority,DevOps Engineer,21,Master's,Tier 3,0.7275008471287215,0.10054137603620084,Smith,Sam,2026-04-01,Indeed,Yes,0.7275008471287215,,0.7863262631413216
A00187,43,Female,Asian,USA,Christian,Single,LGBTQ+,No,missing,English,majority,Senior Software Engineer,12,Bachelor's,Tier 2,0.037939907621492575,0.38355966807336683,Smith,Sam,2026-04-01,Referral,No,0.037939907621492575,,0.07196545635314949
A00188,26,Male,White,USA,missing,Single,Heterosexual,No,missing,English,majority,Sales Representative,16,Associates,Tier 3,0.9067144773212709,0.4489100500968447,Johnson,Taylor,2026-04-01,Direct,Yes,0.9067144773212709,,0.9258444907076705
A00189,21,Female,White,USA,Hindu,Single,Heterosexual,No,missing,English,majority,Senior Software Engineer,1,Associates,Tier 3,0.8814887208665897,0.0376330381434713,Rodriguez,Riley,2026-04-01,Indeed,Yes,0.8814887208665897,,0.8533101511989276
A00190,42,Female,White,USA,Christian,Single,Heterosexual,No,missing,English,majority,Data Scientist,0,Bachelor's,Tier 3,0.18562368566693555,0.22088572861441846,Ahmed,Morgan,2026-04-01,Direct,No,0.18562368566693555,,0.11652524966661228
A00191,36,Male,Hispanic,USA,Christian,Single,Heterosexual,No,missing,English,minority,Data Scientist,14,Associates,Tier 2,0.5293350313703371,0.011152347714295185,Brown,Skyler,2026-04-01,Direct,No,0.5293350313703371,,0.5768115279571022
A00192,55,Female,White,USA,Christian,Married,Heterosexual,No,Visual,Hindi,minority,Senior Software Engineer,20,Bachelor's,Tier 2,0.6411861351889578,0.15739743089989044,Garcia,Casey,2026-04-01,Indeed,No,0.6411861351889578,,0.6895084919000016
A00193,33,Female,Black,USA,Buddhist,Divorced,Heterosexual,No,missing,English,minority,Product Manager,13,Bachelor's,Tier 3,0.3873454725871136,0.011253653354012627,Nguyen,Casey,2026-04-01,Direct,No,0.3873454725871136,,0.3803100526309466
A00194,40,Female,White,USA,Christian,Single,LGBTQ+,No,missing,English,minority,Product Manager,24,Bachelor's,Tier 1,0.22739444883275406,0.35368076651390123,Kim,Riley,2026-04-01,Referral,No,0.22739444883275406,,0.25448864091292994
A00195,49,Male,White,USA,missing,Single,Heterosexual,No,missing,English,majority,UX Designer,12,Bachelor's,Tier 3,0.06039190223242352,0.2513684513610235,Johnson,Taylor,2026-04-01,LinkedIn,No,0.06039190223242352,,0.09946405492669377
A00196,58,Male,Hispanic,USA,missing,Single,LGBTQ+,No,missing,English,minority,Marketing Manager,24,Bachelor's,Tier 2,0.4092068571179224,0.13492790323869142,Singh,Taylor,2026-04-01,Direct,No,0.4092068571179224,,0.45076607975117144
A00197,39,Male,White,Egypt,Muslim,Divorced,Heterosexual,Yes,missing,English,minority,Marketing Manager,15,Master's,Tier 3,0.9293121400420515,0.23698576100268776,Okafor,Taylor,2026-04-01,Indeed,Yes,0.9293121400420515,,0.9753813137043751
A00198,52,Female,White,India,Christian,Single,Heterosexual,No,missing,English,majority,Sales Representative,0,Bachelor's,Tier 2,0.49457551146699796,0.29970282930869974,Rodriguez,Alex,2026-04-01,LinkedIn,No,0.49457551146699796,,0.4717946289339413
A00199,56,Female,Middle Eastern,USA,Christian,Single,Heterosexual,No,Visual,English,minority,Business Analyst,16,Bachelor's,Tier 2,0.6936821103529285,0.1788379481005289,Kim,Sam,2026-04-01,Referral,Yes,0.6936821103529285,,0.7694307594861644
A00200,48,Female,White,USA,Christian,Single,Heterosexual,No,missing,Farsi,minority,ML Engineer,14,Master's,missing,0.526315053182615,0.5071357261585924,Hernandez,Skyler,2026-04-01,Referral,No,0.526315053182615,,0.4639854002683295
A00201,21,Male,White,Vietnam,Christian,Single,Heterosexual,No,missing,English,majority,Data Scientist,5,Bachelor's,Tier 2,0.9948807278398216,0.7310845391371599,Khan,Morgan,2026-04-01,Direct,Yes,0.9948807278398216,,1.037966881689504
A00202,23,Female,White,USA,Christian,Single,Heterosexual,No,missing,English,majority,Marketing Manager,17,Associates,Tier 2,0.6377229565526156,0.511065520569007,Smith,Casey,2026-04-01,Direct,No,0.6377229565526156,,0.6624195605041535
A00203,28,Male,White,USA,Christian,Married,Heterosexual,No,missing,English,minority,Software Engineer,4,Bachelor's,Tier 2,0.2807339872988215,0.2746717542608976,Singh,Riley,2026-04-01,LinkedIn,No,0.2807339872988215,,0.3244149429750466
A00204,53,Male,Middle Eastern,USA,Hindu,Single,Heterosexual,No,missing,English,minority,Sales Representative,23,Bachelor's,Tier 1,0.651116861178109,0.6578761454438244,Khan,Riley,2026-04-01,Direct,No,0.651116861178109,,0.7450672765329458
A00205,61,Non-binary,White,USA,Christian,Single,Heterosexual,No,missing,Mandarin,majority,Product Manager,9,Bachelor's,Tier 1,0.42670206371329766,0.367837376274741,Lee,Alex,2026-04-01,Referral,No,0.42670206371329766,,0.5009243373822301
A00206,28,Female,White,USA,Christian,Married,Heterosexual,No,missing,English,majority,ML Engineer,20,Bachelor's,Tier 2,0.8927670070030579,0.6305734060135487,Chen,Morgan,2026-04-01,Direct,Yes,0.8927670070030579,,0.8355081616435917
A00207,41,Male,White,USA,Christian,Single,Heterosexual,No,missing,English,minority,Software Engineer,12,Bachelor's,Tier 2,0.8841351081744582,0.11366277180570106,Cohen,Riley,2026-04-01,LinkedIn,Yes,0.8841351081744582,,0.7997015291610653
A00208,59,Female,White,USA,Christian,Single,Heterosexual,No,Visual,English,majority,Marketing Manager,18,Master's,Tier 3,0.20976654758106594,0.2003959377770902,Singh,Taylor,2026-04-01,LinkedIn,No,0.20976654758106594,,0.2506110005337558
A00209,48,Female,Middle Eastern,USA,Christian,Single,Heterosexual,No,missing,English,majority,Data Scientist,8,Associates,missing,0.32538540527729365,0.10484789348319801,Chen,Alex,2026-04-01,Referral,No,0.32538540527729365,,0.2746347844834975
A00210,25,Male,Asian,USA,Christian,Married,Heterosexual,No,missing,English,majority,Product Manager,7,Associates,Tier 3,0.5235448737887171,0.14002115427855322,Smith,Casey,2026-04-01,LinkedIn,No,0.5235448737887171,,0.5229246043563414
A00211,37,Male,White,USA,missing,Single,Heterosexual,No,missing,English,majority,Product Manager,10,Master's,missing,0.8809205345223621,0.7315058740336149,Chen,Morgan,2026-04-01,Referral,Yes,0.8809205345223621,,0.9229069083726218
A00212,57,Male,White,USA,Christian,Married,Heterosexual,No,missing,English,majority,Business Analyst,4,Bachelor's,Tier 3,0.23751250804209434,0.17218639905748923,Ahmed,Jordan,2026-04-01,Indeed,No,0.23751250804209434,,0.15532264048281502
A00213,26,Male,White,USA,Christian,missing,Heterosexual,No,missing,Hindi,majority,Business Analyst,11,Master's,Tier 2,0.9588233942396255,0.7706979611381964,Wang,Riley,2026-04-01,Referral,Yes,0.9588233942396255,,0.8533243715241515
A00214,48,Male,White,USA,Christian,Divorced,Heterosexual,No,Hearing,English,minority,DevOps Engineer,15,Bachelor's,Tier 3,0.7932848327713616,0.4102175511045356,Okafor,Alex,2026-04-01,Direct,Yes,0.7932848327713616,,0.806249783788223
A00215,53,Female,White,USA,Muslim,Single,Heterosexual,No,missing,English,majority,DevOps Engineer,1,Bachelor's,Tier 3,0.052207893002793826,0.21893348960240033,Singh,Jordan,2026-04-01,Indeed,No,0.052207893002793826,,0.05442718748345868
A00216,24,Female,Hispanic,USA,Muslim,Single,Heterosexual,No,Visual,English,minority,Sales Representative,20,Bachelor's,Tier 2,0.13867384941509597,0.16957611438097375,Diallo,Morgan,2026-04-01,LinkedIn,No,0.13867384941509597,,0.12638369584599984
A00217,44,Male,Hispanic,USA,Christian,Married,Heterosexual,No,missing,Mandarin,majority,Business Analyst,4,Bachelor's,Tier 2,0.43721086278467836,0.9674043953962955,Johnson,Sam,2026-04-01,Direct,No,0.43721086278467836,,0.43913760097318927
A00218,28,Male,White,USA,Christian,Married,LGBTQ+,No,missing,Spanish,majority,Software Engineer,23,Bachelor's,Tier 2,0.9242209674344033,0.4642534148652555,Okafor,Alex,2026-04-01,Indeed,Yes,0.9242209674344033,,0.8811951870660393
A00219,50,Male,White,USA,missing,Single,Heterosexual,No,Mobility,English,minority,Product Manager,17,Bachelor's,missing,0.7208179573298517,0.314771965108984,Nguyen,Taylor,2026-04-01,Direct,Yes,0.7208179573298517,,0.6451432369662463
A00220,43,Male,Middle Eastern,USA,missing,Single,Heterosexual,Yes,Hearing,English,majority,UX Designer,17,Bachelor's,Tier 3,0.19748793119478747,0.6112819311934872,Hernandez,Riley,2026-04-01,Referral,No,0.19748793119478747,,0.18915518865077138
A00221,30,Female,White,USA,Christian,Single,Heterosexual,No,missing,English,majority,Sales Representative,16,Bachelor's,Tier 3,0.8527030481736032,0.0241076924041409,Kim,Morgan,2026-04-01,Referral,Yes,0.8527030481736032,,0.8041176136211337
A00222,23,Female,Hispanic,USA,Muslim,Single,Heterosexual,No,missing,English,minority,Senior Software Engineer,16,Associates,Tier 3,0.6193414045360518,0.5321656891701829,Diallo,Taylor,2026-04-01,Referral,No,0.6193414045360518,,0.5371673384154965
A00223,46,Non-binary,White,USA,Muslim,Single,Heterosexual,No,missing,English,majority,Data Scientist,24,Associates,Tier 2,0.9007912541060399,0.6349879063284797,Smith,Alex,2026-04-01,LinkedIn,Yes,0.9007912541060399,,0.9260753076757037
A00224,54,Female,Hispanic,USA,Christian,Divorced,Heterosexual,No,missing,English,majority,ML Engineer,24,High School,Tier 1,0.5833981210900098,0.7295572192533016,Diallo,Sam,2026-04-01,Direct,No,0.5833981210900098,,0.580328189668901
A00225,48,Female,Asian,USA,Christian,missing,Prefer not to say,No,Hearing,English,minority,Product Manager,18,Master's,Tier 3,0.2556931207675308,0.5597646059858957,Brown,Morgan,2026-04-01,Referral,No,0.2556931207675308,,0.2760195475991715
A00226,21,Male,White,USA,Christian,Divorced,Heterosexual,No,missing,English,majority,Sales Representative,24,Bachelor's,Tier 1,0.49676309023678644,0.8953622642171791,Smith,Riley,2026-04-01,Indeed,No,0.49676309023678644,,0.4472983431654896
A00227,55,Male,White,China,missing,Married,Heterosexual,No,missing,English,majority,ML Engineer,9,Bachelor's,Tier 3,0.8160328162805012,0.47012642095669577,Lee,Riley,2026-04-01,LinkedIn,Yes,0.8160328162805012,,0.7831298766886683
A00228,59,Male,White,USA,Christian,Married,Heterosexual,No,missing,English,majority,Sales Representative,7,Bachelor's,Tier 1,0.09962891161203558,0.47017091598575667,Patel,Taylor,2026-04-01,Indeed,No,0.09962891161203558,,0.0496767602510273
A00229,27,Female,White,USA,missing,Single,LGBTQ+,No,missing,Spanish,minority,Marketing Manager,14,Bachelor's,Tier 1,0.09579130302864336,0.6621934678625335,Smith,Taylor,2026-04-01,Indeed,No,0.09579130302864336,,0.05145920967574095
A00230,53,Male,White,China,Christian,Single,Heterosexual,No,Cognitive/Neurodivergent,Hindi,majority,Product Manager,6,Master's,Tier 2,0.06847038690075546,0.40000673298665856,Garcia,Alex,2026-04-01,LinkedIn,No,0.06847038690075546,,0.07824078278822558
A00231,57,Female,Black,Mexico,Christian,Single,Heterosexual,Yes,missing,English,minority,Marketing Manager,6,Bachelor's,Tier 3,0.041878108813709125,0.8812228046479651,Hernandez,Sam,2026-04-01,Indeed,No,0.041878108813709125,,0.0027293779969618306
A00232,27,Male,Asian,Vietnam,missing,Single,Heterosexual,No,missing,English,minority,DevOps Engineer,6,Associates,Tier 2,0.6380737654532239,0.7692367696509966,Ahmed,Taylor,2026-04-01,Referral,No,0.6380737654532239,,0.6558770798942376
A00233,46,Female,White,USA,Christian,Divorced,Heterosexual,Yes,missing,English,majority,ML Engineer,18,Bachelor's,Tier 2,0.5842092693524233,0.9368096283998201,Patel,Sam,2026-04-01,Direct,No,0.5842092693524233,,0.6011970656233342
A00234,52,Female,White,USA,Christian,Single,Heterosexual,No,missing,English,majority,Business Analyst,23,Master's,Tier 2,0.19780038743419392,0.6419112351504113,Nguyen,Jordan,2026-04-01,Direct,No,0.19780038743419392,,0.29905843677819904
A00235,58,Male,White,USA,Christian,Divorced,Heterosexual,No,Hearing,English,minority,Product Manager,17,Bachelor's,Tier 3,0.6738559086444661,0.06007808538408066,Wang,Casey,2026-04-01,Indeed,No,0.6738559086444661,,0.6042164563511256
A00236,37,Male,White,USA,Buddhist,Single,Heterosexual,No,Visual,English,majority,Business Analyst,18,Bachelor's,Tier 3,0.31152701487862045,0.3067012864175628,Singh,Casey,2026-04-01,Indeed,No,0.31152701487862045,,0.35592213377037274
A00237,62,Female,White,USA,missing,Single,Heterosexual,No,missing,English,majority,DevOps Engineer,14,Master's,missing,0.8632317616250855,0.5286915495112517,Ahmed,Sam,2026-04-01,Direct,Yes,0.8632317616250855,,0.8587573635306646
A00238,24,Female,White,USA,Christian,Divorced,Heterosexual,No,missing,English,majority,Marketing Manager,5,Bachelor's,Tier 2,0.9308435294464797,0.24485143286846822,Cohen,Riley,2026-04-01,Direct,Yes,0.9308435294464797,,0.9301420429399299
A00239,30,Female,White,USA,Christian,Married,Heterosexual,No,Cognitive/Neurodivergent,English,majority,Software Engineer,4,Bachelor's,Tier 2,0.9266515527810304,0.030766650285896202,Patel,Morgan,2026-04-01,Indeed,Yes,0.9266515527810304,,0.8541583616856998
A00240,20,Male,White,USA,Christian,Single,Heterosexual,No,missing,English,majority,ML Engineer,24,Associates,Tier 1,0.05833328441478425,0.456711303857414,Smith,Sam,2026-04-01,LinkedIn,No,0.05833328441478425,,0.03532359377855153
A00241,22,Male,White,USA,Buddhist,Married,Heterosexual,No,missing,English,majority,DevOps Engineer,3,Bachelor's,Tier 3,0.5659010016909863,0.49937436318539263,Khan,Casey,2026-04-01,Indeed,No,0.5659010016909863,,0.603060864863184
A00242,43,Female,White,USA,Christian,Married,Heterosexual,No,Hearing,English,majority,Product Manager,19,Associates,Tier 3,0.4888094020225334,0.6599497843616876,Rodriguez,Casey,2026-04-01,LinkedIn,No,0.4888094020225334,,0.4846854834216682
A00243,43,Male,White,USA,Christian,Married,Heterosexual,No,Visual,English,majority,Sales Representative,4,Master's,Tier 2,0.08685179090360218,0.7056512376119852,Garcia,Casey,2026-04-01,Indeed,No,0.08685179090360218,,0.09090450942416546
A00244,23,Male,White,USA,Christian,Married,Heterosexual,No,missing,English,majority,Marketing Manager,13,Bachelor's,Tier 3,0.4046092601468072,0.8662972734320545,Diallo,Casey,2026-04-01,Referral,No,0.4046092601468072,,0.39007342611678014
A00245,25,Female,White,USA,Muslim,Married,Heterosexual,No,missing,English,minority,Business Analyst,6,Bachelor's,missing,0.16821116162540728,0.0951200720898856,Diallo,Taylor,2026-04-01,LinkedIn,No,0.16821116162540728,,0.22593964897472163
A00246,29,Male,Middle Eastern,China,Hindu,Married,Heterosexual,No,missing,Hindi,majority,UX Designer,11,Bachelor's,Tier 2,0.18434658619687838,0.7122774241430474,Chen,Alex,2026-04-01,LinkedIn,No,0.18434658619687838,,0.18327295784470365
A00247,57,Male,White,USA,Christian,Married,Heterosexual,No,missing,English,majority,Marketing Manager,20,Associates,Tier 3,0.30705269612342745,0.5557737323018033,Okafor,Sam,2026-04-01,Referral,No,0.30705269612342745,,0.19703191249932434
A00248,55,Male,Asian,USA,Christian,Single,Heterosexual,No,missing,English,minority,DevOps Engineer,16,Associates,Tier 3,0.2923711332905974,0.32113797388083765,Kim,Jordan,2026-04-01,LinkedIn,No,0.2923711332905974,,0.25776750576687285
A00249,40,Female,White,Vietnam,Christian,Married,Heterosexual,No,missing,English,minority,DevOps Engineer,11,Master's,Tier 2,0.6499697888745681,0.6980196894293756,Brown,Alex,2026-04-01,Indeed,No,0.6499697888745681,,0.551529958520556
A00250,25,Male,Hispanic,USA,Christian,Single,Heterosexual,No,missing,English,minority,Sales Representative,17,Bachelor's,Tier 1,0.07285724428865559,0.663089391294614,Johnson,Casey,2026-04-01,Indeed,No,0.07285724428865559,,-0.08971467648617135
A00251,33,Female,Hispanic,USA,Christian,Single,Heterosexual,No,missing,English,majority,Business Analyst,17,Master's,Tier 3,0.9303980762332957,0.9285488850592557,Patel,Skyler,2026-04-01,Indeed,Yes,0.9303980762332957,,0.9038923087446802
A00252,35,Female,White,USA,Christian,Divorced,Heterosexual,No,missing,English,majority,ML Engineer,14,Master's,Tier 1,0.3615381789423795,0.8864801358778457,Patel,Sam,2026-04-01,Indeed,No,0.3615381789423795,,0.42821617144751567
A00253,61,Male,White,USA,Christian,Single,Prefer not to say,No,Cognitive/Neurodivergent,English,minority,Software Engineer,19,High School,missing,0.694265399278452,0.09718290482035874,Cohen,Jordan,2026-04-01,Direct,Yes,0.694265399278452,,0.6966213945849816
A00254,42,Male,White,USA,Muslim,Single,Heterosexual,No,missing,English,majority,Product Manager,14,Bachelor's,Tier 3,0.4535469837241244,0.10202060904651677,Cohen,Morgan,2026-04-01,Referral,No,0.4535469837241244,,0.3949196983538754
A00255,39,Male,Black,USA,Christian,Single,Heterosexual,No,missing,English,majority,Sales Representative,4,Master's,Tier 2,0.4517652602662888,0.8453932184422548,Diallo,Taylor,2026-04-01,Direct,No,0.4517652602662888,,0.4047302668561677
A00256,33,Female,Asian,USA,Christian,Divorced,LGBTQ+,No,missing,English,minority,ML Engineer,13,Master's,Tier 3,0.4979844509902024,0.36738529955285404,Patel,Casey,2026-04-01,Indeed,No,0.4979844509902024,,0.5545151125027028
A00257,57,Male,White,USA,Christian,Married,Heterosexual,No,missing,English,majority,ML Engineer,6,Bachelor's,Tier 2,0.14458856688650212,0.20488596923715574,Diallo,Riley,2026-04-01,Indeed,No,0.14458856688650212,,0.15246989805642536
A00258,44,Female,White,China,missing,Single,Heterosexual,Yes,Visual,English,majority,Marketing Manager,13,Bachelor's,Tier 2,0.08427114382717393,0.2836974343491996,Ahmed,Morgan,2026-04-01,Indeed,No,0.08427114382717393,,0.08667110590527678
A00259,35,Female,White,USA,missing,Married,Heterosexual,No,missing,English,minority,Software Engineer,1,Bachelor's,Tier 2,0.7536651979175751,0.06463407372447227,Okafor,Alex,2026-04-01,Direct,Yes,0.7536651979175751,,0.7509921084756723
A00260,36,Female,Asian,USA,Christian,Married,Heterosexual,No,missing,Spanish,majority,Business Analyst,22,PhD,Tier 2,0.6415627219332525,0.5215306479386413,Smith,Alex,2026-04-01,Indeed,No,0.6415627219332525,,0.6434827350110198
A00261,32,Female,White,China,missing,Single,Heterosexual,No,Visual,English,minority,Product Manager,3,Bachelor's,Tier 2,0.02343161004556127,0.23938720410074876,Cohen,Riley,2026-04-01,Direct,No,0.02343161004556127,,0.06370189239275119
A00262,45,Male,White,USA,Christian,Married,Heterosexual,No,missing,English,majority,ML Engineer,24,Bachelor's,Tier 3,0.5672648239669437,0.16042990089493114,Kim,Casey,2026-04-01,Referral,No,0.5672648239669437,,0.5948931888347474
A00263,24,Female,Hispanic,USA,missing,Single,LGBTQ+,No,missing,English,minority,Senior Software Engineer,1,Master's,Tier 1,0.12709438450498378,0.26501939479468795,Kim,Riley,2026-04-01,Direct,No,0.12709438450498378,,0.1378796195062085
A00264,22,Male,White,USA,missing,Single,Heterosexual,No,missing,Farsi,majority,Data Scientist,13,Bachelor's,Tier 2,0.9719169223808831,0.9124692226817954,Garcia,Jordan,2026-04-01,Indeed,Yes,0.9719169223808831,,0.9197735045013826
A00265,31,Female,Middle Eastern,USA,Christian,Single,Heterosexual,No,Cognitive/Neurodivergent,English,majority,Data Scientist,5,Bachelor's,Tier 3,0.10901455608484689,0.3558126525335218,Khan,Riley,2026-04-01,LinkedIn,No,0.10901455608484689,,0.13456999433033323
A00266,46,Male,White,USA,Christian,Single,Heterosexual,No,missing,English,minority,Data Scientist,14,PhD,Tier 2,0.3086407925294846,0.3604033103030483,Singh,Skyler,2026-04-01,LinkedIn,No,0.3086407925294846,,0.27442843862985994
A00267,41,Male,Hispanic,USA,Christian,Married,Heterosexual,No,missing,English,majority,Sales Representative,6,Master's,Tier 3,0.00954246940498249,0.89347514478528,Diallo,Skyler,2026-04-01,Direct,No,0.00954246940498249,,0.06423475320000643
A00268,28,Female,Hispanic,Vietnam,Hindu,Single,Heterosexual,No,missing,English,majority,Senior Software Engineer,3,Bachelor's,Tier 1,0.8794824860645611,0.3623421108294541,Chen,Alex,2026-04-01,Referral,Yes,0.8794824860645611,,0.8159299449783548
A00269,24,Female,White,USA,missing,Single,Prefer not to say,No,Mobility,English,minority,UX Designer,18,Bachelor's,Tier 3,0.351833077449918,0.8065384698300838,Smith,Skyler,2026-04-01,Indeed,No,0.351833077449918,,0.34495202863613855
A00270,26,Male,White,USA,Buddhist,Single,LGBTQ+,No,missing,Hindi,majority,Business Analyst,7,High School,Tier 1,0.4965598015603585,0.8073851605115265,Williams,Jordan,2026-04-01,Direct,No,0.4965598015603585,,0.49619188724579494
A00271,45,Male,Asian,USA,Christian,Divorced,Heterosexual,No,missing,Vietnamese,majority,Sales Representative,19,Master's,Tier 2,0.6803480378982514,0.8647511657094553,Ahmed,Alex,2026-04-01,Referral,No,0.6803480378982514,,0.6141157603660445
A00272,47,Female,White,USA,Christian,Married,Heterosexual,No,missing,English,majority,Marketing Manager,6,Master's,missing,0.9906627409135904,0.509802322659629,Ahmed,Sam,2026-04-01,Referral,Yes,0.9906627409135904,,1.0767613231064144
A00273,32,Male,White,USA,missing,Single,Heterosexual,No,Hearing,English,minority,Product Manager,24,Bachelor's,Tier 1,0.21265729237286723,0.6384664901557354,Kim,Sam,2026-04-01,Referral,No,0.21265729237286723,,0.28567763073584485
A00274,22,Female,White,USA,Hindu,Single,Heterosexual,No,Cognitive/Neurodivergent,Spanish,majority,DevOps Engineer,13,Master's,Tier 2,0.6553039910289491,0.5976354216717366,Ahmed,Sam,2026-04-01,Referral,No,0.6553039910289491,,0.6321248029484949
A00275,24,Male,White,USA,Christian,missing,Prefer not to say,No,missing,English,majority,Business Analyst,19,Bachelor's,Tier 2,0.4747632031465975,0.05886246231711523,Chen,Alex,2026-04-01,Referral,No,0.4747632031465975,,0.5133492614248236
A00276,62,Male,White,USA,Christian,Single,Heterosexual,No,missing,English,majority,Data Scientist,3,Master's,Tier 2,0.41525974574009794,0.6587328311736449,Nguyen,Casey,2026-04-01,Referral,No,0.41525974574009794,,0.43419354922360853
A00277,38,Male,White,USA,Christian,Single,Heterosexual,No,missing,English,majority,ML Engineer,7,PhD,Tier 1,0.855961333445686,0.9620505895335497,Chen,Casey,2026-04-01,Referral,Yes,0.855961333445686,,0.7252833602784231
A00278,35,Male,White,USA,Muslim,Single,Heterosexual,No,missing,English,minority,Software Engineer,1,Master's,Tier 1,0.8433260611697792,0.5980960989945918,Nguyen,Morgan,2026-04-01,Direct,Yes,0.8433260611697792,,0.8558459619836587
A00279,62,Male,White,USA,Christian,Single,Heterosexual,No,Hearing,English,majority,Data Scientist,15,Associates,Tier 2,0.7174547421373806,0.2774114034821207,Patel,Taylor,2026-04-01,LinkedIn,Yes,0.7174547421373806,,0.7143875381457182
A00280,43,Male,White,USA,Christian,Single,Heterosexual,No,missing,English,majority,UX Designer,1,Master's,Tier 2,0.3050277495127377,0.7070816597207329,Chen,Alex,2026-04-01,Direct,No,0.3050277495127377,,0.30918861718646423
A00281,25,Female,Asian,USA,Christian,missing,Heterosexual,No,missing,English,majority,ML Engineer,21,Master's,Tier 3,0.978744843554961,0.3235563772499658,Williams,Skyler,2026-04-01,Direct,Yes,0.978744843554961,,0.9249010975636022
A00282,30,Male,White,USA,Christian,Single,Heterosexual,No,Hearing,English,majority,ML Engineer,11,Master's,Tier 2,0.7903459161218863,0.7583961834437352,Patel,Jordan,2026-04-01,LinkedIn,Yes,0.7903459161218863,,0.7768785638108661
A00283,23,Male,Asian,India,Christian,Divorced,Heterosexual,No,missing,English,minority,Product Manager,8,Bachelor's,Tier 2,0.9398538160473612,0.3577698204680959,Garcia,Sam,2026-04-01,LinkedIn,Yes,0.9398538160473612,,0.9309408778782463
A00284,20,Female,White,Mexico,missing,Married,Heterosexual,No,missing,English,minority,Software Engineer,1,Bachelor's,Tier 3,0.059271371853735544,0.1688897527956721,Wang,Casey,2026-04-01,Indeed,No,0.059271371853735544,,0.11867608271435148
A00285,47,Female,Asian,Mexico,Muslim,Single,Heterosexual,Yes,missing,Spanish,majority,Business Analyst,19,Master's,Tier 2,0.395939278427038,0.7101626263742972,Kim,Riley,2026-04-01,Direct,No,0.395939278427038,,0.4126606314465887
A00286,21,Male,Asian,USA,missing,Married,Heterosexual,No,missing,English,majority,ML Engineer,6,Master's,Tier 3,0.8749083764369926,0.280024975170612,Khan,Jordan,2026-04-01,Indeed,Yes,0.8749083764369926,,0.8746306249268594
A00287,50,Female,Asian,USA,missing,Married,Heterosexual,No,missing,Spanish,minority,Software Engineer,23,Bachelor's,Tier 2,0.8756104549866167,0.15100161810065804,Singh,Taylor,2026-04-01,Indeed,Yes,0.8756104549866167,,0.9520589548821637
A00288,26,Male,White,USA,Hindu,Single,LGBTQ+,No,missing,Mandarin,majority,UX Designer,0,Master's,Tier 3,0.17015576210218664,0.016129699615968662,Okafor,Morgan,2026-04-01,LinkedIn,No,0.17015576210218664,,0.14239336561400429
A00289,49,Male,Black,Mexico,Christian,Divorced,Heterosexual,No,missing,English,majority,Software Engineer,6,Bachelor's,Tier 3,0.3858655376100323,0.9749773526405865,Hernandez,Taylor,2026-04-01,LinkedIn,No,0.3858655376100323,,0.36639402236626306
A00290,22,Female,White,Mexico,Christian,Single,Heterosexual,No,missing,Spanish,majority,Data Scientist,7,Master's,Tier 2,0.8086590888426225,0.3441264087646202,Khan,Jordan,2026-04-01,Direct,Yes,0.8086590888426225,,0.7178213382756695
A00291,51,Female,White,USA,missing,Divorced,LGBTQ+,No,missing,Hindi,minority,ML Engineer,20,Bachelor's,Tier 2,0.8262884327978921,0.35171840879498817,Khan,Riley,2026-04-01,Direct,Yes,0.8262884327978921,,0.9047437251120727
A00292,51,Male,White,USA,missing,Single,Heterosexual,No,missing,English,majority,DevOps Engineer,5,Bachelor's,Tier 3,0.5040778714836583,0.024829856512584403,Chen,Sam,2026-04-01,Direct,No,0.5040778714836583,,0.5522944898933798
A00293,26,Female,White,USA,Christian,Single,Heterosexual,Yes,missing,English,minority,Software Engineer,10,Bachelor's,Tier 1,0.9213077083795811,0.30251265815335115,Khan,Skyler,2026-04-01,Direct,Yes,0.9213077083795811,,0.9671501106051665
A00294,43,Female,White,USA,Hindu,Single,Heterosexual,No,missing,English,majority,Software Engineer,19,Associates,Tier 2,0.6926856645779779,0.685645911345996,Okafor,Riley,2026-04-01,Indeed,Yes,0.6926856645779779,,0.7261305869003247
A00295,58,Male,White,USA,Christian,Single,Heterosexual,No,missing,English,majority,Senior Software Engineer,18,Master's,Tier 1,0.27223956228785573,0.4025260347797225,Singh,Sam,2026-04-01,Indeed,No,0.27223956228785573,,0.27774699167103833
A00296,41,Female,Asian,USA,Christian,Single,LGBTQ+,No,missing,English,majority,Marketing Manager,7,High School,Tier 3,0.10721244550154907,0.7170006366185818,Rodriguez,Sam,2026-04-01,Direct,No,0.10721244550154907,,0.11798689246066552
A00297,24,Male,White,USA,Christian,Married,Prefer not to say,No,missing,Spanish,majority,Sales Representative,12,Associates,Tier 2,0.9060015123212107,0.7320241263880813,Patel,Skyler,2026-04-01,Referral,Yes,0.9060015123212107,,0.8934011828078453
A00298,53,Male,White,USA,Christian,Single,Heterosexual,No,missing,English,majority,Senior Software Engineer,8,Bachelor's,Tier 1,0.49280945530137954,0.07581116266127297,Khan,Riley,2026-04-01,Direct,No,0.49280945530137954,,0.48262943401523223
A00299,61,Female,White,USA,Muslim,Married,Heterosexual,No,Mobility,English,majority,DevOps Engineer,24,Master's,Tier 2,0.5043094033040958,0.3217996834916125,Okafor,Jordan,2026-04-01,LinkedIn,No,0.5043094033040958,,0.5070245838897806
A00300,21,Male,White,USA,missing,Single,Heterosexual,No,missing,Spanish,minority,Software Engineer,0,Master's,Tier 1,0.02080426910199018,0.7102079728463229,Smith,Jordan,2026-04-01,Referral,No,0.02080426910199018,,0.09639574468017904
A00301,37,Female,Hispanic,USA,missing,Married,Heterosexual,No,missing,English,majority,ML Engineer,9,Bachelor's,Tier 2,0.8838766746028162,0.5320976065299284,Kim,Alex,2026-04-01,LinkedIn,Yes,0.8838766746028162,,0.9116610696932201
A00302,47,Female,White,China,Muslim,Single,Heterosexual,No,missing,English,minority,Senior Software Engineer,5,Bachelor's,Tier 1,0.25334694101740995,0.9198505774388603,Smith,Sam,2026-04-01,Direct,No,0.25334694101740995,,0.2504239347294669
A00303,53,Female,White,USA,Christian,Married,Heterosexual,No,missing,English,majority,Senior Software Engineer,19,Bachelor's,Tier 2,0.30672778178862026,0.9677258617838369,Cohen,Casey,2026-04-01,Referral,No,0.30672778178862026,,0.27775817926645047
A00304,44,Female,White,USA,Christian,Single,Heterosexual,No,missing,Spanish,majority,Sales Representative,14,Bachelor's,Tier 2,0.3794526854923267,0.516323035812793,Williams,Alex,2026-04-01,Indeed,No,0.3794526854923267,,0.3477027611217437
A00305,31,Female,Hispanic,China,Muslim,Married,Heterosexual,No,missing,English,minority,DevOps Engineer,6,Bachelor's,missing,0.36023317556516665,0.8933372732797654,Rodriguez,Taylor,2026-04-01,Indeed,No,0.36023317556516665,,0.4403684261237911
A00306,48,Female,White,India,Christian,Single,Heterosexual,No,missing,English,majority,ML Engineer,24,Master's,Tier 3,0.39243946946988295,0.33485757121595217,Wang,Alex,2026-04-01,LinkedIn,No,0.39243946946988295,,0.41777383468123813
A00307,45,Male,Asian,Mexico,missing,Married,Heterosexual,No,Visual,Mandarin,majority,Business Analyst,20,Bachelor's,Tier 1,0.5662421160956499,0.25939968372249256,Smith,Jordan,2026-04-01,Referral,No,0.5662421160956499,,0.5696196440111826
A00308,55,Female,Hispanic,USA,Christian,Married,LGBTQ+,No,Cognitive/Neurodivergent,English,majority,Product Manager,14,Master's,missing,0.8441436259502333,0.34974069216151493,Okafor,Alex,2026-04-01,Direct,Yes,0.8441436259502333,,0.8268345338425972
A00309,52,Female,Asian,USA,Christian,Divorced,Heterosexual,No,missing,English,majority,Data Scientist,11,Bachelor's,Tier 2,0.469916517283116,0.7513321342095177,Ahmed,Jordan,2026-04-01,Direct,No,0.469916517283116,,0.4144638466980896
A00310,24,Male,Asian,USA,missing,Married,Heterosexual,No,missing,English,majority,Product Manager,23,Bachelor's,Tier 2,0.5356566311875919,0.784413587930051,Smith,Alex,2026-04-01,LinkedIn,No,0.5356566311875919,,0.5323135533140971
A00311,25,Female,Hispanic,USA,missing,Single,LGBTQ+,Yes,missing,English,majority,Sales Representative,22,Master's,Tier 3,0.8338608101737887,0.8764765154550654,Hernandez,Jordan,2026-04-01,Direct,Yes,0.8338608101737887,,0.8775437118972987
A00312,53,Female,Asian,USA,Christian,Single,Heterosexual,No,Visual,Vietnamese,majority,UX Designer,17,Bachelor's,Tier 1,0.6431244753924001,0.35132811014489107,Diallo,Morgan,2026-04-01,Indeed,No,0.6431244753924001,,0.6234976130505256
A00313,56,Male,White,USA,missing,Divorced,Prefer not to say,No,Hearing,English,majority,Marketing Manager,3,Bachelor's,Tier 2,0.3208817086678314,0.08956834415895332,Smith,Skyler,2026-04-01,LinkedIn,No,0.3208817086678314,,0.3095195795178034
A00314,50,Male,Native American,USA,Christian,Divorced,Heterosexual,No,missing,Hindi,majority,DevOps Engineer,12,Master's,Tier 3,0.09822149347478093,0.3846669188146038,Okafor,Jordan,2026-04-01,Referral,No,0.09822149347478093,,0.08716977590283201
A00315,27,Male,White,USA,missing,Married,Heterosexual,No,missing,English,majority,ML Engineer,17,Bachelor's,Tier 1,0.8653015126539227,0.5665587293436828,Hernandez,Casey,2026-04-01,LinkedIn,Yes,0.8653015126539227,,0.8707812310538312
A00316,34,Female,White,USA,Hindu,Married,Heterosexual,No,missing,English,majority,Data Scientist,5,High School,Tier 2,0.9423593060170092,0.5724618602964795,Okafor,Taylor,2026-04-01,LinkedIn,Yes,0.9423593060170092,,0.8627087620797288
A00317,48,Male,Hispanic,USA,missing,Single,Heterosexual,No,Hearing,English,minority,DevOps Engineer,7,Associates,Tier 2,0.9313136423637751,0.566399448980661,Chen,Sam,2026-04-01,Direct,Yes,0.9313136423637751,,0.9195437247655206
A00318,51,Female,White,USA,Christian,Single,Heterosexual,No,missing,Mandarin,majority,DevOps Engineer,21,Bachelor's,missing,0.5578571138961361,0.5214543308959038,Cohen,Riley,2026-04-01,Indeed,No,0.5578571138961361,,0.5151373379884325
A00319,39,Female,Asian,USA,Christian,Single,Heterosexual,No,missing,English,minority,Sales Representative,10,Master's,Tier 3,0.881679176404151,0.034388945467060505,Kim,Taylor,2026-04-01,LinkedIn,Yes,0.881679176404151,,0.9259084280322813
A00320,34,Male,Middle Eastern,USA,missing,Single,Heterosexual,Yes,missing,English,minority,DevOps Engineer,11,Bachelor's,Tier 2,0.6451107665540158,0.9872707191054515,Lee,Riley,2026-04-01,Direct,No,0.6451107665540158,,0.6065808327257728
A00321,45,Female,White,USA,missing,Single,Heterosexual,Yes,Visual,English,majority,Marketing Manager,8,Bachelor's,Tier 2,0.038200054137692896,0.1867691511246422,Williams,Casey,2026-04-01,LinkedIn,No,0.038200054137692896,,0.06705239150272767
A00322,62,Male,White,USA,Muslim,Single,Heterosexual,No,missing,English,minority,UX Designer,18,Bachelor's,Tier 1,0.6667725378573203,0.27370427366935723,Garcia,Riley,2026-04-01,Referral,No,0.6667725378573203,,0.7429944104936583
A00323,50,Male,White,USA,missing,Married,Heterosexual,No,missing,English,majority,Software Engineer,16,Bachelor's,Tier 2,0.9874981847655417,0.284632094241537,Brown,Alex,2026-04-01,Referral,Yes,0.9874981847655417,,0.9718183717014605
A00324,25,Female,White,USA,Christian,Single,Heterosexual,No,missing,English,majority,Product Manager,13,PhD,Tier 2,0.3835494380994272,0.4704925745616345,Brown,Skyler,2026-04-01,Indeed,No,0.3835494380994272,,0.3534706254932539
A00325,37,Female,White,USA,Hindu,Single,Heterosexual,No,missing,English,majority,Software Engineer,16,Bachelor's,Tier 1,0.977073200885709,0.8334880432889831,Garcia,Taylor,2026-04-01,LinkedIn,Yes,0.977073200885709,,0.9866448138420136
A00326,49,Male,Black,USA,Christian,Single,Heterosexual,No,missing,English,majority,Software Engineer,4,High School,Tier 2,0.752676871964987,0.28783366125559595,Brown,Sam,2026-04-01,Direct,Yes,0.752676871964987,,0.7525754205845355
A00327,47,Female,Middle Eastern,USA,missing,Divorced,Heterosexual,No,Hearing,Hindi,majority,Product Manager,11,Bachelor's,Tier 3,0.04343036066813499,0.33722139116142424,Smith,Morgan,2026-04-01,Indeed,No,0.04343036066813499,,-0.006250456698850576
A00328,57,Male,White,USA,missing,Single,Heterosexual,No,missing,Hindi,majority,UX Designer,9,Bachelor's,Tier 1,0.32966623470228784,0.872965015184603,Brown,Skyler,2026-04-01,Direct,No,0.32966623470228784,,0.35271220548795684
A00329,51,Female,White,USA,Christian,Married,Heterosexual,No,missing,English,minority,DevOps Engineer,11,Bachelor's,Tier 1,0.9517522280397096,0.22571461942484272,Nguyen,Jordan,2026-04-01,Referral,Yes,0.9517522280397096,,1.05252803071348
A00330,47,Male,Hispanic,USA,Christian,Single,Heterosexual,No,Cognitive/Neurodivergent,English,majority,UX Designer,17,High School,Tier 3,0.577010575782069,0.13694778425444787,Johnson,Jordan,2026-04-01,LinkedIn,No,0.577010575782069,,0.5641049760187828
A00331,38,Male,Hispanic,USA,Jewish,Married,Heterosexual,Yes,missing,English,majority,Senior Software Engineer,17,Associates,Tier 2,0.07968404164668819,0.880142715064892,Hernandez,Skyler,2026-04-01,Direct,No,0.07968404164668819,,0.06954023184345502
A00332,57,Female,Asian,USA,Christian,Single,Heterosexual,No,missing,Spanish,majority,ML Engineer,22,High School,Tier 2,0.432312317538736,0.11989773107762636,Garcia,Jordan,2026-04-01,Referral,No,0.432312317538736,,0.3800657163602817
A00333,55,Female,Asian,USA,Christian,Married,LGBTQ+,No,Cognitive/Neurodivergent,English,majority,ML Engineer,0,Associates,Tier 2,0.27172223838749077,0.730359593189221,Patel,Sam,2026-04-01,Direct,No,0.27172223838749077,,0.28767666097181815
A00334,33,Male,Black,China,Christian,Single,Heterosexual,No,missing,Spanish,majority,Marketing Manager,15,Bachelor's,Tier 3,0.18748083276649463,0.9326354391427613,Rodriguez,Sam,2026-04-01,Direct,No,0.18748083276649463,,0.12513202153111322
A00335,42,Male,Hispanic,USA,missing,Single,Heterosexual,No,Visual,English,minority,Sales Representative,10,PhD,Tier 2,0.3990435947423977,0.6771664056043746,Singh,Casey,2026-04-01,Direct,No,0.3990435947423977,,0.3436970435248235
A00336,60,Female,Hispanic,Iran,Christian,Divorced,Heterosexual,No,missing,English,minority,Sales Representative,21,Master's,Tier 3,0.6840844900776364,0.6418924683223904,Diallo,Alex,2026-04-01,Indeed,No,0.6840844900776364,,0.7480678536698259
A00337,20,Male,Black,USA,Muslim,Married,Heterosexual,No,missing,Mandarin,majority,Product Manager,6,Bachelor's,Tier 1,0.41209161911896464,0.5336594696194208,Brown,Skyler,2026-04-01,LinkedIn,No,0.41209161911896464,,0.36681896614923243
A00338,40,Male,Black,USA,missing,Single,Heterosexual,No,missing,Vietnamese,majority,Software Engineer,14,Master's,Tier 2,0.8450127025167119,0.07201209415024945,Wang,Jordan,2026-04-01,Referral,Yes,0.8450127025167119,,0.8990805809832788
A00339,26,Female,White,USA,Christian,Married,Heterosexual,No,missing,English,majority,ML Engineer,11,Bachelor's,Tier 2,0.055477608346632956,0.8059322444231083,Okafor,Alex,2026-04-01,Indeed,No,0.055477608346632956,,0.13169550853577333
A00340,41,Female,Hispanic,USA,Christian,Single,Heterosexual,No,missing,Spanish,minority,UX Designer,2,Bachelor's,Tier 3,0.15459547845851385,0.32092133090240016,Wang,Jordan,2026-04-01,Indeed,No,0.15459547845851385,,0.167561801332351
A00341,32,Male,White,USA,missing,Married,LGBTQ+,No,missing,English,majority,Senior Software Engineer,1,Bachelor's,Tier 2,0.47922835578166667,0.9660629995462581,Wang,Skyler,2026-04-01,Direct,No,0.47922835578166667,,0.5068979259242079
A00342,53,Female,Hispanic,USA,Muslim,Single,Heterosexual,No,missing,Hindi,minority,Business Analyst,21,Master's,Tier 2,0.2880266542630756,0.08758520443894124,Kim,Riley,2026-04-01,Indeed,No,0.2880266542630756,,0.38563920144741454
A00343,61,Female,White,USA,Christian,Single,Heterosexual,No,Visual,English,minority,Business Analyst,24,Bachelor's,Tier 2,0.3570380491257862,0.15343338298488007,Patel,Sam,2026-04-01,Indeed,No,0.3570380491257862,,0.34720162902250035
A00344,26,Female,White,USA,Christian,Married,Heterosexual,No,missing,Spanish,minority,Marketing Manager,9,Master's,Tier 1,0.21024137641666807,0.9476034154336059,Chen,Alex,2026-04-01,Referral,No,0.21024137641666807,,0.18059108656958728
A00345,33,Female,Asian,USA,Christian,Single,Heterosexual,No,Visual,English,majority,UX Designer,13,Master's,Tier 3,0.8184550199175638,0.4553799987878937,Khan,Jordan,2026-04-01,Direct,Yes,0.8184550199175638,,0.7507934666784166
A00346,36,Male,Hispanic,Mexico,Muslim,Married,Heterosexual,No,Visual,English,majority,DevOps Engineer,19,Bachelor's,Tier 3,0.5785773050384614,0.996527527262908,Nguyen,Skyler,2026-04-01,Indeed,No,0.5785773050384614,,0.5806626590557787
A00347,48,Female,White,USA,Muslim,Divorced,Heterosexual,Yes,missing,English,minority,UX Designer,22,Master's,Tier 3,0.47237579027435894,0.4651179187262807,Wang,Skyler,2026-04-01,Indeed,No,0.47237579027435894,,0.5463330008202743
A00348,45,Male,Hispanic,USA,Christian,Married,Heterosexual,No,Cognitive/Neurodivergent,English,minority,Data Scientist,10,High School,missing,0.22036939404377598,0.1171061023849983,Williams,Casey,2026-04-01,Direct,No,0.22036939404377598,,0.26834916311381923
A00349,44,Male,Asian,USA,Christian,Single,Heterosexual,No,missing,Hindi,majority,Product Manager,22,Bachelor's,Tier 2,0.7001942265315311,0.298133045075923,Ahmed,Skyler,2026-04-01,Indeed,Yes,0.7001942265315311,,0.6530896644606332
A00350,33,Female,White,USA,Christian,Married,LGBTQ+,No,missing,English,majority,Business Analyst,16,Bachelor's,Tier 2,0.06723498484438906,0.37436472974192236,Okafor,Skyler,2026-04-01,Referral,No,0.06723498484438906,,0.02446621565275925
A00351,35,Female,White,USA,missing,Single,LGBTQ+,No,missing,English,minority,Sales Representative,4,Bachelor's,missing,0.026987561306116126,0.8053474685135518,Khan,Casey,2026-04-01,Referral,No,0.026987561306116126,,0.0017789998390679435
A00352,37,Male,Black,USA,Christian,Married,Heterosexual,No,Mobility,English,majority,UX Designer,20,Bachelor's,Tier 2,0.8851846819628613,0.23462442342452783,Ahmed,Alex,2026-04-01,Indeed,Yes,0.8851846819628613,,0.8997980860876283
A00353,45,Male,White,USA,Christian,Single,Heterosexual,No,missing,English,minority,Business Analyst,10,Bachelor's,Tier 1,0.8364308078171875,0.5139924911454361,Smith,Riley,2026-04-01,Indeed,Yes,0.8364308078171875,,0.8261652364620033
A00354,46,Male,Hispanic,USA,Muslim,Married,Heterosexual,No,missing,Vietnamese,majority,Marketing Manager,13,Bachelor's,Tier 2,0.2731155091417208,0.6286358562587867,Kim,Sam,2026-04-01,Direct,No,0.2731155091417208,,0.28383820641387486
A00355,30,Male,Hispanic,USA,missing,Divorced,Heterosexual,No,Cognitive/Neurodivergent,Hindi,majority,DevOps Engineer,0,Bachelor's,Tier 3,0.003978576826518587,0.9485005421334134,Singh,Taylor,2026-04-01,Indeed,No,0.003978576826518587,,0.018815545728790954
A00356,26,Male,Hispanic,Mexico,Christian,Married,Heterosexual,No,missing,English,majority,ML Engineer,23,Associates,Tier 2,0.01475000489634315,0.9023889353955017,Diallo,Alex,2026-04-01,Referral,No,0.01475000489634315,,-0.0001886744375792261
A00357,27,Female,White,USA,missing,Married,Heterosexual,Yes,missing,Spanish,majority,Data Scientist,11,PhD,Tier 1,0.33035175934919303,0.8770025932603734,Diallo,Riley,2026-04-01,Referral,No,0.33035175934919303,,0.32834306226904586
A00358,32,Male,Asian,USA,Muslim,Single,Heterosexual,No,missing,English,majority,Sales Representative,13,Master's,Tier 2,0.5554743140015361,0.5838040188303137,Wang,Jordan,2026-04-01,Indeed,No,0.5554743140015361,,0.5658039328623379
A00359,20,Male,Black,USA,Hindu,Single,Heterosexual,No,Cognitive/Neurodivergent,English,majority,Sales Representative,20,Bachelor's,missing,0.02787736005961905,0.07955497417854684,Smith,Sam,2026-04-01,Direct,No,0.02787736005961905,,0.02367887488296025
A00360,33,Male,White,USA,Buddhist,Single,Heterosexual,No,missing,English,majority,DevOps Engineer,2,Bachelor's,Tier 3,0.20077480227480926,0.2418846960407326,Garcia,Taylor,2026-04-01,Referral,No,0.20077480227480926,,0.2259508455245118
A00361,61,Female,Hispanic,USA,Muslim,Married,Heterosexual,No,missing,English,majority,ML Engineer,22,Master's,Tier 1,0.5081402806049413,0.5156909807634931,Williams,Casey,2026-04-01,LinkedIn,No,0.5081402806049413,,0.6016840692713415
A00362,28,Male,White,USA,Christian,Single,Heterosexual,No,missing,English,majority,ML Engineer,17,Bachelor's,Tier 2,0.9139264678527187,0.2506837691800262,Nguyen,Riley,2026-04-01,Direct,Yes,0.9139264678527187,,0.9435250820912602
A00363,51,Male,Asian,USA,Hindu,Married,Heterosexual,No,missing,English,majority,UX Designer,22,Bachelor's,Tier 3,0.7017959892213997,0.27529513614258283,Okafor,Taylor,2026-04-01,LinkedIn,Yes,0.7017959892213997,,0.7045865165418274
A00364,43,Male,White,USA,Jewish,Married,Heterosexual,No,missing,English,majority,Data Scientist,18,Bachelor's,Tier 3,0.08142217321076395,0.3417577583560105,Cohen,Skyler,2026-04-01,Referral,No,0.08142217321076395,,-0.002883757957331798
A00365,58,Female,White,USA,Christian,Single,Prefer not to say,No,Visual,English,majority,Marketing Manager,18,Master's,Tier 2,0.05422427992094103,0.5912146066498826,Williams,Jordan,2026-04-01,LinkedIn,No,0.05422427992094103,,0.07362213422170112
A00366,27,Female,White,USA,Christian,Single,Heterosexual,No,missing,English,majority,Software Engineer,17,High School,Tier 2,0.17095901199868246,0.11195044625762895,Chen,Skyler,2026-04-01,Indeed,No,0.17095901199868246,,0.07362509141032209
A00367,36,Female,Asian,USA,Christian,Married,Heterosexual,Yes,missing,English,majority,Data Scientist,12,Bachelor's,Tier 2,0.03608880981243412,0.41430839904273875,Nguyen,Riley,2026-04-01,Referral,No,0.03608880981243412,,-0.034362894495371984
A00368,40,Male,White,USA,Hindu,Divorced,Prefer not to say,No,missing,English,majority,Marketing Manager,3,Master's,Tier 1,0.5758681251490595,0.8388886476574506,Singh,Sam,2026-04-01,Indeed,No,0.5758681251490595,,0.6186000877724978
A00369,47,Non-binary,Black,USA,Christian,Single,LGBTQ+,No,missing,English,majority,DevOps Engineer,17,Bachelor's,missing,0.29026797694725015,0.26177719149998147,Ahmed,Morgan,2026-04-01,LinkedIn,No,0.29026797694725015,,0.32557972995408335
A00370,38,Male,White,USA,Christian,Married,Heterosexual,No,Cognitive/Neurodivergent,English,majority,Marketing Manager,18,Bachelor's,Tier 1,0.44694028736820157,0.3833615121576732,Khan,Sam,2026-04-01,Indeed,No,0.44694028736820157,,0.4394433374507573
A00371,49,Male,Asian,USA,Christian,Single,Heterosexual,Yes,missing,English,minority,Business Analyst,24,High School,Tier 1,0.45106944340071176,0.7033579318699035,Rodriguez,Taylor,2026-04-01,LinkedIn,No,0.45106944340071176,,0.36556888809310095
A00372,43,Female,White,USA,Christian,Single,Heterosexual,No,Visual,English,minority,UX Designer,5,Master's,Tier 2,0.929844435478014,0.7482300565946569,Brown,Morgan,2026-04-01,LinkedIn,Yes,0.929844435478014,,0.9112770096334715
A00373,20,Male,Asian,India,missing,Single,LGBTQ+,No,missing,English,majority,ML Engineer,15,Bachelor's,Tier 2,0.7413470975920088,0.012931233023978472,Singh,Taylor,2026-04-01,LinkedIn,Yes,0.7413470975920088,,0.7074101816812076
A00374,53,Male,White,USA,missing,Single,Heterosexual,No,Mobility,English,majority,Product Manager,5,High School,Tier 3,0.31390038481666904,0.8963449159885989,Johnson,Alex,2026-04-01,Indeed,No,0.31390038481666904,,0.34574242212317957
A00375,37,Male,Hispanic,USA,missing,Married,Heterosexual,No,missing,English,majority,Sales Representative,12,Bachelor's,Tier 3,0.5798872760240955,0.8551929747412733,Nguyen,Sam,2026-04-01,Direct,No,0.5798872760240955,,0.6927738026454721
A00376,30,Female,Hispanic,USA,Christian,Married,Heterosexual,No,missing,English,majority,Business Analyst,17,Master's,Tier 2,0.31658515085161865,0.6630844445606073,Diallo,Skyler,2026-04-01,Direct,No,0.31658515085161865,,0.32743167524935146
A00377,31,Non-binary,Black,USA,missing,Single,Heterosexual,No,missing,English,majority,DevOps Engineer,20,Bachelor's,Tier 2,0.3271138404184821,0.5952463557357554,Lee,Skyler,2026-04-01,Indeed,No,0.3271138404184821,,0.2881482840168763
A00378,52,Female,White,China,missing,missing,Heterosexual,No,Cognitive/Neurodivergent,English,minority,UX Designer,19,Master's,missing,0.27516586735183346,0.01967462831861333,Kim,Alex,2026-04-01,Direct,No,0.27516586735183346,,0.21663829083667246
A00379,58,Male,Black,USA,Hindu,Married,Heterosexual,No,missing,English,majority,Software Engineer,1,Master's,Tier 2,0.10002136455303334,0.6151547098156842,Kim,Sam,2026-04-01,LinkedIn,No,0.10002136455303334,,0.09721665051461971
A00380,21,Female,White,USA,Buddhist,Single,Heterosexual,No,missing,Farsi,majority,Sales Representative,15,Master's,Tier 2,0.2286734168988498,0.7327133758753426,Nguyen,Jordan,2026-04-01,Indeed,No,0.2286734168988498,,0.2198337572231704
A00381,27,Male,Black,USA,Christian,Single,Heterosexual,No,Mobility,English,majority,Data Scientist,24,High School,Tier 2,0.11670857583688632,0.6044607200936613,Brown,Casey,2026-04-01,Referral,No,0.11670857583688632,,0.059132617860512736
A00382,41,Male,Hispanic,USA,Christian,Single,Heterosexual,No,Cognitive/Neurodivergent,English,majority,UX Designer,23,Master's,Tier 3,0.41414915949923914,0.30659675744454373,Nguyen,Morgan,2026-04-01,Indeed,No,0.41414915949923914,,0.4199669212838483
A00383,56,Male,White,USA,Christian,missing,LGBTQ+,No,missing,English,majority,Marketing Manager,5,Associates,Tier 3,0.2306000327748352,0.03051115332242893,Diallo,Morgan,2026-04-01,Indeed,No,0.2306000327748352,,0.17305435670929212
A00384,33,Female,Asian,USA,Christian,Single,Heterosexual,No,Cognitive/Neurodivergent,English,minority,Senior Software Engineer,9,Master's,Tier 2,0.17565495361762629,0.37654408337703194,Rodriguez,Morgan,2026-04-01,Indeed,No,0.17565495361762629,,0.23126031720409132
A00385,51,Female,Asian,USA,missing,Divorced,Heterosexual,No,Visual,English,majority,Data Scientist,9,Associates,Tier 2,0.5555992687257595,0.6854728838795846,Lee,Sam,2026-04-01,Indeed,No,0.5555992687257595,,0.6087317990151673
A00386,43,Male,White,USA,missing,Married,Heterosexual,No,missing,English,minority,Data Scientist,8,Bachelor's,Tier 2,0.8330741977048423,0.6029311457955776,Brown,Taylor,2026-04-01,Referral,Yes,0.8330741977048423,,0.8873117609696632
A00387,25,Female,Hispanic,USA,Christian,Single,Heterosexual,No,Hearing,English,majority,DevOps Engineer,15,Associates,missing,0.9171798023986857,0.8816987281015122,Garcia,Skyler,2026-04-01,LinkedIn,Yes,0.9171798023986857,,0.8934772788682592
A00388,52,Female,Hispanic,USA,missing,Married,Heterosexual,Yes,missing,English,majority,Software Engineer,10,Bachelor's,Tier 1,0.14552432475162236,0.6973960811700344,Diallo,Taylor,2026-04-01,LinkedIn,No,0.14552432475162236,,0.1712503529175268
A00389,61,Female,White,China,Muslim,Single,Heterosexual,No,missing,English,majority,UX Designer,15,Master's,Tier 2,0.8772727552715096,0.4199875856449793,Okafor,Morgan,2026-04-01,Direct,Yes,0.8772727552715096,,0.8706692800105418
A00390,50,Male,Black,China,Christian,Single,LGBTQ+,Yes,missing,English,majority,Sales Representative,8,Bachelor's,Tier 2,0.7154747659719469,0.35337153414020706,Patel,Riley,2026-04-01,LinkedIn,Yes,0.7154747659719469,,0.6960341629018229
A00391,35,Female,White,USA,missing,Single,Heterosexual,No,missing,English,majority,UX Designer,17,Master's,Tier 1,0.5439824638578241,0.14938158331375528,Diallo,Casey,2026-04-01,LinkedIn,No,0.5439824638578241,,0.5270251810007208
A00392,53,Female,White,USA,Muslim,Single,Heterosexual,No,Hearing,Mandarin,majority,Sales Representative,22,Bachelor's,Tier 1,0.7357303464193383,0.6818040717088283,Ahmed,Jordan,2026-04-01,LinkedIn,Yes,0.7357303464193383,,0.6707445827676308
A00393,44,Male,White,USA,Christian,Married,Heterosexual,No,missing,English,majority,Data Scientist,15,Bachelor's,Tier 1,0.12363560977700971,0.23632525772221813,Lee,Sam,2026-04-01,Referral,No,0.12363560977700971,,0.051442424982253654
A00394,49,Male,Black,USA,Christian,Divorced,LGBTQ+,No,missing,English,majority,Sales Representative,8,Bachelor's,Tier 3,0.7466872770808651,0.7342897153504637,Johnson,Morgan,2026-04-01,Indeed,Yes,0.7466872770808651,,0.7864030166246674
A00395,31,Male,Middle Eastern,USA,missing,Single,Heterosexual,No,missing,English,majority,Data Scientist,4,Bachelor's,Tier 2,0.36333510023690985,0.6138332203835539,Kim,Alex,2026-04-01,Direct,No,0.36333510023690985,,0.35377333004093386
A00396,51,Female,White,USA,Christian,Divorced,Prefer not to say,No,missing,English,majority,Product Manager,10,Bachelor's,Tier 2,0.04901352999755759,0.785542003971911,Patel,Sam,2026-04-01,Direct,No,0.04901352999755759,,0.05983477255393875
A00397,24,Male,Black,USA,missing,Single,Heterosexual,No,missing,Spanish,minority,UX Designer,22,Master's,Tier 2,0.11902854768410287,0.24654348868643583,Lee,Jordan,2026-04-01,Referral,No,0.11902854768410287,,0.16911406710680887
A00398,20,Male,White,USA,Hindu,Single,Heterosexual,No,missing,English,majority,UX Designer,10,Bachelor's,Tier 2,0.22819996352222627,0.07058446082568803,Cohen,Taylor,2026-04-01,Indeed,No,0.22819996352222627,,0.14154333877142256
A00399,39,Male,Asian,USA,Christian,Single,Heterosexual,No,Hearing,English,majority,Product Manager,9,Bachelor's,Tier 2,0.8312388536262867,0.8560436366824831,Nguyen,Morgan,2026-04-01,Referral,Yes,0.8312388536262867,,0.792032349935492
A00400,54,Male,White,Mexico,Christian,Single,Heterosexual,No,missing,English,minority,UX Designer,20,High School,Tier 3,0.7235704616660341,0.4176960484026635,Rodriguez,Riley,2026-04-01,Indeed,Yes,0.7235704616660341,,0.7323372038392877
A00401,49,Female,Asian,USA,Christian,Single,Heterosexual,No,missing,English,majority,Data Scientist,21,High School,Tier 2,0.09849185305989372,0.027404947997640705,Hernandez,Skyler,2026-04-01,LinkedIn,No,0.09849185305989372,,0.11809659239317237
A00402,57,Female,Asian,India,Muslim,Married,Heterosexual,No,missing,Spanish,majority,UX Designer,5,High School,Tier 3,0.8018618216204166,0.11336341337201761,Diallo,Jordan,2026-04-01,LinkedIn,Yes,0.8018618216204166,,0.7830080991003618
A00403,44,Female,Middle Eastern,USA,Christian,Single,Heterosexual,No,missing,English,majority,Business Analyst,4,Bachelor's,Tier 3,0.8122032178817817,0.0105970629018457,Brown,Morgan,2026-04-01,LinkedIn,Yes,0.8122032178817817,,0.8636621795166741
A00404,45,Female,White,USA,Christian,Married,Heterosexual,No,missing,English,minority,Marketing Manager,12,Master's,missing,0.4373028988018127,0.4185402079462124,Khan,Alex,2026-04-01,Referral,No,0.4373028988018127,,0.44782264574329456
A00405,47,Female,White,USA,Christian,Single,Heterosexual,No,Hearing,English,majority,Marketing Manager,22,Bachelor's,Tier 3,0.5569266955542278,0.5969370339467239,Khan,Jordan,2026-04-01,Indeed,No,0.5569266955542278,,0.4962575886128348
A00406,21,Male,White,Mexico,Christian,Single,Heterosexual,No,Cognitive/Neurodivergent,English,minority,Senior Software Engineer,23,Bachelor's,missing,0.7777516234245001,0.6459770729766169,Okafor,Skyler,2026-04-01,Direct,Yes,0.7777516234245001,,0.7312134346249678
A00407,61,Male,White,USA,Christian,Married,Prefer not to say,No,missing,English,minority,Business Analyst,23,Master's,Tier 1,0.4532928647991824,0.7641688102152262,Patel,Taylor,2026-04-01,Direct,No,0.4532928647991824,,0.49356641782391353
A00408,28,Male,White,China,missing,Married,LGBTQ+,No,missing,English,majority,UX Designer,11,Bachelor's,Tier 2,0.9848019736973506,0.7878091816047811,Garcia,Riley,2026-04-01,LinkedIn,Yes,0.9848019736973506,,1.0079935465201535
A00409,53,Female,White,China,Christian,Married,LGBTQ+,No,missing,English,majority,ML Engineer,2,Bachelor's,Tier 2,0.8284786448737824,0.5275089117685562,Williams,Casey,2026-04-01,Direct,Yes,0.8284786448737824,,0.7335255829234524
A00410,44,Female,Asian,USA,Christian,Single,Heterosexual,No,missing,English,majority,UX Designer,0,PhD,Tier 2,0.2624894488863392,0.9658795826745814,Nguyen,Casey,2026-04-01,LinkedIn,No,0.2624894488863392,,0.32987506407945966
A00411,42,Female,White,USA,missing,Single,Heterosexual,No,missing,English,majority,Business Analyst,23,Bachelor's,Tier 1,0.4044741657391172,0.160875106461969,Nguyen,Alex,2026-04-01,Indeed,No,0.4044741657391172,,0.4343755172938116
A00412,43,Male,White,USA,Christian,Married,LGBTQ+,No,Mobility,English,majority,Marketing Manager,5,Bachelor's,Tier 1,0.9983825726023023,0.45713990917665837,Kim,Alex,2026-04-01,Referral,Yes,0.9983825726023023,,1.0655497219871273
A00413,53,Non-binary,Hispanic,USA,Muslim,Single,Heterosexual,No,missing,English,majority,ML Engineer,2,Bachelor's,Tier 2,0.31864314199113053,0.18149553393247408,Diallo,Sam,2026-04-01,Indeed,No,0.31864314199113053,,0.2994580979373763
A00414,53,Female,White,USA,Christian,Single,Heterosexual,No,missing,English,majority,Product Manager,4,Master's,missing,0.020780831682371326,0.5063607032561299,Chen,Skyler,2026-04-01,Direct,No,0.020780831682371326,,0.005995520615755031
A00415,38,Female,Black,USA,missing,Married,Heterosexual,No,missing,Spanish,majority,DevOps Engineer,5,Bachelor's,Tier 3,0.6237027344897329,0.8368437856548128,Singh,Alex,2026-04-01,Direct,No,0.6237027344897329,,0.567379880252167
A00416,41,Female,White,Mexico,missing,Single,Heterosexual,No,missing,Hindi,minority,Product Manager,9,Bachelor's,Tier 3,0.6823726556042548,0.2304245687263804,Ahmed,Skyler,2026-04-01,Indeed,No,0.6823726556042548,,0.8092191341108491
A00417,58,Male,Hispanic,USA,missing,Single,Heterosexual,No,Visual,English,majority,Business Analyst,2,Bachelor's,Tier 3,0.7288234066290631,0.7586625844791146,Rodriguez,Alex,2026-04-01,Referral,Yes,0.7288234066290631,,0.7200506953587057
A00418,57,Male,Black,China,Christian,missing,Heterosexual,No,missing,English,majority,Senior Software Engineer,2,High School,Tier 3,0.25055412749432904,0.7392880131235022,Nguyen,Morgan,2026-04-01,Direct,No,0.25055412749432904,,0.3299307870984263
A00419,44,Male,Hispanic,USA,Christian,Single,Heterosexual,No,missing,English,majority,DevOps Engineer,17,PhD,Tier 1,0.7415026001203501,0.6056773921735026,Brown,Alex,2026-04-01,Direct,Yes,0.7415026001203501,,0.7091379775509861
A00420,39,Female,Asian,USA,Hindu,Single,Heterosexual,No,missing,English,majority,DevOps Engineer,19,Master's,Tier 1,0.12807696230087928,0.9872468112484667,Lee,Morgan,2026-04-01,Direct,No,0.12807696230087928,,0.13626902191753432
A00421,22,Female,White,USA,Christian,Married,Heterosexual,No,Visual,English,majority,Data Scientist,15,Bachelor's,Tier 3,0.19418873750483634,0.24304880333722922,Singh,Riley,2026-04-01,Direct,No,0.19418873750483634,,0.11062111317633233
A00422,29,Male,White,USA,Christian,Divorced,Heterosexual,No,missing,English,minority,Senior Software Engineer,18,High School,missing,0.708328292948743,0.06357632735094465,Lee,Morgan,2026-04-01,LinkedIn,Yes,0.708328292948743,,0.6891849355104045
A00423,62,Female,White,USA,Christian,Divorced,Heterosexual,No,missing,English,majority,Business Analyst,5,Master's,Tier 2,0.4076414416265286,0.3369125936353302,Cohen,Alex,2026-04-01,Direct,No,0.4076414416265286,,0.45682918704652997
A00424,53,Female,Native American,USA,Christian,Single,Heterosexual,No,missing,English,minority,Sales Representative,6,PhD,Tier 2,0.7207105776720031,0.39504442130255435,Lee,Morgan,2026-04-01,LinkedIn,Yes,0.7207105776720031,,0.6581233868932782
A00425,50,Female,White,USA,Christian,Married,Heterosexual,No,missing,Mandarin,majority,Product Manager,6,Bachelor's,Tier 3,0.47615392341474416,0.7228140118087781,Johnson,Skyler,2026-04-01,Referral,No,0.47615392341474416,,0.5297653006614748
A00426,23,Male,White,USA,missing,Single,Heterosexual,No,Hearing,English,minority,Sales Representative,23,Bachelor's,missing,0.5070768720394521,0.6952073950673068,Garcia,Morgan,2026-04-01,Referral,No,0.5070768720394521,,0.5239387628318752
A00427,36,Male,White,USA,Christian,Married,Heterosexual,No,Cognitive/Neurodivergent,English,majority,Sales Representative,19,Bachelor's,Tier 1,0.013903248149341962,0.7708887831788492,Garcia,Sam,2026-04-01,LinkedIn,No,0.013903248149341962,,-0.03829429809987083
A00428,59,Female,White,USA,Christian,Single,LGBTQ+,No,Visual,English,majority,UX Designer,0,Master's,missing,0.3261952264225909,0.6644419284872748,Wang,Skyler,2026-04-01,Indeed,No,0.3261952264225909,,0.30111536285130724
A00429,41,Male,Asian,USA,missing,Divorced,Heterosexual,No,missing,English,majority,Business Analyst,5,Bachelor's,Tier 2,0.6207270646825096,0.7742091191508703,Smith,Skyler,2026-04-01,Indeed,No,0.6207270646825096,,0.597773780847239
A00430,32,Male,Black,USA,Christian,Married,Heterosexual,No,missing,English,majority,Product Manager,14,Associates,Tier 3,0.8583358492643621,0.7632207755469703,Wang,Morgan,2026-04-01,Referral,Yes,0.8583358492643621,,0.855859882367237
A00431,38,Female,Asian,USA,Christian,Divorced,Heterosexual,No,Mobility,English,majority,Business Analyst,2,Bachelor's,Tier 1,0.015484850809911688,0.8295036615079172,Nguyen,Casey,2026-04-01,Indeed,No,0.015484850809911688,,-0.01132234748724293
A00432,40,Male,White,India,missing,Married,Heterosexual,No,Visual,English,majority,UX Designer,1,Bachelor's,Tier 3,0.6320598727485207,0.6463072899683806,Singh,Casey,2026-04-01,LinkedIn,No,0.6320598727485207,,0.5906954777082939
A00433,42,Male,Asian,USA,Christian,Married,Heterosexual,No,missing,English,minority,Senior Software Engineer,9,Master's,Tier 3,0.9432647673039526,0.8084376793701319,Williams,Sam,2026-04-01,Indeed,Yes,0.9432647673039526,,0.9280353821782117
A00434,45,Female,White,USA,Christian,Single,LGBTQ+,No,Cognitive/Neurodivergent,English,minority,DevOps Engineer,5,Bachelor's,Tier 2,0.5207867076143327,0.6249873490682688,Hernandez,Skyler,2026-04-01,LinkedIn,No,0.5207867076143327,,0.4694422206838802
A00435,48,Male,Hispanic,USA,Christian,Married,Heterosexual,No,Hearing,English,majority,Software Engineer,6,PhD,Tier 1,0.09751413497968187,0.4291095282631333,Garcia,Morgan,2026-04-01,Referral,No,0.09751413497968187,,0.03303780634752802
A00436,57,Male,White,USA,Muslim,Single,LGBTQ+,No,missing,Vietnamese,majority,UX Designer,8,Bachelor's,missing,0.22027400155899668,0.703708845912991,Ahmed,Sam,2026-04-01,LinkedIn,No,0.22027400155899668,,0.21786517743362874
A00437,40,Female,Middle Eastern,USA,Christian,Divorced,Heterosexual,No,Visual,English,majority,Sales Representative,19,Master's,Tier 3,0.9603214693887211,0.5177113743616595,Rodriguez,Casey,2026-04-01,LinkedIn,Yes,0.9603214693887211,,1.0044651806664495
A00438,33,Female,White,USA,missing,Divorced,Heterosexual,No,Visual,English,majority,Business Analyst,9,PhD,Tier 3,0.8454733316317657,0.3846347782833417,Kim,Riley,2026-04-01,LinkedIn,Yes,0.8454733316317657,,0.7690047463758976
A00439,42,Male,Black,USA,Muslim,Single,Heterosexual,No,missing,Spanish,majority,Business Analyst,14,Associates,Tier 2,0.16408494268396745,0.24900086212259565,Patel,Jordan,2026-04-01,LinkedIn,No,0.16408494268396745,,0.16426035025716548
A00440,33,Female,White,USA,missing,Divorced,Heterosexual,No,missing,English,minority,Marketing Manager,21,Bachelor's,missing,0.3753226288168763,0.735138033063682,Nguyen,Sam,2026-04-01,Referral,No,0.3753226288168763,,0.3428248190768115
A00441,57,Female,Asian,Mexico,Christian,Divorced,Heterosexual,No,missing,English,majority,UX Designer,15,Associates,Tier 2,0.3084107542968414,0.34632708144741287,Smith,Jordan,2026-04-01,Referral,No,0.3084107542968414,,0.2595534824401069
A00442,34,Male,Middle Eastern,USA,Christian,Single,Heterosexual,No,missing,Hindi,minority,Business Analyst,7,Bachelor's,Tier 3,0.29929955336908853,0.8739580942903403,Okafor,Skyler,2026-04-01,Referral,No,0.29929955336908853,,0.3419714360048195
A00443,56,Female,Asian,USA,missing,Single,Heterosexual,No,missing,English,majority,Software Engineer,13,High School,Tier 3,0.22672051231202883,0.8499356612003093,Ahmed,Morgan,2026-04-01,LinkedIn,No,0.22672051231202883,,0.20081202785749552
A00444,29,Female,White,USA,Christian,Single,Heterosexual,Yes,missing,English,majority,Data Scientist,0,Bachelor's,Tier 2,0.11366029367156316,0.5522747861345987,Ahmed,Jordan,2026-04-01,Direct,No,0.11366029367156316,,0.18857537782480716
A00445,40,Female,Middle Eastern,USA,Christian,Married,Heterosexual,No,missing,Vietnamese,minority,Business Analyst,20,Associates,Tier 3,0.39789045218266283,0.4145941266488289,Rodriguez,Riley,2026-04-01,LinkedIn,No,0.39789045218266283,,0.3588984839753432
A00446,24,Female,Hispanic,USA,Muslim,Single,Heterosexual,No,missing,English,minority,Marketing Manager,7,Master's,Tier 1,0.2640909847301507,0.1259017885294338,Okafor,Riley,2026-04-01,LinkedIn,No,0.2640909847301507,,0.28341608441144234
A00447,54,Female,Black,USA,Christian,Married,Heterosexual,No,missing,Farsi,majority,DevOps Engineer,5,PhD,Tier 2,0.29937271507384333,0.5105966694544617,Williams,Taylor,2026-04-01,Referral,No,0.29937271507384333,,0.2880085647459832
A00448,49,Female,White,USA,missing,Married,Heterosexual,No,missing,Spanish,majority,Marketing Manager,0,Bachelor's,Tier 2,0.4773329308182892,0.9011511019565626,Okafor,Sam,2026-04-01,Direct,No,0.4773329308182892,,0.43963184036197106
A00449,25,Male,White,USA,missing,Single,Heterosexual,No,missing,English,minority,Marketing Manager,15,Master's,Tier 1,0.48311541941625447,0.446035522383875,Wang,Riley,2026-04-01,Direct,No,0.48311541941625447,,0.5124991715451421
A00450,43,Male,Hispanic,USA,Christian,Single,Heterosexual,No,missing,English,minority,Business Analyst,17,Bachelor's,Tier 1,0.3587906141136816,0.6250683219843595,Rodriguez,Morgan,2026-04-01,Direct,No,0.3587906141136816,,0.35104148545994124
A00451,51,Female,White,USA,Christian,Married,Heterosexual,No,Mobility,English,majority,Business Analyst,10,Bachelor's,Tier 2,0.32603526092503765,0.7998038881075715,Ahmed,Jordan,2026-04-01,Referral,No,0.32603526092503765,,0.35619578996072
A00452,36,Female,White,USA,Christian,Married,Heterosexual,No,missing,English,majority,Software Engineer,11,Associates,Tier 2,0.28807558037657366,0.23618877136075944,Smith,Riley,2026-04-01,Referral,No,0.28807558037657366,,0.28571100501572383
A00453,41,Male,White,USA,Christian,Single,Heterosexual,No,missing,English,majority,Product Manager,17,Bachelor's,Tier 3,0.052549527371184346,0.19109841064471922,Lee,Skyler,2026-04-01,Indeed,No,0.052549527371184346,,-0.0017412853938875705
A00454,60,Female,White,USA,Christian,Married,Heterosexual,No,missing,English,majority,Software Engineer,14,PhD,Tier 1,0.9136872407363571,0.10968523120747242,Wang,Alex,2026-04-01,Indeed,Yes,0.9136872407363571,,0.9085837785769117
A00455,60,Male,Hispanic,USA,missing,Single,Heterosexual,No,Cognitive/Neurodivergent,English,majority,Senior Software Engineer,4,Associates,missing,0.08561014869509964,0.460404862006078,Hernandez,Riley,2026-04-01,LinkedIn,No,0.08561014869509964,,0.08820790717090667
A00456,28,Male,Hispanic,USA,Muslim,Divorced,Heterosexual,No,Hearing,Spanish,majority,Product Manager,9,Bachelor's,Tier 1,0.2474554119316016,0.7448077372769633,Hernandez,Morgan,2026-04-01,Direct,No,0.2474554119316016,,0.29537855962566145
A00457,32,Female,White,USA,Christian,Married,Heterosexual,No,missing,Spanish,majority,DevOps Engineer,17,Bachelor's,Tier 3,0.4853135338791712,0.46182781321031396,Ahmed,Casey,2026-04-01,LinkedIn,No,0.4853135338791712,,0.44000008351241227
A00458,29,Male,White,USA,Buddhist,Married,Heterosexual,No,missing,English,minority,Sales Representative,16,Master's,Tier 1,0.7540314908460289,0.2546571915384138,Chen,Alex,2026-04-01,LinkedIn,Yes,0.7540314908460289,,0.7520649981826637
A00459,60,Male,Asian,USA,Christian,Single,Heterosexual,No,missing,English,majority,Sales Representative,10,Master's,Tier 3,0.5173240878971453,0.6047796221585862,Hernandez,Riley,2026-04-01,Direct,No,0.5173240878971453,,0.4312301513856434
A00460,20,Male,Asian,USA,Christian,Single,Heterosexual,No,missing,Spanish,minority,ML Engineer,23,Master's,Tier 2,0.05765280221817437,0.6170317228225266,Smith,Casey,2026-04-01,LinkedIn,No,0.05765280221817437,,0.09022745523534015
A00461,51,Male,White,USA,missing,Single,Heterosexual,No,missing,English,majority,Software Engineer,3,Bachelor's,Tier 3,0.07769698080993981,0.6600523259858233,Chen,Casey,2026-04-01,LinkedIn,No,0.07769698080993981,,0.023622832077907517
A00462,22,Female,White,USA,Christian,Single,Heterosexual,No,missing,Mandarin,minority,DevOps Engineer,11,Bachelor's,Tier 3,0.07661419314036211,0.872840527228648,Singh,Morgan,2026-04-01,LinkedIn,No,0.07661419314036211,,-0.013703782913818172
A00463,28,Male,White,USA,Christian,Married,Heterosexual,Yes,missing,English,majority,Business Analyst,3,Bachelor's,Tier 2,0.2862489196022192,0.24259955210752449,Patel,Taylor,2026-04-01,Direct,No,0.2862489196022192,,0.28328807788848237
A00464,20,Male,White,USA,Christian,Married,Heterosexual,No,missing,English,majority,Sales Representative,20,Bachelor's,Tier 2,0.2249112167294598,0.7910334105528597,Rodriguez,Jordan,2026-04-01,Referral,No,0.2249112167294598,,0.28019546466260215
A00465,60,Male,White,USA,missing,Married,Heterosexual,No,missing,English,minority,ML Engineer,22,Bachelor's,Tier 3,0.10613888763840729,0.15055328711751215,Patel,Sam,2026-04-01,LinkedIn,No,0.10613888763840729,,0.02991654022781351
A00466,30,Male,Hispanic,China,Christian,Single,Heterosexual,No,missing,English,majority,Senior Software Engineer,21,Master's,Tier 3,0.24382201879972998,0.48063677900771706,Wang,Jordan,2026-04-01,Referral,No,0.24382201879972998,,0.18942023953030862
A00467,44,Female,White,USA,missing,Single,Heterosexual,No,missing,English,minority,Data Scientist,3,Master's,Tier 2,0.8145975610869599,0.14382985693619754,Nguyen,Skyler,2026-04-01,LinkedIn,Yes,0.8145975610869599,,0.7774338165342959
A00468,35,Female,Asian,USA,missing,Single,Heterosexual,No,Cognitive/Neurodivergent,English,minority,Marketing Manager,23,Associates,missing,0.17018958649789773,0.7023098019818586,Brown,Alex,2026-04-01,Indeed,No,0.17018958649789773,,0.11371475418079756
A00469,43,Female,White,USA,Muslim,Single,Heterosexual,Yes,missing,English,minority,Software Engineer,5,Bachelor's,Tier 2,0.8621834948441328,0.5136088601178955,Cohen,Skyler,2026-04-01,LinkedIn,Yes,0.8621834948441328,,0.881154889260862
A00470,30,Female,Middle Eastern,USA,Muslim,Single,Heterosexual,No,missing,Vietnamese,majority,ML Engineer,10,Bachelor's,missing,0.651221969089364,0.257329563512695,Rodriguez,Jordan,2026-04-01,Referral,No,0.651221969089364,,0.6108535968371397
A00471,50,Female,Asian,USA,Buddhist,Married,Heterosexual,No,missing,English,minority,Senior Software Engineer,22,Bachelor's,Tier 3,0.5231787502355852,0.47353532828654377,Rodriguez,Morgan,2026-04-01,Direct,No,0.5231787502355852,,0.4871030134125751
A00472,58,Female,Asian,USA,Christian,Single,Heterosexual,No,missing,English,majority,Marketing Manager,23,Associates,Tier 2,0.5036247961774836,0.3324757304592413,Diallo,Riley,2026-04-01,Referral,No,0.5036247961774836,,0.5327900661115992
A00473,56,Male,Hispanic,USA,Christian,Single,Heterosexual,No,missing,English,minority,Marketing Manager,14,Master's,Tier 2,0.08838250630256816,0.4028567735956582,Garcia,Casey,2026-04-01,Direct,No,0.08838250630256816,,0.05060677475413395
A00474,49,Male,White,USA,Jewish,Single,LGBTQ+,No,missing,English,majority,Sales Representative,5,Bachelor's,Tier 1,0.3820652225989557,0.5315353291837259,Wang,Jordan,2026-04-01,Referral,No,0.3820652225989557,,0.40370422748799184
A00475,29,Female,Middle Eastern,USA,Christian,Single,Heterosexual,No,Hearing,English,majority,Business Analyst,24,Master's,Tier 3,0.9858312125073673,0.6996825294403355,Cohen,Skyler,2026-04-01,Indeed,Yes,0.9858312125073673,,0.9372619539132652
A00476,35,Male,Black,USA,Christian,Single,Heterosexual,No,missing,English,majority,Senior Software Engineer,6,Associates,Tier 2,0.3528910113950149,0.6563470656600193,Kim,Casey,2026-04-01,Direct,No,0.3528910113950149,,0.2922840856842504
A00477,44,Male,Middle Eastern,USA,Christian,Married,Heterosexual,No,missing,English,majority,Sales Representative,9,Bachelor's,missing,0.8374713722153441,0.7775297040266859,Smith,Jordan,2026-04-01,Indeed,Yes,0.8374713722153441,,0.745698907755798
A00478,22,Male,Black,USA,Christian,Married,Heterosexual,No,missing,English,majority,Sales Representative,20,Bachelor's,Tier 1,0.9655846295917654,0.3142889166677292,Lee,Alex,2026-04-01,LinkedIn,Yes,0.9655846295917654,,1.058644768937352
A00479,25,Male,Hispanic,USA,missing,Single,Heterosexual,No,missing,English,majority,ML Engineer,19,Bachelor's,Tier 2,0.27289024774273274,0.5655281321721926,Johnson,Jordan,2026-04-01,Indeed,No,0.27289024774273274,,0.25687729613618293
A00480,45,Female,Hispanic,USA,Christian,Married,Heterosexual,No,missing,English,majority,Software Engineer,12,Master's,missing,0.3005469413967605,0.872769923210231,Singh,Skyler,2026-04-01,LinkedIn,No,0.3005469413967605,,0.312743609794182
A00481,60,Male,Middle Eastern,USA,missing,Married,Heterosexual,No,missing,Spanish,majority,Sales Representative,15,High School,Tier 3,0.9047984880360588,0.34366101540153327,Nguyen,Jordan,2026-04-01,LinkedIn,Yes,0.9047984880360588,,0.9032460125870189
A00482,47,Male,White,China,missing,Married,Heterosexual,No,missing,English,majority,Sales Representative,21,Master's,Tier 1,0.5488851601125256,0.3484305438370887,Garcia,Sam,2026-04-01,Indeed,No,0.5488851601125256,,0.5568832479628888
A00483,35,Female,White,USA,Christian,Divorced,Heterosexual,No,missing,English,majority,Software Engineer,1,Associates,Tier 3,0.2650291791232884,0.45221002417067635,Rodriguez,Riley,2026-04-01,Direct,No,0.2650291791232884,,0.267513503092007
A00484,29,Male,Black,USA,missing,Married,Heterosexual,No,missing,English,majority,Business Analyst,21,Master's,Tier 2,0.8469892014104612,0.9187263408261186,Okafor,Morgan,2026-04-01,Indeed,Yes,0.8469892014104612,,0.9424000533705961
A00485,38,Female,Black,USA,Hindu,Divorced,Heterosexual,No,missing,English,minority,DevOps Engineer,19,Bachelor's,Tier 1,0.9292826503934445,0.2597964089651893,Brown,Skyler,2026-04-01,Referral,Yes,0.9292826503934445,,0.8773363208455871
A00486,61,Female,White,USA,Christian,Single,Heterosexual,No,missing,Mandarin,majority,UX Designer,11,High School,Tier 2,0.191459791030823,0.15888966336491317,Kim,Jordan,2026-04-01,LinkedIn,No,0.191459791030823,,0.11358668572591414
A00487,26,Female,Black,USA,Christian,Single,Heterosexual,No,missing,English,minority,ML Engineer,14,Master's,Tier 3,0.8509684288362848,0.5829739684227065,Ahmed,Morgan,2026-04-01,Referral,Yes,0.8509684288362848,,0.800370445412067
A00488,26,Female,White,USA,missing,Married,Heterosexual,No,missing,English,majority,Sales Representative,1,Master's,Tier 2,0.052399553256469944,0.9213813430423449,Lee,Morgan,2026-04-01,Indeed,No,0.052399553256469944,,-0.014335897231457367
A00489,55,Female,White,USA,Hindu,Married,Heterosexual,No,missing,Spanish,majority,Software Engineer,0,Bachelor's,Tier 3,0.35332998225016254,0.04484892042662181,Smith,Casey,2026-04-01,Referral,No,0.35332998225016254,,0.39067808487425965
A00490,50,Female,White,USA,Christian,Single,Heterosexual,No,missing,English,minority,ML Engineer,10,Master's,Tier 3,0.281253664181058,0.3263492062125465,Smith,Taylor,2026-04-01,Referral,No,0.281253664181058,,0.32227257465794584
A00491,36,Male,Hispanic,USA,Hindu,Single,Heterosexual,No,Hearing,English,majority,Marketing Manager,24,Bachelor's,Tier 2,0.2759761024951658,0.7373837428133778,Khan,Sam,2026-04-01,LinkedIn,No,0.2759761024951658,,0.22791032523764948
A00492,43,Male,White,USA,missing,Single,LGBTQ+,No,missing,English,majority,Senior Software Engineer,11,Master's,Tier 2,0.5747153921704586,0.4846922973689096,Williams,Riley,2026-04-01,Referral,No,0.5747153921704586,,0.505193603347309
A00493,34,Female,White,USA,Muslim,Single,Heterosexual,No,missing,English,majority,Marketing Manager,24,Master's,Tier 1,0.4769960257246425,0.6575235435905554,Hernandez,Alex,2026-04-01,Referral,No,0.4769960257246425,,0.45925619306758775
A00494,30,Male,White,USA,Christian,Married,Heterosexual,No,missing,English,majority,Software Engineer,14,Master's,Tier 3,0.48715596230399594,0.5765901012756071,Lee,Morgan,2026-04-01,Indeed,No,0.48715596230399594,,0.5567121561978157
A00495,40,Female,Asian,USA,Christian,Divorced,Heterosexual,Yes,missing,English,minority,Senior Software Engineer,13,Master's,missing,0.5816933678218396,0.597011628999684,Smith,Casey,2026-04-01,Indeed,No,0.5816933678218396,,0.4407148969319238
A00496,35,Female,White,USA,Christian,Married,Heterosexual,No,missing,English,minority,Sales Representative,20,Bachelor's,Tier 3,0.7156552118044733,0.939169205328028,Ahmed,Sam,2026-04-01,Referral,Yes,0.7156552118044733,,0.741986550255267
A00497,37,Female,White,Egypt,Christian,Married,Heterosexual,No,missing,English,majority,Product Manager,8,Associates,Tier 2,0.8940298210968682,0.5529445449067617,Okafor,Alex,2026-04-01,Indeed,Yes,0.8940298210968682,,0.840242059724439
A00498,42,Male,Asian,USA,Christian,Single,LGBTQ+,No,missing,English,majority,UX Designer,20,Bachelor's,Tier 3,0.19696205433781044,0.6031042018236366,Khan,Riley,2026-04-01,Referral,No,0.19696205433781044,,0.24898041166487417
A00499,20,Male,White,USA,missing,Married,Heterosexual,No,missing,English,majority,Product Manager,10,Bachelor's,Tier 2,0.3825446463095499,0.4426845985040758,Brown,Morgan,2026-04-01,LinkedIn,No,0.3825446463095499,,0.32864844926571224
