applicant_id,age,gender,race_ethnicity,national_origin,religion,marital_status,sexual_orientation,veteran_status,disability_status,primary_language,zip_minority_majority,role_applied,years_experience,education_level,university_tier,skill_match_score,photo_attractiveness_score,last_name,first_name,application_date,source,invite_decision,true_qualification_score,_bias_flags,model_score
A00000,20,Female,Black,USA,Christian,Single,Heterosexual,No,missing,English,majority,Business Analyst,12,Bachelor's,Tier 2,0.11600853744658246,0.4917386941135672,Smith,Morgan,2026-04-01,Indeed,No,0.11600853744658246,,0.1160700451144566
A00001,43,Female,White,China,Christian,Single,Prefer not to say,No,missing,English,majority,DevOps Engineer,11,Associates,Tier 2,0.2912395921277813,0.7231746287976034,Patel,Sam,2026-04-01,Indeed,No,0.2912395921277813,,0.3061768690032048
A00002,22,Male,Hispanic,USA,Christian,Divorced,Heterosexual,Yes,missing,English,majority,Business Analyst,8,Master's,Tier 2,0.7641003326138494,0.5177677650070713,Johnson,Morgan,2026-04-01,Referral,Yes,0.7641003326138494,,0.7503934398457385
A00003,47,Female,Black,USA,Christian,Married,Heterosexual,No,missing,Spanish,majority,UX Designer,15,Associates,Tier 1,0.9931273978372828,0.3002643278479613,Okafor,Taylor,2026-04-01,LinkedIn,Yes,0.9931273978372828,,0.9485978058994191
A00004,38,Female,Asian,USA,Hindu,Single,Heterosexual,No,missing,English,minority,Senior Software Engineer,0,Bachelor's,Tier 3,0.30396246612223476,0.7256242254237124,Okafor,Riley,2026-04-01,LinkedIn,No,0.30396246612223476,,0.28122892686364864
A00005,57,Female,White,USA,Christian,Single,Heterosexual,No,missing,Mandarin,majority,UX Designer,1,Associates,Tier 3,0.6581250332951009,0.06464640205508065,Chen,Casey,2026-04-01,LinkedIn,No,0.6581250332951009,,0.6085427055452778
A00006,51,Female,Black,USA,Christian,Single,LGBTQ+,No,missing,English,minority,Business Analyst,2,Bachelor's,Tier 1,0.7241794156149889,0.7925135292741736,Patel,Morgan,2026-04-01,Referral,No,0.7241794156149889,,0.7271865957448608
A00007,51,Male,White,USA,missing,Single,Heterosexual,No,missing,English,minority,Senior Software Engineer,17,Bachelor's,Tier 3,0.8174109185498418,0.5001350471825531,Cohen,Jordan,2026-04-01,Indeed,Yes,0.8174109185498418,,0.8844216808275684
A00008,24,Male,Black,USA,Buddhist,Single,Heterosexual,No,missing,English,majority,Data Scientist,20,Master's,Tier 3,0.019871449963772214,0.6596064504836121,Kim,Jordan,2026-04-01,LinkedIn,No,0.019871449963772214,,-0.00473887596379427
A00009,46,Male,Native American,USA,Christian,missing,Heterosexual,No,missing,English,majority,Software Engineer,7,Bachelor's,Tier 2,0.8423465601380806,0.03291940880207189,Kim,Morgan,2026-04-01,Indeed,Yes,0.8423465601380806,,0.8113228151470836
A00010,48,Female,Black,USA,Christian,Married,Heterosexual,Yes,missing,Spanish,majority,Marketing Manager,12,Bachelor's,Tier 3,0.35721947207894045,0.637656327944524,Ahmed,Jordan,2026-04-01,Direct,No,0.35721947207894045,,0.3817115745882004
A00011,61,Female,White,USA,Muslim,Married,Prefer not to say,No,missing,English,minority,Product Manager,2,Bachelor's,Tier 2,0.8073029859819213,0.9120657620358074,Hernandez,Jordan,2026-04-01,Direct,Yes,0.8073029859819213,,0.8251473363899243
A00012,47,Male,White,USA,Christian,Single,LGBTQ+,Yes,missing,English,majority,Marketing Manager,0,Master's,Tier 2,0.5283187713039718,0.27330566224257924,Diallo,Jordan,2026-04-01,Direct,No,0.5283187713039718,,0.5335894837538667
A00013,31,Female,White,USA,Muslim,Single,Heterosexual,No,missing,English,majority,Product Manager,5,Bachelor's,Tier 1,0.7923852618344455,0.9133039569020374,Diallo,Riley,2026-04-01,Referral,Yes,0.7923852618344455,,0.7458618595990352
A00014,42,Male,Asian,USA,missing,Single,Heterosexual,No,missing,Spanish,majority,Sales Representative,18,Bachelor's,Tier 2,0.5296914461188612,0.7619656329924723,Khan,Riley,2026-04-01,Referral,No,0.5296914461188612,,0.5282288549956975
A00015,41,Female,White,China,Christian,Single,Heterosexual,No,missing,Mandarin,majority,Sales Representative,21,Master's,Tier 3,0.12467373386277592,0.5651985095621452,Rodriguez,Riley,2026-04-01,Direct,No,0.12467373386277592,,0.1594388935856903
A00016,46,Female,Hispanic,USA,Muslim,Single,LGBTQ+,Yes,missing,English,majority,Marketing Manager,24,Bachelor's,Tier 2,0.2579353594180457,0.6289388960025167,Brown,Taylor,2026-04-01,Direct,No,0.2579353594180457,,0.1907246320537916
A00017,40,Male,Hispanic,Mexico,Christian,Divorced,Heterosexual,No,missing,English,minority,Business Analyst,16,Bachelor's,Tier 1,0.743088230114558,0.35810791081973725,Williams,Jordan,2026-04-01,Direct,Yes,0.743088230114558,,0.7202074420625472
A00018,49,Female,Asian,USA,Christian,Single,Heterosexual,No,missing,English,majority,Software Engineer,0,Master's,Tier 1,0.7291453690772631,0.8119197904463372,Smith,Taylor,2026-04-01,Indeed,Yes,0.7291453690772631,,0.6340842320872209
A00019,57,Male,Black,USA,Muslim,missing,Heterosexual,No,missing,English,majority,Product Manager,15,Bachelor's,Tier 1,0.5410942829209116,0.31026285931254294,Wang,Riley,2026-04-01,Indeed,No,0.5410942829209116,,0.47661739593166275
A00020,29,Male,Black,China,Christian,Single,Heterosexual,No,Cognitive/Neurodivergent,English,majority,Sales Representative,7,Associates,Tier 2,0.77504972815024,0.2528529120168179,Rodriguez,Riley,2026-04-01,Direct,No,0.77504972815024,B7,0.6829629762606534
A00021,57,Male,White,USA,Muslim,Married,Heterosexual,No,Cognitive/Neurodivergent,English,majority,Product Manager,14,Master's,Tier 3,0.6360247459124695,0.5345062797258722,Brown,Casey,2026-04-01,Indeed,No,0.6360247459124695,B7,0.6242701893587355
A00022,37,Male,Native American,USA,missing,Single,Heterosexual,No,missing,English,minority,Sales Representative,4,Bachelor's,Tier 2,0.16848475782510852,0.8452106040663839,Lee,Casey,2026-04-01,LinkedIn,No,0.16848475782510852,,0.10511243375292335
A00023,58,Male,White,USA,Muslim,Single,Heterosexual,Yes,Cognitive/Neurodivergent,English,majority,Business Analyst,20,Bachelor's,Tier 2,0.7495181441928868,0.28995168629223467,Singh,Taylor,2026-04-01,Referral,No,0.7495181441928868,B7,0.7630813621339718
A00024,48,Female,Asian,USA,Christian,Married,LGBTQ+,No,Visual,English,minority,Software Engineer,8,PhD,Tier 2,0.601425323716315,0.3526209207829609,Smith,Morgan,2026-04-01,Referral,No,0.601425323716315,B7,0.6092628780475262
A00025,32,Male,Black,USA,Christian,missing,LGBTQ+,No,Hearing,English,majority,UX Designer,2,Associates,Tier 1,0.4389706483598723,0.2890506628001107,Williams,Alex,2026-04-01,LinkedIn,No,0.4389706483598723,B7,0.4296241011283746
A00026,59,Female,White,USA,Christian,Single,Heterosexual,No,missing,English,minority,Senior Software Engineer,2,Bachelor's,Tier 1,0.2852738904436741,0.4456683784663331,Smith,Alex,2026-04-01,LinkedIn,No,0.2852738904436741,,0.15943590490264847
A00027,41,Female,Hispanic,USA,Hindu,Single,Heterosexual,No,missing,English,minority,Software Engineer,7,Associates,Tier 1,0.20429459885370815,0.8954978036471246,Kim,Jordan,2026-04-01,Referral,No,0.20429459885370815,,0.17735995406137633
A00028,40,Male,Black,USA,missing,Single,Heterosexual,No,missing,English,minority,Data Scientist,16,Bachelor's,Tier 3,0.6708282382665058,0.9330850354853125,Chen,Taylor,2026-04-01,Referral,No,0.6708282382665058,,0.6684031909964523
A00029,25,Male,White,USA,Christian,Divorced,Heterosexual,No,missing,English,minority,Data Scientist,14,Bachelor's,Tier 2,0.19204655861983133,0.9647057373951017,Singh,Alex,2026-04-01,Referral,No,0.19204655861983133,,0.1977120079199967
A00030,61,Female,Asian,USA,Christian,Married,Heterosexual,No,Cognitive/Neurodivergent,English,majority,Senior Software Engineer,16,PhD,Tier 1,0.25626359217161687,0.17191140415354045,Johnson,Alex,2026-04-01,Direct,No,0.25626359217161687,B7,0.17975680389634718
A00031,60,Female,Black,China,Christian,Single,Heterosexual,No,missing,English,minority,Senior Software Engineer,3,Master's,Tier 3,0.5685094355049869,0.47312823349334987,Williams,Sam,2026-04-01,Referral,No,0.5685094355049869,,0.5446217717032904
A00032,46,Male,Asian,USA,Christian,Divorced,Heterosexual,Yes,missing,Mandarin,majority,Product Manager,16,Master's,Tier 2,0.5600069524026862,0.07731792273334104,Okafor,Morgan,2026-04-01,LinkedIn,No,0.5600069524026862,,0.5110809984998542
A00033,27,Female,White,Mexico,Christian,Divorced,LGBTQ+,No,missing,English,majority,UX Designer,8,Bachelor's,Tier 2,0.33915527801036116,0.4522148225444792,Chen,Casey,2026-04-01,Direct,No,0.33915527801036116,,0.2987134160390812
A00034,24,Male,White,USA,Christian,Married,Heterosexual,No,Hearing,English,majority,Senior Software Engineer,13,Bachelor's,Tier 2,0.09306912444555249,0.9832622107851186,Khan,Riley,2026-04-01,LinkedIn,No,0.09306912444555249,B7,0.1461140556148564
A00035,45,Male,Hispanic,USA,Christian,Single,Heterosexual,No,missing,English,majority,UX Designer,11,Master's,Tier 2,0.24527629799340855,0.344368618024531,Chen,Skyler,2026-04-01,Direct,No,0.24527629799340855,,0.2048995642268137
A00036,60,Female,White,USA,Christian,Married,Heterosexual,No,missing,English,majority,Software Engineer,21,PhD,Tier 3,0.29968580569150904,0.5290144815270337,Williams,Skyler,2026-04-01,Direct,No,0.29968580569150904,,0.298059720444233
A00037,52,Male,White,USA,missing,Married,Heterosexual,No,missing,English,majority,ML Engineer,11,Bachelor's,Tier 3,0.42389279142764846,0.20557625432388482,Williams,Sam,2026-04-01,Indeed,No,0.42389279142764846,,0.46811228479680717
A00038,21,Female,Black,USA,missing,Married,LGBTQ+,No,Cognitive/Neurodivergent,Mandarin,majority,Business Analyst,14,Associates,Tier 1,0.3225585788772458,0.0784714624005457,Okafor,Riley,2026-04-01,Indeed,No,0.3225585788772458,B7,0.2933785572400807
A00039,41,Male,Hispanic,Mexico,Christian,Divorced,Heterosexual,No,missing,English,majority,Business Analyst,15,Master's,Tier 2,0.3794223199412107,0.5864024267682504,Kim,Morgan,2026-04-01,Direct,No,0.3794223199412107,,0.3738372224620027
A00040,49,Male,White,USA,missing,Single,Heterosexual,No,missing,English,majority,Marketing Manager,5,Bachelor's,Tier 3,0.6079870183202545,0.470346816098804,Garcia,Jordan,2026-04-01,Referral,No,0.6079870183202545,,0.6135102254827285
A00041,33,Female,Hispanic,USA,Christian,Married,Heterosexual,No,missing,English,majority,UX Designer,12,Bachelor's,missing,0.274353658708853,0.8293131514988799,Brown,Morgan,2026-04-01,Indeed,No,0.274353658708853,,0.27754274742160606
A00042,25,Male,Black,Vietnam,Christian,Single,Heterosexual,No,missing,English,majority,Marketing Manager,20,Bachelor's,Tier 3,0.3730689899108618,0.10736439021947186,Rodriguez,Jordan,2026-04-01,Direct,No,0.3730689899108618,,0.3118161985899771
A00043,58,Female,White,India,Christian,Single,Heterosexual,No,missing,English,minority,UX Designer,4,Bachelor's,Tier 3,0.914280470981427,0.07827082122017537,Garcia,Riley,2026-04-01,Referral,Yes,0.914280470981427,,0.9180874825002774
A00044,39,Male,Black,USA,Christian,Divorced,Heterosexual,No,missing,English,majority,Software Engineer,4,Bachelor's,Tier 2,0.7382400730151779,0.7157588125089916,Diallo,Alex,2026-04-01,Referral,Yes,0.7382400730151779,,0.8061812441022548
A00045,50,Female,White,USA,Christian,Single,Heterosexual,No,missing,English,minority,ML Engineer,13,Master's,Tier 3,0.7992743127163535,0.06332530552685145,Garcia,Taylor,2026-04-01,Referral,Yes,0.7992743127163535,,0.7219170788099294
A00046,20,Female,Black,USA,Muslim,Married,Heterosexual,No,Hearing,Farsi,majority,Product Manager,13,Master's,Tier 2,0.5748877463572171,0.6807890392746,Patel,Jordan,2026-04-01,Referral,No,0.5748877463572171,B7,0.6178568807582969
A00047,54,Male,White,USA,Christian,Single,Heterosexual,No,missing,English,minority,Business Analyst,19,Bachelor's,Tier 3,0.9894171912664422,0.6935627488116092,Diallo,Alex,2026-04-01,LinkedIn,Yes,0.9894171912664422,,0.9953848925512713
A00048,47,Male,Asian,USA,Jewish,Married,Prefer not to say,Yes,Visual,English,minority,Business Analyst,3,Bachelor's,Tier 2,0.02029970661225411,0.5036618488793555,Williams,Riley,2026-04-01,Indeed,No,0.02029970661225411,B7,-0.01177381309310696
A00049,28,Female,Black,USA,Christian,Single,Heterosexual,No,missing,Vietnamese,minority,DevOps Engineer,10,High School,Tier 3,0.9969829880678671,0.5809617887431515,Rodriguez,Taylor,2026-04-01,Referral,Yes,0.9969829880678671,,1.0970038153849884
A00050,49,Female,Hispanic,USA,Christian,Single,Heterosexual,No,Visual,English,majority,UX Designer,13,Bachelor's,Tier 2,0.4807680228078688,0.08495242285909266,Rodriguez,Taylor,2026-04-01,Referral,No,0.4807680228078688,B7,0.5188810084121044
A00051,42,Female,White,USA,Jewish,Married,Heterosexual,No,missing,English,majority,Senior Software Engineer,10,Master's,Tier 1,0.8362814983868689,0.9891583408819871,Diallo,Jordan,2026-04-01,Referral,Yes,0.8362814983868689,,0.7763170532816077
A00052,35,Male,White,USA,Christian,Single,LGBTQ+,No,Visual,English,minority,Software Engineer,16,Bachelor's,Tier 2,0.3246004257389842,0.577348585243538,Williams,Morgan,2026-04-01,LinkedIn,No,0.3246004257389842,B7,0.3283262371775573
A00053,40,Female,White,USA,Christian,Divorced,Heterosexual,No,missing,English,majority,ML Engineer,9,Associates,Tier 3,0.23016841598159543,0.22462205948968406,Brown,Riley,2026-04-01,Direct,No,0.23016841598159543,,0.2590028951651047
A00054,33,Male,Native American,USA,Christian,Married,Heterosexual,No,missing,English,minority,Product Manager,18,Bachelor's,Tier 2,0.8343949057906477,0.838395662810288,Okafor,Riley,2026-04-01,Referral,Yes,0.8343949057906477,,0.8249557995231103
A00055,57,Male,Black,USA,Christian,Single,Heterosexual,No,missing,English,minority,Software Engineer,13,Bachelor's,Tier 3,0.05558727628201965,0.7424388100403911,Wang,Sam,2026-04-01,LinkedIn,No,0.05558727628201965,,0.08973278964177994
A00056,24,Male,White,USA,missing,Married,Heterosexual,Yes,Hearing,English,majority,ML Engineer,23,Associates,Tier 2,0.4562420845618217,0.6500162591648926,Johnson,Jordan,2026-04-01,LinkedIn,No,0.4562420845618217,B7,0.45291621855435094
A00057,58,Female,White,China,Christian,Single,Heterosexual,No,missing,English,majority,Marketing Manager,8,Bachelor's,Tier 2,0.5065361698259104,0.03602440002525531,Khan,Morgan,2026-04-01,Referral,No,0.5065361698259104,,0.5398985478676268
A00058,37,Male,White,USA,missing,Married,Heterosexual,No,Cognitive/Neurodivergent,Spanish,majority,DevOps Engineer,11,PhD,Tier 2,0.28054798766936295,0.6597916676228951,Lee,Taylor,2026-04-01,Direct,No,0.28054798766936295,B7,0.35247411725217054
A00059,32,Male,Native American,Iran,Christian,Divorced,Heterosexual,No,missing,Vietnamese,majority,Senior Software Engineer,3,Master's,Tier 2,0.42071006890708884,0.014379760568659194,Lee,Sam,2026-04-01,Direct,No,0.42071006890708884,,0.3869269563568062
A00060,52,Female,White,USA,missing,Married,LGBTQ+,No,missing,English,minority,UX Designer,18,Bachelor's,Tier 1,0.1507493961943025,0.9085793855871369,Hernandez,Morgan,2026-04-01,Indeed,No,0.1507493961943025,,0.16090632671378297
A00061,58,Male,White,USA,Christian,Single,LGBTQ+,No,Cognitive/Neurodivergent,English,majority,DevOps Engineer,5,High School,Tier 1,0.7715989731041925,0.37383211119603676,Johnson,Jordan,2026-04-01,Indeed,Yes,0.7715989731041925,B7,0.7484335942772717
A00062,57,Male,Asian,USA,missing,Single,Heterosexual,No,missing,English,majority,Senior Software Engineer,13,Bachelor's,missing,0.6311646282499386,0.3754002356402655,Diallo,Morgan,2026-04-01,LinkedIn,No,0.6311646282499386,,0.6375280488112302
A00063,32,Male,Black,USA,missing,Single,Heterosexual,No,missing,English,majority,Business Analyst,4,Master's,Tier 2,0.6773626159350369,0.2479310241244711,Kim,Casey,2026-04-01,Direct,No,0.6773626159350369,,0.6180028895425299
A00064,45,Female,White,USA,Christian,Single,Heterosexual,No,Cognitive/Neurodivergent,Vietnamese,minority,Marketing Manager,19,High School,Tier 2,0.23178232143167643,0.24932123334187517,Kim,Taylor,2026-04-01,Indeed,No,0.23178232143167643,B7,0.20281724160654277
A00065,62,Female,White,USA,Christian,Single,Heterosexual,No,Mobility,Vietnamese,majority,ML Engineer,7,Bachelor's,Tier 3,0.012155236466257047,0.6900389825865316,Lee,Morgan,2026-04-01,LinkedIn,No,0.012155236466257047,B7,0.002345437826032212
A00066,35,Female,Hispanic,Vietnam,Muslim,Married,Heterosexual,No,missing,English,minority,Sales Representative,9,PhD,Tier 3,0.6706381657908179,0.6782744622649101,Smith,Alex,2026-04-01,Direct,No,0.6706381657908179,,0.7155763593958383
A00067,25,Male,White,USA,Muslim,Single,Heterosexual,No,Hearing,English,minority,ML Engineer,17,Bachelor's,Tier 1,0.039239314951330595,0.5949641280713923,Lee,Casey,2026-04-01,Indeed,No,0.039239314951330595,B7,0.09650041532403719
A00068,62,Male,White,USA,Christian,Married,Heterosexual,No,missing,English,majority,Sales Representative,2,Bachelor's,Tier 2,0.1817323460941932,0.6595654433347409,Wang,Casey,2026-04-01,Referral,No,0.1817323460941932,,0.11555595646998044
A00069,31,Female,Asian,USA,Christian,Married,Heterosexual,No,missing,English,majority,Sales Representative,21,Bachelor's,Tier 3,0.4489120277744173,0.475475390439113,Johnson,Taylor,2026-04-01,LinkedIn,No,0.4489120277744173,,0.40917990947506483
A00070,24,Female,Asian,USA,Muslim,Single,Heterosexual,No,missing,Mandarin,minority,Data Scientist,14,Bachelor's,Tier 3,0.3901135657312439,0.5366296222015756,Brown,Alex,2026-04-01,LinkedIn,No,0.3901135657312439,,0.422458736859915
A00071,42,Male,White,USA,Muslim,Single,Heterosexual,No,missing,English,majority,UX Designer,8,Bachelor's,Tier 1,0.784651716398979,0.6205477960673772,Cohen,Casey,2026-04-01,Referral,Yes,0.784651716398979,,0.6850307271902543
A00072,51,Male,White,USA,Buddhist,missing,Heterosexual,No,missing,English,minority,Product Manager,22,Bachelor's,Tier 3,0.6087595640304352,0.30248139192301593,Lee,Taylor,2026-04-01,Referral,No,0.6087595640304352,,0.5856010707828169
A00073,59,Female,White,Mexico,missing,Married,Heterosexual,No,missing,English,majority,Sales Representative,13,Bachelor's,missing,0.7656745970739214,0.44779271416742494,Garcia,Taylor,2026-04-01,LinkedIn,Yes,0.7656745970739214,,0.760810250790417
A00074,37,Male,White,USA,Christian,Married,Heterosexual,No,missing,English,majority,Marketing Manager,0,Bachelor's,missing,0.2652691970762211,0.5942337448909548,Patel,Taylor,2026-04-01,Referral,No,0.2652691970762211,,0.3281199459405621
A00075,29,Female,Hispanic,Mexico,Christian,Married,Heterosexual,No,missing,English,majority,ML Engineer,19,Bachelor's,Tier 2,0.712970061860507,0.6953990930827744,Smith,Morgan,2026-04-01,LinkedIn,No,0.712970061860507,,0.7474402568890448
A00076,45,Male,Middle Eastern,USA,missing,Married,Heterosexual,No,missing,English,majority,Data Scientist,21,Bachelor's,Tier 1,0.5754771401627193,0.5211038294190096,Cohen,Casey,2026-04-01,LinkedIn,No,0.5754771401627193,,0.5591164691516094
A00077,54,Male,Hispanic,Vietnam,Muslim,Single,Heterosexual,No,missing,English,majority,Sales Representative,10,Bachelor's,Tier 2,0.2137651157575995,0.8684655162158681,Lee,Casey,2026-04-01,Indeed,No,0.2137651157575995,,0.19533632105260154
A00078,26,Male,White,USA,Buddhist,Single,Heterosexual,No,missing,English,minority,Product Manager,1,Master's,Tier 3,0.48373299908417167,0.6585051605269775,Nguyen,Morgan,2026-04-01,Referral,No,0.48373299908417167,,0.4712232290582754
A00079,27,Male,Middle Eastern,USA,Muslim,Married,Heterosexual,Yes,Hearing,English,minority,ML Engineer,8,Bachelor's,Tier 3,0.12199748292182833,0.674742150380096,Ahmed,Morgan,2026-04-01,Direct,No,0.12199748292182833,B7,0.19817395294463636
A00080,37,Female,Hispanic,USA,Christian,Married,Heterosexual,No,missing,English,majority,Data Scientist,20,Associates,Tier 1,0.6798129281451065,0.8854108025173054,Hernandez,Sam,2026-04-01,Direct,No,0.6798129281451065,,0.6584116810164632
A00081,62,Male,Black,USA,Christian,Divorced,Heterosexual,No,Hearing,English,majority,Sales Representative,7,Bachelor's,Tier 3,0.8278585008661915,0.16224582367644225,Williams,Casey,2026-04-01,Referral,No,0.8278585008661915,B7,0.8126744814479551
A00082,35,Male,White,USA,Christian,Married,Heterosexual,No,missing,English,majority,Sales Representative,12,Master's,Tier 3,0.30303941465772744,0.1595891924430729,Lee,Casey,2026-04-01,Direct,No,0.30303941465772744,,0.3206688680219907
A00083,44,Male,White,USA,Christian,Single,LGBTQ+,No,missing,Spanish,majority,Marketing Manager,11,Bachelor's,Tier 3,0.11288089173048665,0.009079670456492939,Patel,Riley,2026-04-01,Referral,No,0.11288089173048665,,0.10684236947616389
A00084,26,Female,White,Vietnam,Christian,Single,Heterosexual,No,Visual,English,majority,Product Manager,0,Bachelor's,missing,0.16919398800266594,0.3153972795342068,Garcia,Taylor,2026-04-01,LinkedIn,No,0.16919398800266594,B7,0.1593297766043798
A00085,34,Male,Native American,USA,Christian,Single,Prefer not to say,No,missing,English,majority,ML Engineer,10,Bachelor's,Tier 3,0.6943671518015948,0.5101741767210751,Lee,Sam,2026-04-01,Direct,No,0.6943671518015948,,0.638663794644042
A00086,24,Female,Hispanic,China,Christian,Single,Heterosexual,No,missing,English,majority,Sales Representative,18,Bachelor's,Tier 2,0.9833637363902269,0.349599244574052,Nguyen,Morgan,2026-04-01,Indeed,Yes,0.9833637363902269,,0.9827876629882994
A00087,34,Female,Middle Eastern,USA,Christian,Married,Heterosexual,No,missing,English,majority,Senior Software Engineer,1,Bachelor's,Tier 2,0.5818309333595754,0.46974518157711354,Brown,Jordan,2026-04-01,Referral,No,0.5818309333595754,,0.5596518722108544
A00088,33,Female,White,USA,Christian,missing,Heterosexual,No,missing,English,majority,DevOps Engineer,10,Master's,Tier 1,0.8849788187569836,0.8580698865035423,Rodriguez,Morgan,2026-04-01,Indeed,Yes,0.8849788187569836,,0.9432852075664947
A00089,33,Female,Asian,USA,Buddhist,Single,Heterosexual,No,missing,English,minority,Marketing Manager,3,Bachelor's,Tier 2,0.32300357962378956,0.40470369637737535,Rodriguez,Riley,2026-04-01,LinkedIn,No,0.32300357962378956,,0.35565800475884773
A00090,60,Female,White,USA,Christian,Single,Heterosexual,No,Cognitive/Neurodivergent,English,majority,Marketing Manager,23,Bachelor's,Tier 3,0.6302884109541956,0.46424314340196426,Lee,Jordan,2026-04-01,Direct,No,0.6302884109541956,B7,0.629081230303699
A00091,22,Male,Hispanic,USA,Muslim,Divorced,Heterosexual,No,missing,Spanish,minority,ML Engineer,18,Master's,missing,0.14661881089034656,0.9243291562844431,Khan,Riley,2026-04-01,LinkedIn,No,0.14661881089034656,,0.18003786205371375
A00092,49,Female,White,Mexico,missing,Married,Heterosexual,No,missing,Spanish,majority,ML Engineer,19,Bachelor's,Tier 1,0.5226987571050988,0.018655258666743557,Chen,Sam,2026-04-01,LinkedIn,No,0.5226987571050988,,0.5057052795194413
A00093,36,Male,Hispanic,USA,Christian,Married,Heterosexual,No,missing,English,majority,Business Analyst,10,Bachelor's,Tier 2,0.36862299386060526,0.8406910536224204,Rodriguez,Skyler,2026-04-01,Referral,No,0.36862299386060526,,0.4212293117819526
A00094,54,Female,White,Mexico,Christian,Married,Heterosexual,No,Mobility,English,majority,DevOps Engineer,17,High School,Tier 3,0.18804960684950445,0.2555510224966826,Smith,Skyler,2026-04-01,LinkedIn,No,0.18804960684950445,B7,0.1877796288159231
A00095,33,Female,White,USA,Christian,Single,Heterosexual,No,missing,English,majority,UX Designer,10,Bachelor's,Tier 1,0.620292932211121,0.26863118557438725,Patel,Sam,2026-04-01,Direct,No,0.620292932211121,,0.6494620499201417
A00096,50,Female,Middle Eastern,USA,missing,Single,Heterosexual,No,Mobility,English,majority,Software Engineer,11,Bachelor's,Tier 2,0.8803696670533578,0.9500717106800634,Ahmed,Casey,2026-04-01,LinkedIn,No,0.8803696670533578,B7,0.8158250047871834
A00097,32,Male,Middle Eastern,USA,Christian,Married,Heterosexual,No,missing,Spanish,minority,Sales Representative,1,Bachelor's,Tier 2,0.8862509669100521,0.606941543106901,Brown,Sam,2026-04-01,Referral,Yes,0.8862509669100521,,0.9035849693539736
A00098,37,Female,Native American,USA,Muslim,Divorced,Heterosexual,No,Visual,English,majority,ML Engineer,22,Bachelor's,Tier 2,0.028661391138234515,0.8298832295147378,Diallo,Jordan,2026-04-01,Referral,No,0.028661391138234515,B7,-0.05574881473009258
A00099,23,Male,White,USA,Christian,Single,Heterosexual,No,missing,English,minority,Senior Software Engineer,10,Bachelor's,Tier 3,0.46321370854677113,0.7867142517049054,Chen,Jordan,2026-04-01,Direct,No,0.46321370854677113,,0.3614472612997745
A00100,21,Female,White,India,Christian,Divorced,Heterosexual,No,missing,English,majority,Data Scientist,0,PhD,Tier 2,0.7491321460421477,0.1494636967481009,Patel,Alex,2026-04-01,Referral,Yes,0.7491321460421477,,0.7339083021565759
A00101,30,Male,White,USA,Muslim,Single,Heterosexual,No,missing,English,majority,Data Scientist,17,Bachelor's,Tier 2,0.11011934720253846,0.32358664566750506,Cohen,Sam,2026-04-01,Indeed,No,0.11011934720253846,,0.06512296682260871
A00102,34,Male,White,USA,missing,Married,Heterosexual,No,missing,Spanish,minority,Senior Software Engineer,6,Bachelor's,Tier 1,0.6650173373685686,0.09887961789846,Diallo,Sam,2026-04-01,Indeed,No,0.6650173373685686,,0.6732199771541797
A00103,62,Female,White,USA,Christian,Married,Heterosexual,No,missing,English,minority,Data Scientist,19,Master's,Tier 2,0.7298588962702244,0.1900204255656487,Nguyen,Casey,2026-04-01,Indeed,Yes,0.7298588962702244,,0.8420967275945268
A00104,30,Male,White,USA,Muslim,Single,LGBTQ+,No,missing,English,minority,Data Scientist,0,Associates,missing,0.03141422540276706,0.7937961515337756,Diallo,Casey,2026-04-01,Indeed,No,0.03141422540276706,,-0.01017193366783703
A00105,59,Female,White,USA,Christian,Single,Heterosexual,No,missing,Hindi,minority,Business Analyst,8,Bachelor's,missing,0.9521389062951373,0.5138004457753915,Nguyen,Skyler,2026-04-01,Direct,Yes,0.9521389062951373,,0.920941726972942
A00106,41,Male,White,USA,missing,Married,Prefer not to say,No,missing,English,majority,DevOps Engineer,22,Master's,Tier 2,0.41834111742615065,0.29328022700932455,Khan,Taylor,2026-04-01,LinkedIn,No,0.41834111742615065,,0.42861131472938563
A00107,26,Male,White,USA,missing,Single,LGBTQ+,No,missing,English,minority,DevOps Engineer,2,Bachelor's,Tier 2,0.8732279744328569,0.7806369336518845,Patel,Alex,2026-04-01,Direct,Yes,0.8732279744328569,,0.8978786390034748
A00108,51,Female,Hispanic,India,Christian,Single,Heterosexual,No,missing,English,majority,Data Scientist,9,Bachelor's,Tier 2,0.41375024084404133,0.24559480568606595,Diallo,Morgan,2026-04-01,Indeed,No,0.41375024084404133,,0.4049299375487534
A00109,58,Female,Hispanic,USA,Christian,Married,Heterosexual,No,missing,English,majority,Sales Representative,21,Master's,Tier 3,0.12628664331250283,0.7226098211035451,Smith,Casey,2026-04-01,LinkedIn,No,0.12628664331250283,,0.11599012679984201
A00110,39,Male,Hispanic,USA,Christian,Single,LGBTQ+,No,missing,English,majority,Data Scientist,3,Bachelor's,Tier 1,0.6321594150353742,0.6557450761765389,Kim,Casey,2026-04-01,Indeed,No,0.6321594150353742,,0.6672825627914014
A00111,28,Male,Hispanic,USA,Muslim,Married,Heterosexual,No,Mobility,English,majority,Marketing Manager,17,Master's,Tier 2,0.48481849853359205,0.6048639578333435,Khan,Sam,2026-04-01,Indeed,No,0.48481849853359205,B7,0.510813880385287
A00112,38,Female,White,USA,missing,Single,Heterosexual,No,missing,English,minority,Marketing Manager,19,Bachelor's,Tier 2,0.9037695332661743,0.48317387595420225,Chen,Skyler,2026-04-01,Indeed,Yes,0.9037695332661743,,0.8520857416624898
A00113,47,Female,White,USA,Muslim,Divorced,Heterosexual,No,missing,English,majority,DevOps Engineer,22,Master's,Tier 2,0.4987019497687002,0.5277551924929497,Diallo,Alex,2026-04-01,Indeed,No,0.4987019497687002,,0.4947428838379081
A00114,33,Female,White,India,missing,Married,Heterosexual,No,missing,English,majority,ML Engineer,0,Bachelor's,Tier 2,0.18363559713256616,0.7022274232777275,Cohen,Riley,2026-04-01,Indeed,No,0.18363559713256616,,0.18539993956563988
A00115,34,Female,White,USA,Christian,Married,LGBTQ+,Yes,missing,English,minority,Data Scientist,2,Bachelor's,Tier 3,0.37931756582191245,0.6165119320813315,Nguyen,Jordan,2026-04-01,Indeed,No,0.37931756582191245,,0.32659333471945695
A00116,62,Male,Hispanic,China,Muslim,Divorced,Heterosexual,No,Hearing,English,majority,Sales Representative,0,Master's,Tier 2,0.2769298307417448,0.2606437523076154,Nguyen,Sam,2026-04-01,Direct,No,0.2769298307417448,B7,0.289921785775463
A00117,54,Female,Black,USA,Muslim,Single,Heterosexual,No,Visual,English,majority,UX Designer,18,Bachelor's,missing,0.15688021942893438,0.2366027327600414,Hernandez,Jordan,2026-04-01,Referral,No,0.15688021942893438,B7,0.11398239557010717
A00118,42,Male,Hispanic,USA,missing,missing,Heterosexual,No,missing,English,minority,Product Manager,10,Bachelor's,Tier 3,0.06427778892038549,0.4514713499106934,Lee,Sam,2026-04-01,Indeed,No,0.06427778892038549,,0.11288112431623763
A00119,57,Male,White,USA,Christian,Married,Prefer not to say,Yes,missing,Mandarin,majority,Marketing Manager,22,Bachelor's,Tier 2,0.5692985221197953,0.5424542541821219,Diallo,Morgan,2026-04-01,Direct,No,0.5692985221197953,,0.5789358177500489
A00120,35,Male,White,USA,Buddhist,Single,Prefer not to say,No,Hearing,English,majority,UX Designer,20,Master's,Tier 2,0.826257391388576,0.09363540150868865,Williams,Morgan,2026-04-01,Referral,No,0.826257391388576,B7,0.8307227156770285
A00121,29,Female,Asian,USA,missing,Single,Heterosexual,Yes,missing,English,majority,Data Scientist,0,Bachelor's,Tier 2,0.27202524261054106,0.2841337058742408,Kim,Morgan,2026-04-01,Referral,No,0.27202524261054106,,0.24247382496772735
A00122,31,Female,White,USA,Hindu,Single,Prefer not to say,No,Visual,Mandarin,majority,DevOps Engineer,6,Bachelor's,Tier 1,0.7210185030387242,0.003207604655327656,Smith,Taylor,2026-04-01,LinkedIn,No,0.7210185030387242,B7,0.7150880118448395
A00123,42,Female,White,USA,Christian,Single,Heterosexual,No,Cognitive/Neurodivergent,English,majority,DevOps Engineer,22,Bachelor's,Tier 2,0.4273578534466592,0.004728529432725503,Kim,Alex,2026-04-01,LinkedIn,No,0.4273578534466592,B7,0.3274705388013065
A00124,36,Female,Black,USA,Christian,Single,Heterosexual,No,Cognitive/Neurodivergent,English,minority,ML Engineer,2,Master's,Tier 2,0.7139104665921303,0.3035353549411671,Ahmed,Casey,2026-04-01,Direct,No,0.7139104665921303,B7,0.6573400930659774
A00125,57,Male,Hispanic,Vietnam,Christian,Single,Heterosexual,No,missing,English,majority,DevOps Engineer,16,PhD,Tier 1,0.26838576707608175,0.28819667680377803,Diallo,Taylor,2026-04-01,Direct,No,0.26838576707608175,,0.28652775703551947
A00126,37,Male,Black,USA,Christian,Married,Heterosexual,No,Cognitive/Neurodivergent,English,majority,Software Engineer,13,Bachelor's,Tier 3,0.29548700350785173,0.7393145917564818,Hernandez,Sam,2026-04-01,Direct,No,0.29548700350785173,B7,0.1890586514167445
A00127,39,Female,White,USA,Christian,Single,Heterosexual,No,missing,English,minority,Software Engineer,5,Bachelor's,Tier 1,0.06727853173984466,0.38210453223857344,Smith,Taylor,2026-04-01,Direct,No,0.06727853173984466,,0.10960895781390284
A00128,49,Male,White,USA,Christian,Single,Prefer not to say,No,missing,English,minority,Marketing Manager,12,Bachelor's,Tier 3,0.33371219098065674,0.5568227176493562,Smith,Taylor,2026-04-01,LinkedIn,No,0.33371219098065674,,0.2464073672119613
A00129,43,Female,Hispanic,USA,Christian,Married,Heterosexual,No,missing,Spanish,minority,Sales Representative,11,Associates,Tier 1,0.0063752741871324625,0.3638291911109628,Rodriguez,Casey,2026-04-01,Indeed,No,0.0063752741871324625,,0.04421219932034584
A00130,40,Female,White,USA,missing,Divorced,Heterosexual,No,missing,English,majority,DevOps Engineer,15,Bachelor's,Tier 1,0.8722282638407075,0.25720795027380783,Lee,Casey,2026-04-01,Indeed,Yes,0.8722282638407075,,0.8299534121967413
A00131,58,Male,Asian,USA,Christian,Single,Heterosexual,No,Cognitive/Neurodivergent,Vietnamese,majority,Data Scientist,0,PhD,Tier 2,0.05825875897249222,0.9472722216176255,Hernandez,Jordan,2026-04-01,Direct,No,0.05825875897249222,B7,0.09720831318961529
A00132,35,Male,White,USA,Christian,Single,LGBTQ+,Yes,missing,English,majority,Business Analyst,19,Bachelor's,Tier 1,0.7981370981811376,0.43795412952853785,Patel,Taylor,2026-04-01,LinkedIn,Yes,0.7981370981811376,,0.8046846585603776
A00133,49,Male,White,USA,Christian,Single,Heterosexual,No,missing,Farsi,majority,Sales Representative,5,Bachelor's,Tier 2,0.11449526118811815,0.5373735320996323,Okafor,Jordan,2026-04-01,Direct,No,0.11449526118811815,,0.037653514173543706
A00134,44,Female,Hispanic,Mexico,Christian,Single,Heterosexual,No,missing,English,minority,Data Scientist,24,Bachelor's,missing,0.8970351267918748,0.8626399943225999,Rodriguez,Skyler,2026-04-01,LinkedIn,Yes,0.8970351267918748,,0.9594925642697976
A00135,40,Male,Asian,USA,missing,Single,Heterosexual,No,missing,Spanish,majority,UX Designer,22,Bachelor's,Tier 3,0.4342936290812879,0.9796640378582845,Hernandez,Skyler,2026-04-01,Referral,No,0.4342936290812879,,0.5063789868574184
A00136,45,Female,White,USA,Christian,Married,Heterosexual,No,Cognitive/Neurodivergent,English,minority,Business Analyst,16,Bachelor's,missing,0.5049913232121425,0.5972640958420732,Williams,Morgan,2026-04-01,Direct,No,0.5049913232121425,B7,0.5017010779121321
A00137,42,Female,Black,USA,Christian,Married,Heterosexual,No,missing,English,minority,Data Scientist,2,Bachelor's,Tier 2,0.4120927067467066,0.7695816222820522,Khan,Jordan,2026-04-01,Direct,No,0.4120927067467066,,0.3983968931380906
A00138,40,Female,White,USA,Christian,Married,Heterosexual,No,missing,English,majority,Marketing Manager,1,Associates,Tier 3,0.4746991346990298,0.051669584853875516,Ahmed,Sam,2026-04-01,Direct,No,0.4746991346990298,,0.466705786400498
A00139,56,Male,White,USA,Christian,Single,Heterosexual,No,missing,English,minority,Data Scientist,12,Bachelor's,Tier 2,0.5564512477193709,0.5994350406705723,Brown,Alex,2026-04-01,Indeed,No,0.5564512477193709,,0.5076936315804337
A00140,25,Male,White,USA,missing,Married,Heterosexual,No,missing,English,majority,UX Designer,22,Master's,missing,0.17157850687459486,0.17236257234822994,Rodriguez,Alex,2026-04-01,Direct,No,0.17157850687459486,,0.22650784486244074
A00141,21,Female,Middle Eastern,USA,Christian,missing,Heterosexual,No,Visual,Hindi,majority,Data Scientist,1,Bachelor's,Tier 2,0.23461543226784598,0.5890872942201585,Brown,Taylor,2026-04-01,Referral,No,0.23461543226784598,B7,0.20747083568133665
A00142,52,Female,White,USA,Christian,Married,Heterosexual,Yes,missing,Mandarin,majority,DevOps Engineer,17,Bachelor's,missing,0.07966990927885831,0.7368587857002199,Nguyen,Casey,2026-04-01,Direct,No,0.07966990927885831,,0.07711038864427448
A00143,22,Female,Black,USA,Christian,Single,Heterosexual,No,Visual,English,majority,Marketing Manager,11,Bachelor's,Tier 2,0.5650058405711705,0.2629906998911653,Williams,Riley,2026-04-01,Direct,No,0.5650058405711705,B7,0.5253410204110184
A00144,43,Female,White,USA,missing,missing,Heterosexual,No,Mobility,English,minority,Sales Representative,3,Bachelor's,Tier 3,0.26686851721394367,0.30592133471263716,Singh,Sam,2026-04-01,Direct,No,0.26686851721394367,B7,0.2355648622279338
A00145,31,Male,Middle Eastern,USA,Christian,Married,Heterosexual,No,missing,English,majority,Product Manager,13,Master's,Tier 2,0.9843866494624539,0.9602615133606337,Garcia,Riley,2026-04-01,Referral,Yes,0.9843866494624539,,0.9205003918798954
A00146,52,Male,Hispanic,USA,missing,Married,Heterosexual,No,missing,English,majority,Software Engineer,20,Bachelor's,Tier 2,0.9532284128568439,0.09470643806351997,Williams,Jordan,2026-04-01,LinkedIn,Yes,0.9532284128568439,,1.0160818785425636
A00147,50,Male,White,USA,Christian,Single,Heterosexual,No,missing,English,majority,ML Engineer,14,Bachelor's,Tier 1,0.2747382540238674,0.02633838943532496,Chen,Jordan,2026-04-01,Indeed,No,0.2747382540238674,,0.26703387536356676
A00148,38,Male,White,USA,Christian,Married,LGBTQ+,No,Cognitive/Neurodivergent,English,majority,Data Scientist,11,Master's,Tier 2,0.11316431347763078,0.9554948324443421,Johnson,Morgan,2026-04-01,Referral,No,0.11316431347763078,B7,0.16146039441407123
A00149,46,Male,White,USA,Christian,Single,Heterosexual,Yes,missing,Vietnamese,minority,Business Analyst,12,Associates,Tier 1,0.7131116932054609,0.6850082857587736,Brown,Sam,2026-04-01,Direct,No,0.7131116932054609,,0.7137779230511239
A00150,28,Female,White,Mexico,Christian,Single,Heterosexual,No,missing,English,majority,Marketing Manager,12,Bachelor's,Tier 2,0.8415907736056083,0.9246441292718162,Nguyen,Alex,2026-04-01,Indeed,Yes,0.8415907736056083,,0.8068705972204636
A00151,50,Female,White,USA,Christian,Single,Heterosexual,No,missing,English,majority,Software Engineer,10,Bachelor's,missing,0.030315694065936705,0.05106439110157157,Nguyen,Riley,2026-04-01,LinkedIn,No,0.030315694065936705,,0.013981431065824095
A00152,42,Female,White,USA,Christian,Single,Heterosexual,No,missing,English,majority,Data Scientist,5,Master's,Tier 3,0.33312099517039095,0.3935204091899498,Nguyen,Taylor,2026-04-01,Indeed,No,0.33312099517039095,,0.305109442645246
A00153,31,Female,Middle Eastern,USA,missing,Single,Heterosexual,No,missing,English,minority,Senior Software Engineer,8,Associates,Tier 2,0.13196936922319114,0.7985352125269566,Ahmed,Alex,2026-04-01,Indeed,No,0.13196936922319114,,0.13236732418243682
A00154,58,Female,Native American,Egypt,Christian,Single,Heterosexual,No,missing,English,majority,Business Analyst,0,Bachelor's,Tier 2,0.8579712214431219,0.08638586836892603,Rodriguez,Morgan,2026-04-01,LinkedIn,Yes,0.8579712214431219,,0.8392078794592741
A00155,36,Male,White,Mexico,missing,Single,Heterosexual,No,missing,English,majority,Business Analyst,1,Master's,Tier 2,0.7743305573476319,0.7630220637777378,Okafor,Casey,2026-04-01,Indeed,Yes,0.7743305573476319,,0.759334471550542
A00156,39,Female,White,USA,Muslim,Married,Heterosexual,No,Hearing,Spanish,majority,Marketing Manager,21,Bachelor's,Tier 3,0.6351473762460464,0.5853030076334007,Johnson,Jordan,2026-04-01,Direct,No,0.6351473762460464,B7,0.5662186420392508
A00157,41,Female,White,Mexico,Christian,Single,Heterosexual,No,missing,English,majority,Software Engineer,13,Master's,Tier 2,0.03450971040528528,0.005185187916897704,Lee,Casey,2026-04-01,Referral,No,0.03450971040528528,,-0.00583258597577075
A00158,26,Female,White,USA,Christian,Married,Heterosexual,No,missing,English,majority,Software Engineer,21,PhD,Tier 2,0.9764223539067924,0.5225300127703274,Williams,Jordan,2026-04-01,Indeed,Yes,0.9764223539067924,,1.059125231346814
A00159,20,Male,Middle Eastern,USA,Christian,Single,Heterosexual,No,Hearing,English,majority,Marketing Manager,24,Bachelor's,Tier 2,0.4791004292481795,0.039576140999782905,Brown,Morgan,2026-04-01,Direct,No,0.4791004292481795,B7,0.44553876843559365
A00160,35,Female,Native American,USA,Christian,Married,Heterosexual,No,missing,English,majority,Data Scientist,0,Bachelor's,Tier 3,0.12929529352548108,0.9648950943758107,Williams,Morgan,2026-04-01,Direct,No,0.12929529352548108,,0.07659060414430643
A00161,34,Male,White,USA,Hindu,Single,Heterosexual,No,missing,English,majority,Software Engineer,11,Bachelor's,Tier 1,0.9953566914154705,0.6651604142756411,Diallo,Jordan,2026-04-01,Indeed,Yes,0.9953566914154705,,1.012223008044222
A00162,44,Female,White,USA,Christian,Married,Heterosexual,No,missing,English,majority,Product Manager,11,Associates,Tier 2,0.7405768761975089,0.028767312287928504,Okafor,Jordan,2026-04-01,Direct,Yes,0.7405768761975089,,0.8109404861753355
A00163,62,Male,White,USA,missing,Single,Heterosexual,No,missing,English,minority,Software Engineer,24,High School,Tier 3,0.062237708327357866,0.3488845119943297,Smith,Casey,2026-04-01,Direct,No,0.062237708327357866,,-0.010463506796702535
A00164,20,Female,White,USA,Hindu,Married,Heterosexual,No,Cognitive/Neurodivergent,Mandarin,majority,Senior Software Engineer,11,Associates,Tier 3,0.9229830503686338,0.7515648433635056,Brown,Taylor,2026-04-01,LinkedIn,No,0.9229830503686338,B7,0.9125569579560703
A00165,26,Female,Middle Eastern,Vietnam,Christian,Single,LGBTQ+,No,missing,English,minority,Software Engineer,7,Bachelor's,Tier 3,0.6702397667588449,0.07210995951058041,Patel,Morgan,2026-04-01,Direct,No,0.6702397667588449,,0.6386371390620995
A00166,30,Female,Hispanic,USA,Christian,Divorced,Heterosexual,No,missing,English,majority,Business Analyst,8,Bachelor's,Tier 1,0.6221181794769354,0.44258200996337693,Nguyen,Morgan,2026-04-01,LinkedIn,No,0.6221181794769354,,0.5340672057605652
A00167,39,Male,White,India,Christian,Married,Heterosexual,No,missing,English,minority,DevOps Engineer,4,Master's,Tier 3,0.49005544537540735,0.47294246590912237,Singh,Alex,2026-04-01,Direct,No,0.49005544537540735,,0.526801780838327
A00168,49,Male,White,USA,Christian,Married,LGBTQ+,No,missing,English,minority,Product Manager,23,Master's,Tier 3,0.296314598874145,0.06730160136012675,Brown,Casey,2026-04-01,Direct,No,0.296314598874145,,0.29514240294640276
A00169,37,Male,Hispanic,USA,Muslim,Single,Heterosexual,No,missing,English,majority,ML Engineer,9,Bachelor's,Tier 2,0.6736085581132313,0.017894489429069238,Okafor,Alex,2026-04-01,Indeed,No,0.6736085581132313,,0.6771806503278616
A00170,25,Male,White,USA,Christian,Married,Heterosexual,No,missing,English,majority,DevOps Engineer,3,Bachelor's,Tier 2,0.6719008038512094,0.720242069829067,Singh,Jordan,2026-04-01,Direct,No,0.6719008038512094,,0.6342852302289299
A00171,28,Male,White,Mexico,Christian,Married,LGBTQ+,No,missing,English,majority,Sales Representative,20,Associates,Tier 3,0.044069914117783826,0.23997232389672185,Okafor,Morgan,2026-04-01,Referral,No,0.044069914117783826,,0.06680912226762965
A00172,51,Female,White,India,missing,Divorced,Heterosexual,No,missing,English,majority,Product Manager,3,Bachelor's,Tier 2,0.06995784058373977,0.9135369261715873,Okafor,Skyler,2026-04-01,Direct,No,0.06995784058373977,,0.04299297310937372
A00173,39,Female,White,USA,Christian,Single,LGBTQ+,No,missing,English,majority,Software Engineer,5,Bachelor's,missing,0.9977133833541258,0.011869154746288357,Okafor,Riley,2026-04-01,Direct,Yes,0.9977133833541258,,0.9905682229292878
A00174,37,Female,White,USA,missing,Single,LGBTQ+,No,Visual,English,majority,Product Manager,17,Bachelor's,Tier 2,0.7325221646612305,0.8664102584815286,Cohen,Alex,2026-04-01,Indeed,No,0.7325221646612305,B7,0.6771091250521549
A00175,40,Female,White,USA,Christian,Divorced,Heterosexual,No,Mobility,English,minority,Data Scientist,8,Bachelor's,Tier 2,0.1284721240050748,0.9750130928681658,Patel,Skyler,2026-04-01,Direct,No,0.1284721240050748,B7,0.06766698599466503
A00176,27,Female,Asian,USA,Christian,Married,Heterosexual,No,missing,English,majority,Senior Software Engineer,24,Bachelor's,Tier 3,0.8258792828980576,0.09291255714453128,Kim,Morgan,2026-04-01,Referral,Yes,0.8258792828980576,,0.8926558756630587
A00177,53,Female,White,USA,Buddhist,Married,Heterosexual,No,Cognitive/Neurodivergent,English,minority,Senior Software Engineer,16,Bachelor's,Tier 3,0.9900089654046592,0.26016639883293835,Patel,Sam,2026-04-01,LinkedIn,No,0.9900089654046592,B7,0.9646537301777355
A00178,26,Male,Hispanic,USA,Muslim,Married,Heterosexual,No,missing,English,majority,Data Scientist,0,Bachelor's,Tier 3,0.6980369350741346,0.5697680516453898,Hernandez,Sam,2026-04-01,Indeed,No,0.6980369350741346,,0.7126209528919246
A00179,58,Male,White,USA,Christian,Single,Prefer not to say,No,Hearing,English,majority,ML Engineer,18,Bachelor's,missing,0.7925078181106396,0.47803476014785495,Okafor,Taylor,2026-04-01,Direct,No,0.7925078181106396,B7,0.790818296372271
A00180,50,Female,Black,USA,missing,Married,Heterosexual,No,missing,English,minority,Product Manager,10,Master's,Tier 3,0.8805619192124581,0.9091477439816325,Johnson,Alex,2026-04-01,Direct,Yes,0.8805619192124581,,0.8585046590743489
A00181,29,Female,White,USA,Christian,Married,Heterosexual,No,missing,English,majority,DevOps Engineer,1,Bachelor's,Tier 3,0.012626519565923311,0.13531548914816327,Khan,Skyler,2026-04-01,LinkedIn,No,0.012626519565923311,,-0.012771528950937666
A00182,58,Male,Hispanic,USA,Christian,Divorced,Heterosexual,No,Visual,English,majority,Senior Software Engineer,12,Master's,Tier 2,0.32845702774462093,0.8915737488006543,Cohen,Morgan,2026-04-01,Referral,No,0.32845702774462093,B7,0.35996115731690026
A00183,26,Male,Middle Eastern,USA,missing,Single,Heterosexual,No,missing,English,majority,Product Manager,12,Bachelor's,Tier 3,0.8977150137342969,0.032779662989400715,Garcia,Taylor,2026-04-01,Referral,Yes,0.8977150137342969,,0.8826216335076014
A00184,32,Female,Middle Eastern,USA,Muslim,Single,Heterosexual,No,missing,Mandarin,minority,DevOps Engineer,21,Bachelor's,Tier 2,0.8445363812676489,0.5776155051428795,Lee,Skyler,2026-04-01,Direct,Yes,0.8445363812676489,,0.8369641988590842
A00185,54,Male,Asian,USA,Christian,Married,Heterosexual,No,missing,English,majority,Marketing Manager,19,Bachelor's,Tier 2,0.10537633471161956,0.525230919883532,Singh,Morgan,2026-04-01,Direct,No,0.10537633471161956,,0.10648741257134353
A00186,53,Female,Asian,USA,Christian,Married,Prefer not to say,No,missing,English,majority,UX Designer,3,Bachelor's,Tier 2,0.03912065487527849,0.820332489443791,Cohen,Taylor,2026-04-01,Indeed,No,0.03912065487527849,,0.09794607088787857
A00187,57,Male,Asian,USA,Christian,Single,LGBTQ+,No,missing,English,majority,Software Engineer,12,Bachelor's,Tier 2,0.11504548932735925,0.7624809069817503,Nguyen,Casey,2026-04-01,LinkedIn,No,0.11504548932735925,,0.14907103805901617
A00188,47,Female,White,USA,Christian,Married,LGBTQ+,No,missing,English,majority,DevOps Engineer,10,Bachelor's,Tier 1,0.14246496704070233,0.19527721338812976,Wang,Skyler,2026-04-01,LinkedIn,No,0.14246496704070233,,0.16159498042710196
A00189,20,Female,White,USA,Christian,Married,LGBTQ+,No,missing,Spanish,majority,Data Scientist,21,Associates,Tier 2,0.2309035241132552,0.7610791749348368,Wang,Jordan,2026-04-01,Referral,No,0.2309035241132552,,0.20272495444559313
A00190,43,Male,White,Mexico,Christian,Married,Heterosexual,No,missing,Hindi,majority,Data Scientist,7,Bachelor's,Tier 3,0.1558657676171573,0.933610454976789,Khan,Jordan,2026-04-01,Indeed,No,0.1558657676171573,,0.08676733161683405
A00191,60,Male,White,USA,missing,Single,Heterosexual,Yes,missing,English,majority,Business Analyst,23,Bachelor's,Tier 3,0.9012589504712606,0.35317797453806066,Johnson,Morgan,2026-04-01,Referral,Yes,0.9012589504712606,,0.9487354470580257
A00192,24,Female,Black,Mexico,Buddhist,Single,Heterosexual,No,Mobility,English,majority,Product Manager,1,Master's,Tier 1,0.8759996249153532,0.13883697062520883,Cohen,Sam,2026-04-01,LinkedIn,No,0.8759996249153532,B7,0.924321981626397
A00193,25,Male,Asian,Vietnam,Hindu,Married,Heterosexual,No,missing,English,majority,DevOps Engineer,9,Master's,Tier 1,0.8416875046503693,0.27841123866456363,Brown,Skyler,2026-04-01,Referral,Yes,0.8416875046503693,,0.8346520846942024
A00194,22,Female,White,USA,missing,Single,Heterosexual,No,missing,Spanish,majority,ML Engineer,15,Master's,Tier 2,0.5661254309623388,0.6439763050386847,Khan,Morgan,2026-04-01,Direct,No,0.5661254309623388,,0.5932196230425147
A00195,40,Female,White,USA,Christian,Married,Heterosexual,No,missing,English,minority,Data Scientist,5,Bachelor's,Tier 2,0.14039433836025805,0.11037761049089001,Wang,Alex,2026-04-01,Direct,No,0.14039433836025805,,0.1794664910545283
A00196,37,Female,White,USA,Christian,Single,Heterosexual,No,missing,Spanish,majority,Software Engineer,17,Bachelor's,Tier 2,0.9958606822655688,0.7508839951381946,Lee,Sam,2026-04-01,LinkedIn,Yes,0.9958606822655688,,1.037419904898818
A00197,36,Male,Asian,USA,Christian,Single,Heterosexual,No,Mobility,English,majority,Data Scientist,5,Master's,Tier 2,0.053849402158399395,0.6594432711882146,Smith,Jordan,2026-04-01,LinkedIn,No,0.053849402158399395,B7,0.09991857582072294
A00198,52,Female,Hispanic,USA,Christian,Married,Heterosexual,No,missing,English,majority,ML Engineer,19,Bachelor's,Tier 2,0.0005348432300084083,0.8011141493469989,Smith,Jordan,2026-04-01,Indeed,No,0.0005348432300084083,,-0.02224603930304823
A00199,23,Female,Hispanic,USA,missing,Single,Heterosexual,No,missing,Farsi,minority,Sales Representative,10,Bachelor's,Tier 2,0.8103252886632207,0.44084463214059777,Johnson,Skyler,2026-04-01,Direct,Yes,0.8103252886632207,,0.8860739377964566
A00200,37,Male,Asian,USA,missing,Single,Heterosexual,No,missing,English,minority,DevOps Engineer,21,Master's,Tier 2,0.39789466755992864,0.1451868749724997,Cohen,Morgan,2026-04-01,Direct,No,0.39789466755992864,,0.3355650146456432
A00201,50,Male,Asian,USA,Muslim,Married,Heterosexual,No,missing,English,majority,Marketing Manager,1,Bachelor's,Tier 3,0.10065899351912688,0.8900720397091322,Diallo,Casey,2026-04-01,Direct,No,0.10065899351912688,,0.14374514736880933
A00202,39,Female,White,USA,Christian,Single,Heterosexual,No,Hearing,English,majority,UX Designer,19,Bachelor's,Tier 1,0.3495297980531613,0.9968599595069565,Hernandez,Alex,2026-04-01,Direct,No,0.3495297980531613,B7,0.37422640200469925
A00203,28,Female,Asian,USA,Christian,Single,Heterosexual,No,missing,Mandarin,majority,Software Engineer,10,Bachelor's,Tier 2,0.8413983693683195,0.23325790223265652,Singh,Jordan,2026-04-01,LinkedIn,Yes,0.8413983693683195,,0.8850793250445446
A00204,43,Female,White,USA,missing,Married,Heterosexual,No,missing,English,minority,Business Analyst,9,Master's,Tier 3,0.10510496836336536,0.8491492010192678,Hernandez,Taylor,2026-04-01,Indeed,No,0.10510496836336536,,0.19905538371820222
A00205,59,Male,White,USA,Muslim,Single,Heterosexual,No,missing,English,majority,Software Engineer,8,Bachelor's,Tier 1,0.3563145792958722,0.5185686525517984,Singh,Riley,2026-04-01,Indeed,No,0.3563145792958722,,0.43053685296480465
A00206,30,Male,Black,USA,Christian,Divorced,Heterosexual,No,missing,English,majority,Sales Representative,23,Associates,Tier 2,0.6426765315340924,0.13482068601346353,Williams,Jordan,2026-04-01,Direct,No,0.6426765315340924,,0.5854176861746262
A00207,41,Female,Hispanic,USA,Jewish,Divorced,Heterosexual,Yes,Cognitive/Neurodivergent,English,majority,Software Engineer,5,Bachelor's,Tier 3,0.22159038006189835,0.033452800519538584,Wang,Skyler,2026-04-01,Direct,No,0.22159038006189835,B7,0.1371568010485055
A00208,57,Male,White,USA,Christian,Single,Heterosexual,No,missing,English,majority,Marketing Manager,1,Associates,Tier 2,0.5551756186805323,0.6108258689262831,Khan,Casey,2026-04-01,Indeed,No,0.5551756186805323,,0.5960200716332221
A00209,50,Female,White,USA,missing,Single,Heterosexual,No,Hearing,English,minority,Product Manager,15,Master's,Tier 2,0.16350795692259013,0.10703992740245205,Johnson,Jordan,2026-04-01,Referral,No,0.16350795692259013,B7,0.11275733612879396
A00210,60,Male,Black,USA,Christian,Divorced,Heterosexual,Yes,missing,Hindi,majority,Data Scientist,22,Bachelor's,Tier 2,0.04742414750424928,0.726757209599389,Nguyen,Casey,2026-04-01,Referral,No,0.04742414750424928,,0.04680387807187362
A00211,38,Male,Asian,USA,Christian,Single,Heterosexual,No,Cognitive/Neurodivergent,English,minority,Product Manager,14,Master's,missing,0.7212826345533841,0.624324614310714,Kim,Sam,2026-04-01,Direct,No,0.7212826345533841,B7,0.7632690084036439
A00212,22,Male,Hispanic,USA,Christian,Single,Heterosexual,No,missing,English,majority,Data Scientist,20,PhD,Tier 1,0.5366016017662815,0.3882339034622252,Okafor,Riley,2026-04-01,Referral,No,0.5366016017662815,,0.45441173420700215
A00213,48,Female,White,USA,Christian,Divorced,Heterosexual,No,missing,English,minority,Product Manager,15,Master's,missing,0.850552443328061,0.3257503594487974,Patel,Jordan,2026-04-01,Referral,Yes,0.850552443328061,,0.7450534206125871
A00214,35,Male,White,USA,Christian,Single,Heterosexual,No,Visual,Hindi,majority,Marketing Manager,17,Master's,Tier 2,0.9123834017564006,0.2134791318455872,Okafor,Casey,2026-04-01,LinkedIn,No,0.9123834017564006,B7,0.925348352773262
A00215,20,Female,White,USA,Hindu,Married,Heterosexual,No,missing,English,majority,DevOps Engineer,11,High School,Tier 2,0.02612990789683689,0.7519394860195704,Johnson,Casey,2026-04-01,Direct,No,0.02612990789683689,,0.028349202377501742
A00216,25,Male,Asian,USA,missing,Divorced,Heterosexual,No,missing,English,majority,Data Scientist,14,Bachelor's,Tier 2,0.22013378134643635,0.32205672340798863,Smith,Morgan,2026-04-01,Indeed,No,0.22013378134643635,,0.20784362777734022
A00217,27,Female,Hispanic,USA,missing,Single,Heterosexual,No,missing,English,majority,Senior Software Engineer,16,Bachelor's,Tier 2,0.07127434003088118,0.06639723614454818,Kim,Sam,2026-04-01,LinkedIn,No,0.07127434003088118,,0.07320107821939209
A00218,47,Female,White,Mexico,Christian,Single,Heterosexual,No,missing,English,minority,Software Engineer,14,PhD,missing,0.40052919362474515,0.5162454067178924,Diallo,Jordan,2026-04-01,LinkedIn,No,0.40052919362474515,,0.35750341325638113
A00219,47,Male,Asian,China,Christian,Married,Heterosexual,No,missing,English,minority,Senior Software Engineer,9,High School,Tier 2,0.15297137992656162,0.11277236858643247,Garcia,Skyler,2026-04-01,LinkedIn,No,0.15297137992656162,,0.07729665956295628
A00220,23,Male,White,USA,missing,Single,Heterosexual,No,Cognitive/Neurodivergent,English,majority,ML Engineer,16,Bachelor's,Tier 1,0.5708769217177273,0.6898361470214615,Smith,Morgan,2026-04-01,Indeed,No,0.5708769217177273,B7,0.5625441791737112
A00221,20,Male,Hispanic,USA,missing,Married,Heterosexual,No,Cognitive/Neurodivergent,English,minority,Marketing Manager,13,Bachelor's,Tier 3,0.8382849988525428,0.10891354167891298,Khan,Casey,2026-04-01,Indeed,Yes,0.8382849988525428,B7,0.7896995643000733
A00222,61,Female,Asian,USA,Christian,Married,Prefer not to say,Yes,missing,English,majority,ML Engineer,3,Bachelor's,Tier 3,0.49583629835864984,0.36497190692749637,Wang,Skyler,2026-04-01,Indeed,No,0.49583629835864984,,0.4136622322380945
A00223,25,Female,Middle Eastern,Egypt,Christian,Single,Heterosexual,No,missing,English,majority,Sales Representative,20,Associates,Tier 1,0.6508770747998963,0.07280205181826749,Okafor,Sam,2026-04-01,Referral,No,0.6508770747998963,,0.6761611283695601
A00224,52,Male,White,USA,missing,Single,Heterosexual,No,missing,English,majority,DevOps Engineer,1,Master's,Tier 1,0.6967884678983578,0.45612039187558695,Lee,Morgan,2026-04-01,Direct,No,0.6967884678983578,,0.693718536477249
A00225,32,Non-binary,Asian,India,Christian,Single,Heterosexual,No,missing,English,minority,Product Manager,8,Associates,Tier 3,0.31747640386068365,0.20507140321397288,Singh,Taylor,2026-04-01,Indeed,No,0.31747640386068365,,0.33780283069232436
A00226,44,Male,White,USA,Christian,Married,LGBTQ+,No,missing,English,majority,Software Engineer,12,Bachelor's,Tier 1,0.11731261761762557,0.09159669111447266,Kim,Jordan,2026-04-01,LinkedIn,No,0.11731261761762557,,0.06784787054632872
A00227,50,Female,White,USA,Christian,Single,Heterosexual,No,missing,English,majority,Software Engineer,0,Bachelor's,Tier 3,0.24823384660939007,0.07431946174352322,Wang,Alex,2026-04-01,Indeed,No,0.24823384660939007,,0.2153309070175572
A00228,56,Female,Asian,USA,Hindu,Divorced,Heterosexual,No,missing,English,majority,ML Engineer,2,Master's,Tier 2,0.5157598902863304,0.2725710695366068,Khan,Casey,2026-04-01,Indeed,No,0.5157598902863304,,0.4658077389253221
A00229,32,Female,White,USA,Christian,Married,LGBTQ+,No,missing,English,minority,Data Scientist,6,Bachelor's,missing,0.07256684052481877,0.9603575058573071,Johnson,Skyler,2026-04-01,LinkedIn,No,0.07256684052481877,,0.028234747171916354
A00230,44,Non-binary,Asian,USA,Hindu,Single,Heterosexual,No,missing,English,majority,Product Manager,12,Bachelor's,Tier 1,0.24653540965020115,0.23445555995597378,Nguyen,Casey,2026-04-01,LinkedIn,No,0.24653540965020115,,0.25630580553767124
A00231,26,Male,White,USA,Christian,Single,LGBTQ+,No,missing,Hindi,majority,Product Manager,15,Master's,Tier 2,0.967064723276333,0.949655480669401,Hernandez,Alex,2026-04-01,Indeed,Yes,0.967064723276333,,0.9279159924595857
A00232,51,Male,White,USA,Christian,Married,Heterosexual,Yes,missing,English,majority,DevOps Engineer,5,Bachelor's,Tier 1,0.8966466843318891,0.21759915046530043,Rodriguez,Riley,2026-04-01,Direct,Yes,0.8966466843318891,,0.9144499987729028
A00233,57,Male,Black,USA,Christian,Divorced,Heterosexual,No,missing,Spanish,majority,UX Designer,16,Bachelor's,Tier 3,0.03934544774953164,0.42174265334193106,Nguyen,Alex,2026-04-01,Direct,No,0.03934544774953164,,0.056333244020442444
A00234,59,Male,Black,USA,Christian,Married,Heterosexual,No,missing,English,majority,Sales Representative,0,Bachelor's,Tier 3,0.6466791551427179,0.8469925076277722,Rodriguez,Morgan,2026-04-01,Referral,No,0.6466791551427179,,0.7479372044867231
A00235,39,Female,White,USA,Christian,Single,Heterosexual,No,missing,Mandarin,majority,ML Engineer,12,Master's,Tier 3,0.5754375012009209,0.8332486809688392,Patel,Alex,2026-04-01,Indeed,No,0.5754375012009209,,0.5057980489075804
A00236,30,Female,Asian,USA,Christian,Single,Heterosexual,No,missing,English,majority,ML Engineer,14,Associates,Tier 1,0.07077547548633711,0.8518447724016467,Rodriguez,Alex,2026-04-01,Indeed,No,0.07077547548633711,,0.11517059437808938
A00237,61,Female,White,USA,Christian,Married,Heterosexual,No,missing,English,minority,Data Scientist,11,Bachelor's,Tier 1,0.7291602053952905,0.12657195267245946,Wang,Jordan,2026-04-01,Referral,Yes,0.7291602053952905,,0.7246858073008695
A00238,48,Female,White,USA,missing,Married,Heterosexual,No,missing,English,majority,Software Engineer,15,Bachelor's,Tier 1,0.7635967772859726,0.8493278129552047,Okafor,Skyler,2026-04-01,Direct,Yes,0.7635967772859726,,0.7628952907794228
A00239,62,Female,Asian,USA,missing,Divorced,Heterosexual,No,missing,English,majority,Software Engineer,24,Bachelor's,Tier 3,0.06469734514399539,0.03288949064120683,Kim,Morgan,2026-04-01,Referral,No,0.06469734514399539,,-0.007795845951335173
A00240,53,Male,Middle Eastern,USA,Christian,Single,Heterosexual,No,missing,English,majority,Data Scientist,24,Bachelor's,Tier 3,0.09448545719617485,0.12313021452760364,Williams,Taylor,2026-04-01,Direct,No,0.09448545719617485,,0.07147576655994213
A00241,57,Male,Black,USA,missing,missing,Heterosexual,No,missing,English,majority,Business Analyst,21,Bachelor's,Tier 2,0.5901380667323292,0.4626204121887554,Rodriguez,Riley,2026-04-01,Direct,No,0.5901380667323292,,0.6272979299045268
A00242,44,Male,White,USA,Hindu,Single,LGBTQ+,No,missing,English,minority,Sales Representative,19,Bachelor's,Tier 3,0.37258567517071395,0.06014479516637472,Garcia,Morgan,2026-04-01,Indeed,No,0.37258567517071395,,0.3684617565698487
A00243,42,Female,White,USA,missing,Married,Heterosexual,No,missing,Spanish,majority,UX Designer,12,Master's,Tier 3,0.5702610531670209,0.8421873993525133,Brown,Skyler,2026-04-01,LinkedIn,No,0.5702610531670209,,0.5743137716875842
A00244,49,Female,White,USA,Christian,Single,Heterosexual,No,missing,English,minority,Marketing Manager,7,Bachelor's,Tier 2,0.4401788240235033,0.6452505179460821,Diallo,Alex,2026-04-01,LinkedIn,No,0.4401788240235033,,0.4256429899934762
A00245,45,Female,Middle Eastern,USA,missing,missing,Heterosexual,No,missing,Hindi,majority,Business Analyst,4,Master's,Tier 2,0.1209684304714731,0.3416106348438024,Diallo,Morgan,2026-04-01,LinkedIn,No,0.1209684304714731,,0.17869691782078745
A00246,54,Female,Middle Eastern,USA,Christian,Single,Heterosexual,No,Cognitive/Neurodivergent,English,minority,ML Engineer,9,PhD,Tier 2,0.5943429035797695,0.22367827618594371,Okafor,Skyler,2026-04-01,Indeed,No,0.5943429035797695,B7,0.5932692752275948
A00247,35,Female,Asian,USA,Christian,Single,Heterosexual,No,Cognitive/Neurodivergent,English,minority,ML Engineer,19,Bachelor's,Tier 1,0.11456806727576596,0.3937123817744165,Hernandez,Alex,2026-04-01,Direct,No,0.11456806727576596,B7,0.004547283651662848
A00248,57,Female,Black,USA,Christian,Married,Heterosexual,No,missing,English,minority,Product Manager,8,Bachelor's,Tier 1,0.4429511894257765,0.8932154822939573,Okafor,Taylor,2026-04-01,Direct,No,0.4429511894257765,,0.40834756190205196
A00249,32,Male,White,USA,missing,Married,Heterosexual,No,Hearing,English,minority,Software Engineer,2,Associates,Tier 2,0.3503712723714376,0.5363010008022596,Singh,Jordan,2026-04-01,Indeed,No,0.3503712723714376,B7,0.25193144201742546
A00250,44,Male,Middle Eastern,USA,Christian,Divorced,Heterosexual,No,missing,English,minority,Product Manager,15,Master's,Tier 3,0.9719286899169582,0.5860733851420701,Williams,Sam,2026-04-01,Referral,Yes,0.9719286899169582,,0.8093567691421313
A00251,35,Non-binary,Hispanic,USA,Christian,Single,Heterosexual,No,missing,Hindi,majority,Business Analyst,0,Bachelor's,Tier 1,0.050343314979050535,0.6110547918702157,Smith,Jordan,2026-04-01,Direct,No,0.050343314979050535,,0.02383754749043493
A00252,53,Non-binary,Black,USA,Christian,Divorced,Heterosexual,No,Mobility,English,minority,UX Designer,6,Bachelor's,Tier 3,0.5274156921267034,0.27769149354529055,Ahmed,Taylor,2026-04-01,Direct,No,0.5274156921267034,B7,0.5940936846318395
A00253,20,Female,White,USA,Christian,Single,Heterosexual,No,missing,English,minority,Marketing Manager,20,Bachelor's,missing,0.09510699618149887,0.5039729486597214,Nguyen,Morgan,2026-04-01,LinkedIn,No,0.09510699618149887,,0.09746299148802852
A00254,44,Male,White,USA,Christian,Single,Heterosexual,No,missing,English,majority,Product Manager,15,PhD,Tier 2,0.7370506113688969,0.48029991554026175,Brown,Morgan,2026-04-01,LinkedIn,Yes,0.7370506113688969,,0.678423325998648
A00255,25,Female,White,Egypt,Christian,Single,LGBTQ+,No,missing,English,majority,Senior Software Engineer,24,Bachelor's,missing,0.3079956351830473,0.18435508062450134,Cohen,Casey,2026-04-01,LinkedIn,No,0.3079956351830473,,0.26096064177292616
A00256,36,Male,White,USA,Christian,Single,Heterosexual,No,Visual,English,majority,Business Analyst,13,Bachelor's,Tier 3,0.536691161148961,0.8028492337770452,Johnson,Jordan,2026-04-01,Direct,No,0.536691161148961,B7,0.5932218226614614
A00257,43,Male,White,USA,Christian,Single,Heterosexual,No,missing,Vietnamese,minority,Sales Representative,11,Bachelor's,Tier 3,0.9430585999348636,0.6823261951449809,Nguyen,Jordan,2026-04-01,LinkedIn,Yes,0.9430585999348636,,0.9509399311047869
A00258,40,Male,White,USA,Christian,Married,Heterosexual,No,missing,English,majority,Data Scientist,8,High School,Tier 2,0.0821552154725852,0.5675558319464644,Nguyen,Jordan,2026-04-01,LinkedIn,No,0.0821552154725852,,0.08455517755068805
A00259,37,Female,White,USA,missing,Single,Heterosexual,No,missing,English,majority,Software Engineer,7,Master's,Tier 3,0.345194279766593,0.4557295171047111,Smith,Jordan,2026-04-01,Referral,No,0.345194279766593,,0.34252119032469014
A00260,54,Male,White,USA,missing,Married,Heterosexual,No,Mobility,English,majority,Sales Representative,10,Bachelor's,Tier 3,0.47685407711958927,0.7055768070977001,Rodriguez,Casey,2026-04-01,Referral,No,0.47685407711958927,B7,0.4787740901973566
A00261,27,Male,White,China,Christian,Single,Heterosexual,No,missing,English,minority,Business Analyst,1,Associates,Tier 3,0.07295349329207068,0.5562029787004292,Hernandez,Riley,2026-04-01,Referral,No,0.07295349329207068,,0.1132237756392606
A00262,24,Female,White,USA,Christian,Married,Heterosexual,No,missing,English,majority,Product Manager,7,Bachelor's,Tier 1,0.29054868087973795,0.5049525649845131,Wang,Casey,2026-04-01,Direct,No,0.29054868087973795,,0.31817704574754174
A00263,35,Female,White,USA,Christian,Married,LGBTQ+,No,missing,English,majority,Business Analyst,21,Bachelor's,Tier 3,0.6462659894189651,0.42769761790671745,Kim,Casey,2026-04-01,Indeed,No,0.6462659894189651,,0.6570512244201898
A00264,41,Male,White,USA,missing,Single,Heterosexual,No,Hearing,English,majority,Sales Representative,23,Bachelor's,Tier 2,0.65176369615385,0.7758608502940971,Smith,Skyler,2026-04-01,Indeed,No,0.65176369615385,B7,0.5996202782743495
A00265,53,Female,White,USA,Christian,Single,Heterosexual,No,missing,Mandarin,majority,DevOps Engineer,12,Bachelor's,missing,0.5406184524357353,0.8279425630890351,Wang,Taylor,2026-04-01,Indeed,No,0.5406184524357353,,0.5661738906812216
A00266,48,Female,White,USA,Jewish,Single,Heterosexual,No,missing,English,majority,Senior Software Engineer,6,Bachelor's,Tier 1,0.6309355472137496,0.1527670636864722,Lee,Jordan,2026-04-01,LinkedIn,No,0.6309355472137496,,0.5967231933141248
A00267,28,Male,Hispanic,China,missing,missing,Heterosexual,No,missing,English,minority,Sales Representative,13,Bachelor's,Tier 2,0.47782836015902785,0.5989939739033351,Diallo,Riley,2026-04-01,LinkedIn,No,0.47782836015902785,,0.5325206439540517
A00268,60,Male,White,USA,missing,Single,Heterosexual,No,missing,Vietnamese,minority,Senior Software Engineer,5,Bachelor's,Tier 3,0.6832877392605166,0.9209780628220892,Kim,Jordan,2026-04-01,Referral,No,0.6832877392605166,,0.6197351981743102
A00269,47,Female,White,USA,Christian,Single,Heterosexual,No,missing,English,majority,DevOps Engineer,16,Master's,Tier 2,0.30868411909960625,0.8069443674190068,Brown,Casey,2026-04-01,Referral,No,0.30868411909960625,,0.3018030702858268
A00270,26,Male,White,India,Christian,Single,Heterosexual,No,missing,English,majority,Marketing Manager,24,Bachelor's,Tier 2,0.11446651920923023,0.19881348347357952,Khan,Jordan,2026-04-01,Indeed,No,0.11446651920923023,,0.11409860489466668
A00271,48,Female,Hispanic,USA,missing,Married,Heterosexual,No,missing,English,majority,UX Designer,15,Bachelor's,Tier 3,0.8893899196660701,0.6098988972212149,Williams,Sam,2026-04-01,Direct,Yes,0.8893899196660701,,0.8231576421338632
A00272,52,Male,Asian,Mexico,Christian,Single,Prefer not to say,No,missing,Spanish,minority,Data Scientist,19,PhD,Tier 1,0.2108094865489235,0.9536799312970046,Nguyen,Taylor,2026-04-01,Direct,No,0.2108094865489235,,0.29690806874174747
A00273,41,Female,White,USA,Christian,Married,Heterosexual,No,missing,English,majority,Senior Software Engineer,21,Master's,Tier 3,0.30457502780717005,0.48408156406249725,Diallo,Morgan,2026-04-01,LinkedIn,No,0.30457502780717005,,0.37759536617014766
A00274,62,Female,White,USA,missing,Divorced,Prefer not to say,No,missing,English,majority,Marketing Manager,0,Bachelor's,Tier 3,0.28752637649701074,0.5671132972785936,Okafor,Riley,2026-04-01,Referral,No,0.28752637649701074,,0.2643471884165566
A00275,23,Non-binary,Black,USA,Hindu,Married,Heterosexual,No,missing,English,minority,Marketing Manager,22,Bachelor's,Tier 3,0.177642838621216,0.5003892444967284,Chen,Casey,2026-04-01,Direct,No,0.177642838621216,,0.21622889689944216
A00276,25,Female,White,USA,missing,Single,Heterosexual,No,missing,English,majority,Data Scientist,11,Bachelor's,missing,0.12081692219740325,0.5441182044850644,Okafor,Casey,2026-04-01,Direct,No,0.12081692219740325,,0.13975072568091385
A00277,21,Male,Hispanic,USA,Christian,Married,Heterosexual,No,missing,English,minority,Software Engineer,23,Bachelor's,Tier 1,0.14317921745525275,0.22229687409239007,Lee,Taylor,2026-04-01,Indeed,No,0.14317921745525275,,0.012501244287989849
A00278,37,Male,Middle Eastern,China,Muslim,Single,Heterosexual,No,missing,English,majority,Software Engineer,12,Bachelor's,Tier 3,0.806767891486827,0.5747310600462086,Williams,Sam,2026-04-01,Referral,Yes,0.806767891486827,,0.8192877923007066
A00279,50,Male,Black,USA,Christian,Divorced,Heterosexual,No,Cognitive/Neurodivergent,Vietnamese,majority,Software Engineer,16,Bachelor's,Tier 2,0.8331062977844512,0.6969122373113771,Nguyen,Riley,2026-04-01,Direct,Yes,0.8331062977844512,B7,0.8300390937927888
A00280,57,Female,White,USA,Christian,Single,Heterosexual,No,missing,English,minority,Senior Software Engineer,20,Bachelor's,Tier 1,0.3512693552400883,0.8710630072710642,Wang,Jordan,2026-04-01,LinkedIn,No,0.3512693552400883,,0.3554302229138148
A00281,37,Female,White,USA,Christian,Divorced,Heterosexual,No,missing,English,minority,ML Engineer,15,Associates,Tier 2,0.9165724797503235,0.6425756731794932,Nguyen,Alex,2026-04-01,Direct,Yes,0.9165724797503235,,0.8627287337589646
A00282,52,Male,Hispanic,USA,Hindu,Single,Heterosexual,Yes,missing,English,majority,DevOps Engineer,21,Master's,Tier 2,0.37845643696805553,0.33523814425641674,Smith,Alex,2026-04-01,Direct,No,0.37845643696805553,,0.3649890846570353
A00283,36,Male,White,USA,Christian,Married,Heterosexual,Yes,Visual,English,majority,UX Designer,13,Bachelor's,Tier 2,0.7457996340263133,0.508204096318691,Cohen,Taylor,2026-04-01,Referral,No,0.7457996340263133,B7,0.7368866958571985
A00284,51,Male,White,USA,missing,Married,Heterosexual,No,missing,English,minority,Data Scientist,9,Bachelor's,Tier 3,0.3167017312556495,0.4084884094764346,Garcia,Sam,2026-04-01,Referral,No,0.3167017312556495,,0.3761064421162654
A00285,24,Female,White,USA,Muslim,Single,Heterosexual,No,missing,Spanish,majority,Marketing Manager,7,Associates,Tier 2,0.7723863353623291,0.37961440426236126,Wang,Casey,2026-04-01,LinkedIn,Yes,0.7723863353623291,,0.7891076883818798
A00286,62,Male,Hispanic,USA,Christian,Married,Heterosexual,Yes,missing,Spanish,majority,Data Scientist,5,Associates,Tier 1,0.8088561516709623,0.15827307102117338,Singh,Alex,2026-04-01,Indeed,Yes,0.8088561516709623,,0.808578400160829
A00287,48,Female,Hispanic,USA,Christian,Single,Heterosexual,No,missing,Mandarin,majority,DevOps Engineer,17,High School,Tier 3,0.43180569802268276,0.5497829587142953,Kim,Alex,2026-04-01,Direct,No,0.43180569802268276,,0.5082541979182298
A00288,40,Female,Hispanic,USA,missing,Single,Heterosexual,No,missing,Mandarin,majority,UX Designer,4,Bachelor's,Tier 3,0.978248863675839,0.12005359709847108,Patel,Skyler,2026-04-01,Referral,Yes,0.978248863675839,,0.9504864671876566
A00289,46,Female,Asian,Egypt,Christian,Single,Heterosexual,No,missing,English,majority,Software Engineer,1,Bachelor's,Tier 3,0.5195249971832269,0.4297468509618172,Williams,Alex,2026-04-01,Direct,No,0.5195249971832269,,0.5000534819394576
A00290,45,Male,White,USA,Christian,Single,LGBTQ+,No,Cognitive/Neurodivergent,Vietnamese,majority,Data Scientist,6,Bachelor's,missing,0.860680451249679,0.18607727125663254,Okafor,Riley,2026-04-01,Direct,No,0.860680451249679,B7,0.769842700682726
A00291,36,Non-binary,White,USA,Christian,Married,Heterosexual,No,missing,Spanish,majority,DevOps Engineer,22,Bachelor's,Tier 1,0.2725464189304301,0.7015732450195428,Johnson,Casey,2026-04-01,LinkedIn,No,0.2725464189304301,,0.3510017112446107
A00292,55,Female,White,USA,missing,Married,Heterosexual,No,Cognitive/Neurodivergent,English,majority,Senior Software Engineer,20,Bachelor's,Tier 2,0.023316678524007095,0.9970653263738509,Garcia,Taylor,2026-04-01,Indeed,No,0.023316678524007095,B7,0.07153329693372852
A00293,45,Female,White,USA,Christian,Married,Heterosexual,No,missing,English,minority,Software Engineer,22,High School,missing,0.08174554211693363,0.3474421429216489,Hernandez,Morgan,2026-04-01,Direct,No,0.08174554211693363,,0.12758794434251902
A00294,27,Female,White,USA,Muslim,Single,Heterosexual,No,Cognitive/Neurodivergent,Spanish,majority,Senior Software Engineer,17,Bachelor's,Tier 2,0.4699094797699863,0.8580127478893477,Hernandez,Jordan,2026-04-01,LinkedIn,No,0.4699094797699863,B7,0.5033544020923332
A00295,25,Male,White,USA,missing,Single,Heterosexual,No,missing,English,minority,Senior Software Engineer,6,Bachelor's,Tier 1,0.3487023526458042,0.7920757875151302,Diallo,Sam,2026-04-01,Referral,No,0.3487023526458042,,0.3542097820289868
A00296,28,Male,White,USA,Christian,Married,Heterosexual,No,missing,English,majority,UX Designer,22,High School,Tier 3,0.07564128108369339,0.5191918208846075,Cohen,Riley,2026-04-01,Direct,No,0.07564128108369339,,0.08641572804280984
A00297,56,Female,White,USA,missing,Single,Heterosexual,No,missing,English,majority,ML Engineer,21,Bachelor's,Tier 2,0.512593667652368,0.1943019754338713,Lee,Taylor,2026-04-01,LinkedIn,No,0.512593667652368,,0.49999333813900265
A00298,44,Male,Black,USA,missing,Single,Heterosexual,No,missing,Spanish,minority,Data Scientist,17,High School,Tier 3,0.5471887797438948,0.7553780952373518,Diallo,Sam,2026-04-01,Referral,No,0.5471887797438948,,0.5370087584577474
A00299,25,Female,White,USA,Muslim,missing,Heterosexual,No,missing,Vietnamese,majority,Data Scientist,19,Master's,Tier 2,0.5762721012462609,0.31569131874935097,Cohen,Riley,2026-04-01,LinkedIn,No,0.5762721012462609,,0.5789872818319457
A00300,46,Female,White,USA,Jewish,Single,Heterosexual,No,missing,Hindi,minority,Data Scientist,14,Bachelor's,Tier 3,0.07137976363477971,0.06482469823055304,Okafor,Sam,2026-04-01,LinkedIn,No,0.07137976363477971,,0.14697123921296856
A00301,25,Male,White,USA,Muslim,Single,Heterosexual,No,missing,English,majority,DevOps Engineer,2,Bachelor's,Tier 1,0.6286131893418886,0.20789128935349954,Nguyen,Riley,2026-04-01,Indeed,No,0.6286131893418886,,0.6563975844322926
A00302,58,Male,Native American,USA,missing,Divorced,Heterosexual,No,Mobility,English,majority,Senior Software Engineer,16,High School,Tier 2,0.8300060621926089,0.5045770126075965,Brown,Jordan,2026-04-01,Indeed,Yes,0.8300060621926089,B7,0.8270830559046658
A00303,53,Male,White,USA,Christian,Divorced,Heterosexual,No,missing,English,majority,Software Engineer,1,Bachelor's,Tier 1,0.359362783806068,0.07807160541256719,Kim,Sam,2026-04-01,Referral,No,0.359362783806068,,0.3303931812838982
A00304,41,Female,White,USA,Christian,Divorced,Heterosexual,No,missing,English,majority,DevOps Engineer,6,Master's,Tier 2,0.5544006096838145,0.2478178156731894,Okafor,Morgan,2026-04-01,Referral,No,0.5544006096838145,,0.5226506853132316
A00305,45,Female,Black,USA,Christian,Single,Heterosexual,No,Mobility,English,minority,Software Engineer,0,Bachelor's,Tier 1,0.2389750544640712,0.8814683011692293,Garcia,Skyler,2026-04-01,Direct,No,0.2389750544640712,B7,0.31911030502269566
A00306,27,Male,Asian,USA,Muslim,Married,Heterosexual,No,missing,English,majority,ML Engineer,11,Bachelor's,Tier 1,0.9390332758831872,0.2344227760784755,Diallo,Skyler,2026-04-01,Direct,Yes,0.9390332758831872,,0.9643676410945424
A00307,28,Female,White,Vietnam,Muslim,Single,Heterosexual,No,missing,Mandarin,majority,Marketing Manager,12,Master's,Tier 2,0.24882211582645308,0.26541538979534796,Wang,Jordan,2026-04-01,Direct,No,0.24882211582645308,,0.25219964374198584
A00308,27,Female,White,USA,Christian,Single,Prefer not to say,No,missing,English,majority,Product Manager,9,Bachelor's,Tier 2,0.030860677808177583,0.10882606169029352,Khan,Jordan,2026-04-01,Indeed,No,0.030860677808177583,,0.013551585700541446
A00309,26,Female,Hispanic,USA,Christian,Married,Heterosexual,No,missing,English,majority,Marketing Manager,14,Bachelor's,Tier 2,0.7592447753764694,0.7055995385540442,Khan,Morgan,2026-04-01,Direct,Yes,0.7592447753764694,,0.703792104791443
A00310,43,Male,Hispanic,USA,Christian,Married,Heterosexual,No,missing,English,majority,DevOps Engineer,20,Master's,missing,0.5093835645477192,0.7128330102808869,Singh,Alex,2026-04-01,Direct,No,0.5093835645477192,,0.5060404866742244
A00311,37,Male,White,USA,Christian,Married,Heterosexual,Yes,missing,English,majority,Software Engineer,12,Bachelor's,Tier 3,0.07319537944812027,0.10998195552956258,Patel,Casey,2026-04-01,LinkedIn,No,0.07319537944812027,,0.11687828117163032
A00312,45,Male,White,USA,Christian,Single,Heterosexual,No,missing,Hindi,minority,Business Analyst,15,Bachelor's,Tier 2,0.9070921074606889,0.5305148857161944,Cohen,Sam,2026-04-01,Indeed,Yes,0.9070921074606889,,0.8874652451188144
A00313,36,Male,Black,USA,Christian,missing,Heterosexual,No,missing,English,minority,Senior Software Engineer,20,Bachelor's,missing,0.920496210881694,0.6460083336629534,Singh,Morgan,2026-04-01,Indeed,Yes,0.920496210881694,,0.909134081731666
A00314,31,Female,White,USA,Hindu,Single,LGBTQ+,No,Hearing,English,majority,Sales Representative,17,Associates,missing,0.9897821593305772,0.5818877300307681,Diallo,Jordan,2026-04-01,LinkedIn,No,0.9897821593305772,B7,0.9787304417586283
A00315,58,Female,White,USA,Christian,Single,Heterosexual,No,missing,English,majority,DevOps Engineer,6,Bachelor's,Tier 2,0.10577243891139032,0.40876170657870103,Wang,Sam,2026-04-01,LinkedIn,No,0.10577243891139032,,0.11125215731129875
A00316,58,Female,Middle Eastern,Mexico,Christian,Single,Heterosexual,No,missing,English,minority,Data Scientist,24,Bachelor's,Tier 1,0.8014120515537274,0.6674005150778587,Khan,Casey,2026-04-01,Direct,Yes,0.8014120515537274,,0.721761507616447
A00317,36,Female,Black,USA,Muslim,Single,LGBTQ+,No,missing,English,majority,Sales Representative,3,Bachelor's,Tier 2,0.7762772170215235,0.66833280301274,Diallo,Morgan,2026-04-01,Indeed,Yes,0.7762772170215235,,0.764507299423269
A00318,27,Male,Asian,USA,missing,Married,Heterosexual,No,missing,Farsi,majority,Senior Software Engineer,9,High School,Tier 2,0.6918748610311343,0.14292541708852358,Garcia,Sam,2026-04-01,Referral,No,0.6918748610311343,,0.6491550851234307
A00319,62,Male,Native American,USA,Christian,Single,Heterosexual,No,missing,English,majority,Software Engineer,12,Bachelor's,Tier 2,0.6633521751414314,0.4807437832358128,Hernandez,Skyler,2026-04-01,Indeed,No,0.6633521751414314,,0.7075814267695617
A00320,46,Female,White,USA,Christian,Single,Heterosexual,No,Cognitive/Neurodivergent,English,majority,Product Manager,16,High School,Tier 3,0.22517467902928667,0.7485600628289828,Garcia,Skyler,2026-04-01,LinkedIn,No,0.22517467902928667,B7,0.18664474520104368
A00321,37,Non-binary,Hispanic,USA,Christian,Single,Heterosexual,No,missing,Spanish,majority,Marketing Manager,1,Bachelor's,Tier 3,0.7674920397181709,0.16927277381284278,Johnson,Morgan,2026-04-01,LinkedIn,Yes,0.7674920397181709,,0.7963443770832057
A00322,36,Male,Asian,USA,Hindu,Married,Heterosexual,No,missing,English,majority,UX Designer,22,Bachelor's,Tier 1,0.28495988071144074,0.003081189236077919,Kim,Morgan,2026-04-01,Referral,No,0.28495988071144074,,0.36118175334777874
A00323,23,Female,White,USA,Christian,Single,Heterosexual,No,Visual,Spanish,minority,Senior Software Engineer,24,Bachelor's,Tier 2,0.9031627030120443,0.8255057726730161,Wang,Jordan,2026-04-01,Indeed,No,0.9031627030120443,B7,0.887482889947963
A00324,32,Female,White,USA,Christian,Single,LGBTQ+,No,missing,English,minority,Data Scientist,7,Master's,Tier 2,0.3680399371322749,0.2070260265062175,Johnson,Riley,2026-04-01,Direct,No,0.3680399371322749,,0.3379611245261016
A00325,51,Female,Middle Eastern,USA,Christian,Single,Heterosexual,No,missing,English,majority,Software Engineer,18,Bachelor's,Tier 1,0.6165478533692449,0.49456452229202097,Rodriguez,Sam,2026-04-01,Referral,No,0.6165478533692449,,0.6261194663255495
A00326,44,Female,Hispanic,USA,Christian,Single,LGBTQ+,No,missing,English,majority,UX Designer,17,Bachelor's,Tier 2,0.17295162666556152,0.5759434483341594,Johnson,Morgan,2026-04-01,LinkedIn,No,0.17295162666556152,,0.1728501752851101
A00327,22,Male,Asian,USA,Muslim,Single,Heterosexual,No,missing,English,majority,UX Designer,9,Master's,Tier 2,0.9760874726092494,0.026760591655706545,Kim,Sam,2026-04-01,Direct,Yes,0.9760874726092494,,0.9264066552422638
A00328,26,Female,White,USA,Christian,Married,Heterosexual,No,missing,Spanish,majority,Software Engineer,21,Bachelor's,Tier 2,0.6016483966362433,0.8013942440094429,Brown,Taylor,2026-04-01,Direct,No,0.6016483966362433,,0.6246943674219122
A00329,44,Male,White,USA,Muslim,Married,Heterosexual,Yes,missing,English,majority,Marketing Manager,19,Master's,Tier 2,0.5424114845444842,0.7263534755302122,Chen,Sam,2026-04-01,LinkedIn,No,0.5424114845444842,,0.6431872872182546
A00330,61,Female,Native American,USA,Christian,Single,Heterosexual,No,missing,English,majority,DevOps Engineer,0,Bachelor's,missing,0.8266581268856364,0.1517598452398201,Garcia,Casey,2026-04-01,Indeed,Yes,0.8266581268856364,,0.8137525271223502
A00331,29,Female,Hispanic,USA,Christian,Single,LGBTQ+,No,missing,English,majority,Software Engineer,18,Bachelor's,Tier 2,0.17068976654271417,0.18698162669207485,Williams,Casey,2026-04-01,Direct,No,0.17068976654271417,,0.16054595673948102
A00332,25,Female,Hispanic,USA,missing,Married,Heterosexual,No,Cognitive/Neurodivergent,English,minority,ML Engineer,11,Bachelor's,Tier 2,0.9967928512396715,0.42307031403544093,Smith,Skyler,2026-04-01,Indeed,No,0.9967928512396715,B7,0.9445462500612173
A00333,51,Female,White,USA,Christian,Married,Heterosexual,No,missing,English,majority,ML Engineer,21,Bachelor's,Tier 2,0.08886019885574459,0.9416880719718034,Kim,Skyler,2026-04-01,LinkedIn,No,0.08886019885574459,,0.10481462144007198
A00334,34,Female,Asian,USA,Jewish,Single,Heterosexual,No,missing,English,minority,DevOps Engineer,3,PhD,Tier 2,0.12381986480595386,0.6758357118775877,Brown,Casey,2026-04-01,Direct,No,0.12381986480595386,,0.06147105357057245
A00335,27,Female,Asian,USA,Christian,Single,Heterosexual,No,missing,Hindi,majority,Senior Software Engineer,20,Bachelor's,Tier 3,0.1269435060010442,0.9888483872041257,Patel,Riley,2026-04-01,Indeed,No,0.1269435060010442,,0.07159695478347003
A00336,39,Male,Hispanic,USA,Jewish,Married,Heterosexual,No,missing,English,majority,Senior Software Engineer,4,Bachelor's,Tier 3,0.8628162945094716,0.7608234884147708,Garcia,Riley,2026-04-01,Referral,Yes,0.8628162945094716,,0.9267996581016611
A00337,49,Male,White,China,missing,Single,Heterosexual,Yes,Hearing,English,majority,ML Engineer,22,Master's,Tier 2,0.7191912258417821,0.20353486070164106,Wang,Morgan,2026-04-01,Referral,No,0.7191912258417821,B7,0.6739185728720498
A00338,33,Female,White,USA,Christian,Married,Heterosexual,Yes,missing,English,majority,DevOps Engineer,11,Bachelor's,Tier 3,0.2069735333206426,0.28772690400825773,Nguyen,Morgan,2026-04-01,Direct,No,0.2069735333206426,,0.2610414117872095
A00339,43,Female,White,Mexico,Christian,Married,Heterosexual,No,missing,English,majority,Sales Representative,11,Bachelor's,Tier 2,0.0012187819513747034,0.8338656852416294,Ahmed,Alex,2026-04-01,Referral,No,0.0012187819513747034,,0.07743668214051506
A00340,47,Female,White,USA,missing,Married,Heterosexual,No,missing,English,majority,Sales Representative,15,Bachelor's,Tier 3,0.5702782754105158,0.21727170958531783,Okafor,Taylor,2026-04-01,Direct,No,0.5702782754105158,,0.5832445982843529
A00341,54,Female,White,USA,missing,Divorced,Heterosexual,No,missing,English,majority,Product Manager,10,Bachelor's,Tier 3,0.43568592141726237,0.40588466240883814,Ahmed,Casey,2026-04-01,LinkedIn,No,0.43568592141726237,,0.46335549155980355
A00342,51,Male,White,USA,Christian,Single,Heterosexual,No,missing,English,majority,DevOps Engineer,20,Bachelor's,Tier 3,0.8497889583765442,0.8664379153011499,Ahmed,Morgan,2026-04-01,LinkedIn,Yes,0.8497889583765442,,0.9474015055608831
A00343,29,Male,White,USA,Christian,Single,Heterosexual,No,missing,Spanish,majority,Senior Software Engineer,6,Bachelor's,Tier 3,0.12466479726861746,0.657022795683011,Smith,Skyler,2026-04-01,Direct,No,0.12466479726861746,,0.11482837716533162
A00344,38,Male,Asian,India,Hindu,Single,Heterosexual,No,missing,English,majority,DevOps Engineer,8,Bachelor's,Tier 2,0.9188271719324407,0.981451821038831,Hernandez,Skyler,2026-04-01,Indeed,Yes,0.9188271719324407,,0.8891768820853599
A00345,58,Male,White,USA,Muslim,Married,Prefer not to say,No,missing,English,majority,DevOps Engineer,24,Bachelor's,missing,0.008960695819205111,0.011854175052405491,Williams,Jordan,2026-04-01,LinkedIn,No,0.008960695819205111,,-0.05870085741994198
A00346,42,Male,White,USA,Christian,Single,Heterosexual,No,missing,English,majority,Sales Representative,6,Master's,Tier 1,0.7170161895544116,0.18804256214509096,Kim,Sam,2026-04-01,Direct,No,0.7170161895544116,,0.719101543571729
A00347,39,Male,White,USA,Christian,Single,Heterosexual,No,Hearing,English,minority,Software Engineer,3,Bachelor's,Tier 2,0.3665158547509457,0.2550032028479594,Chen,Taylor,2026-04-01,LinkedIn,No,0.3665158547509457,B7,0.44047306529686103
A00348,25,Male,Black,USA,Christian,Single,Heterosexual,Yes,missing,Farsi,minority,UX Designer,7,Master's,Tier 3,0.24621126812705363,0.522114282617835,Brown,Skyler,2026-04-01,Direct,No,0.24621126812705363,,0.2941910371970969
A00349,45,Male,White,USA,Christian,Single,LGBTQ+,No,missing,English,majority,Data Scientist,6,Bachelor's,Tier 1,0.13314803075271608,0.53148809085944,Johnson,Taylor,2026-04-01,Referral,No,0.13314803075271608,,0.08604346868181821
A00350,45,Male,White,USA,Christian,Single,Heterosexual,No,missing,English,minority,Product Manager,12,PhD,Tier 2,0.41726542049513327,0.5365747428076036,Chen,Casey,2026-04-01,LinkedIn,No,0.41726542049513327,,0.37449665130350346
A00351,59,Male,White,USA,Muslim,Single,Heterosexual,No,missing,English,minority,Sales Representative,4,Bachelor's,Tier 1,0.8502004544512152,0.23411663883921952,Diallo,Riley,2026-04-01,Referral,Yes,0.8502004544512152,,0.824991892984167
A00352,62,Male,White,USA,Christian,Divorced,LGBTQ+,No,missing,English,majority,ML Engineer,5,Master's,Tier 1,0.11297341287720775,0.451546282322672,Lee,Sam,2026-04-01,Direct,No,0.11297341287720775,,0.12758681700197483
A00353,25,Female,White,USA,missing,Married,LGBTQ+,No,missing,English,minority,Software Engineer,12,Associates,Tier 2,0.6374578382337466,0.06461950199785738,Nguyen,Taylor,2026-04-01,Referral,No,0.6374578382337466,,0.6271922668785623
A00354,60,Male,White,Egypt,Jewish,Married,Heterosexual,No,missing,Mandarin,majority,Product Manager,7,Bachelor's,Tier 3,0.16902150126647786,0.6613896559572234,Kim,Casey,2026-04-01,LinkedIn,No,0.16902150126647786,,0.1797441985386319
A00355,40,Non-binary,Hispanic,USA,Christian,Single,Heterosexual,No,missing,English,minority,Business Analyst,11,Bachelor's,Tier 1,0.9363723821797683,0.30613150194330174,Smith,Alex,2026-04-01,Direct,Yes,0.9363723821797683,,0.9512093510820406
A00356,46,Female,Hispanic,USA,Christian,Divorced,Heterosexual,No,missing,English,majority,Software Engineer,7,Bachelor's,Tier 1,0.689687171908756,0.932683495873076,Williams,Skyler,2026-04-01,Direct,No,0.689687171908756,,0.6747484925748336
A00357,57,Female,White,USA,Christian,Divorced,LGBTQ+,No,Visual,Vietnamese,majority,Product Manager,10,Bachelor's,Tier 2,0.8540154177110485,0.6514665217356866,Smith,Skyler,2026-04-01,Indeed,No,0.8540154177110485,B7,0.8520067206309013
A00358,38,Female,Middle Eastern,USA,Christian,Married,Heterosexual,No,Cognitive/Neurodivergent,English,minority,Software Engineer,14,Bachelor's,Tier 3,0.988569950907856,0.586344233903778,Ahmed,Skyler,2026-04-01,Indeed,Yes,0.988569950907856,B7,0.9988995697686578
A00359,38,Female,Hispanic,India,Christian,Married,Heterosexual,No,missing,English,majority,DevOps Engineer,18,Master's,Tier 3,0.5487617661032717,0.6286714512753729,Singh,Taylor,2026-04-01,Direct,No,0.5487617661032717,,0.5445632809266129
A00360,36,Female,Hispanic,USA,Christian,Single,Heterosexual,No,missing,English,minority,Sales Representative,12,Master's,Tier 1,0.3934496365250624,0.36260047588578737,Cohen,Morgan,2026-04-01,Direct,No,0.3934496365250624,,0.4186256797747649
A00361,59,Female,Asian,USA,missing,Single,Heterosexual,No,missing,English,majority,Business Analyst,18,Associates,Tier 2,0.5206433117361772,0.3079366428790389,Kim,Morgan,2026-04-01,LinkedIn,No,0.5206433117361772,,0.6141871004025774
A00362,44,Female,White,USA,Hindu,Single,Heterosexual,No,Cognitive/Neurodivergent,Vietnamese,minority,Marketing Manager,23,Bachelor's,missing,0.8468642020240588,0.004184962200421305,Okafor,Riley,2026-04-01,Indeed,No,0.8468642020240588,B7,0.8764628162626003
A00363,54,Female,Middle Eastern,USA,Hindu,Single,Heterosexual,No,Mobility,English,majority,Senior Software Engineer,7,High School,Tier 1,0.24580854572362953,0.24650965630176258,Hernandez,Skyler,2026-04-01,Referral,No,0.24580854572362953,B7,0.24859907304405712
A00364,56,Female,Black,USA,missing,Single,Heterosexual,No,missing,English,majority,ML Engineer,4,Master's,missing,0.2750830695379851,0.758450545812599,Wang,Skyler,2026-04-01,Indeed,No,0.2750830695379851,,0.19077713836988935
A00365,37,Male,Middle Eastern,USA,Christian,Single,Heterosexual,No,missing,Vietnamese,minority,DevOps Engineer,9,Master's,Tier 2,0.7736615961118211,0.33056848296923225,Wang,Sam,2026-04-01,LinkedIn,Yes,0.7736615961118211,,0.7930594504125812
A00366,37,Male,White,USA,Muslim,Married,Heterosexual,No,missing,English,majority,Business Analyst,13,Bachelor's,Tier 1,0.9749270557257005,0.2919503455101452,Brown,Sam,2026-04-01,Indeed,Yes,0.9749270557257005,,0.87759313513734
A00367,44,Male,White,USA,missing,Single,Heterosexual,No,missing,Spanish,minority,Business Analyst,22,Bachelor's,Tier 1,0.3230329945531153,0.7024370804224049,Diallo,Jordan,2026-04-01,LinkedIn,No,0.3230329945531153,,0.2525812902453092
A00368,36,Male,Black,USA,Hindu,missing,LGBTQ+,No,missing,Spanish,majority,Senior Software Engineer,5,Master's,Tier 2,0.610819796026125,0.06565444401036902,Khan,Skyler,2026-04-01,LinkedIn,No,0.610819796026125,,0.6535517586495633
A00369,21,Male,Black,USA,Christian,Married,Heterosexual,No,missing,English,majority,Software Engineer,0,Bachelor's,Tier 2,0.23396523711108774,0.15584453954530875,Diallo,Sam,2026-04-01,Indeed,No,0.23396523711108774,,0.26927699011792094
A00370,26,Female,White,Mexico,Christian,Single,Heterosexual,No,Mobility,Spanish,majority,Business Analyst,1,Bachelor's,missing,0.38487805080894566,0.35899752602375434,Nguyen,Alex,2026-04-01,Referral,No,0.38487805080894566,B7,0.3773811008915014
A00371,21,Male,White,USA,Christian,Single,Heterosexual,No,Cognitive/Neurodivergent,English,minority,Software Engineer,3,Master's,Tier 3,0.9371345448426842,0.689016092087794,Khan,Casey,2026-04-01,Direct,Yes,0.9371345448426842,B7,0.8516339895350734
A00372,49,Non-binary,White,USA,Muslim,Married,LGBTQ+,No,missing,English,majority,Software Engineer,22,Bachelor's,Tier 3,0.12998336712840952,0.6348303441063498,Brown,Sam,2026-04-01,Direct,No,0.12998336712840952,,0.111415941283867
A00373,24,Male,Asian,Iran,Jewish,Single,Heterosexual,No,missing,English,majority,ML Engineer,23,Bachelor's,Tier 2,0.7131047581224021,0.0855236262163529,Wang,Riley,2026-04-01,Referral,No,0.7131047581224021,,0.679167842211601
A00374,30,Female,White,USA,Christian,Married,LGBTQ+,No,missing,English,majority,Senior Software Engineer,24,Associates,Tier 1,0.3978781263058384,0.1172516096828895,Garcia,Riley,2026-04-01,LinkedIn,No,0.3978781263058384,,0.42972016361234894
A00375,41,Male,Asian,Egypt,Christian,Married,Heterosexual,No,missing,English,majority,ML Engineer,21,Bachelor's,Tier 2,0.1027324297028065,0.1495064226445325,Smith,Riley,2026-04-01,LinkedIn,No,0.1027324297028065,,0.21561895632418307
A00376,42,Female,White,USA,Christian,Single,Heterosexual,Yes,Hearing,Mandarin,majority,Software Engineer,7,High School,Tier 3,0.33798712820415544,0.6747350082174701,Lee,Alex,2026-04-01,LinkedIn,No,0.33798712820415544,B7,0.34883365260188826
A00377,44,Female,White,Mexico,Hindu,Single,Heterosexual,No,missing,English,majority,UX Designer,1,Bachelor's,Tier 2,0.8559879194979618,0.9130560941235939,Chen,Jordan,2026-04-01,Referral,Yes,0.8559879194979618,,0.817022363096356
A00378,40,Male,Hispanic,USA,Christian,Single,Heterosexual,No,missing,English,majority,ML Engineer,7,Bachelor's,Tier 2,0.5173917399809118,0.6717863865103139,Patel,Skyler,2026-04-01,Indeed,No,0.5173917399809118,,0.4588641634657508
A00379,62,Female,Asian,USA,Muslim,Married,Heterosexual,No,missing,English,majority,Software Engineer,18,Bachelor's,Tier 2,0.8582938282420534,0.06679969515086681,Nguyen,Riley,2026-04-01,Direct,Yes,0.8582938282420534,,0.8554891142036397
A00380,53,Female,Hispanic,USA,Muslim,Married,Heterosexual,No,missing,English,majority,UX Designer,13,Bachelor's,Tier 2,0.5612465474351109,0.4371725731104925,Nguyen,Jordan,2026-04-01,Indeed,No,0.5612465474351109,,0.5524068877594316
A00381,46,Male,Middle Eastern,USA,Christian,Single,Heterosexual,No,missing,English,majority,ML Engineer,16,Master's,Tier 2,0.23248721486544244,0.24137434992278062,Brown,Casey,2026-04-01,Referral,No,0.23248721486544244,,0.17491125688906886
A00382,32,Male,Hispanic,USA,Christian,Married,Heterosexual,No,missing,English,majority,Product Manager,9,Master's,Tier 3,0.12352285358653647,0.12623156209792008,Nguyen,Morgan,2026-04-01,LinkedIn,No,0.12352285358653647,,0.1293406153711457
A00383,37,Male,Black,USA,Christian,Single,Heterosexual,No,missing,English,majority,UX Designer,21,Bachelor's,Tier 3,0.4654657530392138,0.14402843531327614,Smith,Jordan,2026-04-01,Referral,No,0.4654657530392138,,0.4079200769736707
A00384,33,Female,White,USA,Christian,Married,Heterosexual,Yes,Cognitive/Neurodivergent,Spanish,majority,Product Manager,6,Bachelor's,Tier 2,0.6278720668045205,0.3428033800214346,Okafor,Sam,2026-04-01,Indeed,No,0.6278720668045205,B7,0.6834774303909855
A00385,27,Male,White,Mexico,Christian,Divorced,Heterosexual,No,missing,English,majority,Sales Representative,0,Bachelor's,Tier 2,0.9519294897847348,0.471687814559293,Hernandez,Jordan,2026-04-01,Referral,Yes,0.9519294897847348,,1.0050620200741425
A00386,38,Male,White,USA,Christian,Divorced,LGBTQ+,No,missing,Vietnamese,minority,Data Scientist,19,Associates,Tier 2,0.08649869184353431,0.13657748526823943,Khan,Taylor,2026-04-01,Direct,No,0.08649869184353431,,0.14073625510835536
A00387,61,Non-binary,White,Vietnam,missing,Single,Heterosexual,No,missing,English,minority,DevOps Engineer,10,Master's,missing,0.720250079974046,0.7476335233848348,Nguyen,Casey,2026-04-01,Indeed,No,0.720250079974046,,0.6965475564436195
A00388,57,Female,White,India,Christian,Single,Heterosexual,No,Cognitive/Neurodivergent,Vietnamese,majority,DevOps Engineer,23,Bachelor's,Tier 3,0.18895962445920256,0.24860866638938095,Khan,Morgan,2026-04-01,Indeed,No,0.18895962445920256,B7,0.214685652625107
A00389,23,Female,White,USA,Christian,Divorced,Heterosexual,No,missing,English,minority,Senior Software Engineer,19,High School,Tier 2,0.7273641846069885,0.317717011032538,Diallo,Casey,2026-04-01,Indeed,No,0.7273641846069885,,0.7207607093460207
A00390,25,Female,White,USA,missing,Single,Heterosexual,No,missing,English,minority,Business Analyst,9,Bachelor's,Tier 1,0.9787421513749113,0.5900859995197238,Patel,Morgan,2026-04-01,Direct,Yes,0.9787421513749113,,0.9593015483047872
A00391,31,Female,White,USA,Muslim,Married,Heterosexual,No,missing,Mandarin,majority,Sales Representative,2,Bachelor's,Tier 3,0.3373482220731755,0.5179111646121258,Okafor,Morgan,2026-04-01,LinkedIn,No,0.3373482220731755,,0.3203909392160722
A00392,36,Female,Hispanic,USA,missing,Married,LGBTQ+,Yes,missing,English,majority,UX Designer,8,Bachelor's,Tier 3,0.38731936995415683,0.39271164885167786,Diallo,Morgan,2026-04-01,Referral,No,0.38731936995415683,,0.3223336063024493
A00393,26,Female,White,USA,missing,Single,Heterosexual,No,missing,English,majority,Sales Representative,16,Master's,missing,0.6924000547442264,0.36249826479189307,Khan,Casey,2026-04-01,Referral,No,0.6924000547442264,,0.6202068699494703
A00394,52,Female,Hispanic,USA,missing,Married,LGBTQ+,No,Hearing,English,minority,Sales Representative,17,Bachelor's,Tier 3,0.9603956823658041,0.9065965191356309,Diallo,Morgan,2026-04-01,Direct,No,0.9603956823658041,B7,1.0001114219096063
A00395,44,Female,White,USA,Muslim,Married,LGBTQ+,No,missing,English,minority,Business Analyst,24,Master's,Tier 2,0.41249135606599163,0.3239523797511631,Wang,Sam,2026-04-01,Indeed,No,0.41249135606599163,,0.40292958587001565
A00396,46,Male,Hispanic,USA,Christian,Married,Heterosexual,No,missing,English,majority,Data Scientist,11,Bachelor's,Tier 2,0.9348920844900254,0.18798595052240563,Cohen,Riley,2026-04-01,Direct,Yes,0.9348920844900254,,0.9457133270464065
A00397,24,Female,Black,USA,Christian,Married,Heterosexual,No,Mobility,English,majority,Software Engineer,12,Bachelor's,Tier 3,0.06531355843143205,0.5521945392678503,Chen,Skyler,2026-04-01,LinkedIn,No,0.06531355843143205,B7,0.11539907785413805
A00398,32,Female,White,USA,Christian,Single,Heterosexual,No,missing,Spanish,majority,Senior Software Engineer,0,Bachelor's,missing,0.9330121847170086,0.548371934811378,Johnson,Skyler,2026-04-01,Referral,Yes,0.9330121847170086,,0.8463555599662049
A00399,25,Male,Middle Eastern,USA,Christian,Single,Heterosexual,No,missing,English,majority,Data Scientist,21,Master's,Tier 2,0.8016697217657075,0.4936771450533919,Williams,Morgan,2026-04-01,Indeed,Yes,0.8016697217657075,,0.7624632180749128
A00400,36,Female,White,USA,Christian,Single,LGBTQ+,No,missing,English,minority,UX Designer,23,Master's,Tier 2,0.4771754033268051,0.12597707976135974,Singh,Alex,2026-04-01,Direct,No,0.4771754033268051,,0.4859421455000586
A00401,39,Male,Hispanic,USA,Christian,Married,Prefer not to say,No,Hearing,Mandarin,majority,Marketing Manager,19,Bachelor's,Tier 1,0.32470040333659467,0.8152897833812087,Lee,Taylor,2026-04-01,Direct,No,0.32470040333659467,B7,0.34430514266987333
A00402,23,Male,White,USA,Christian,Divorced,Heterosexual,No,Cognitive/Neurodivergent,English,minority,Data Scientist,12,Master's,Tier 3,0.81989355265241,0.24678853351525742,Wang,Riley,2026-04-01,Referral,No,0.81989355265241,B7,0.8010398301323552
A00403,49,Female,White,USA,missing,Single,Heterosexual,No,missing,English,majority,UX Designer,7,Master's,Tier 2,0.11881961799087415,0.2932642995893381,Ahmed,Sam,2026-04-01,Indeed,No,0.11881961799087415,,0.1702785796257666
A00404,56,Male,White,USA,Christian,missing,Heterosexual,No,missing,English,majority,ML Engineer,3,Bachelor's,Tier 2,0.25313654536832986,0.32927502754078364,Rodriguez,Alex,2026-04-01,Direct,No,0.25313654536832986,,0.2636562923098117
A00405,21,Male,White,USA,Christian,Married,Heterosexual,Yes,missing,English,majority,Senior Software Engineer,11,Master's,Tier 2,0.36324916376185623,0.4053388860755839,Singh,Morgan,2026-04-01,LinkedIn,No,0.36324916376185623,,0.30258005682046324
A00406,56,Male,White,USA,missing,Single,Heterosexual,No,missing,Spanish,majority,DevOps Engineer,11,Bachelor's,Tier 2,0.9396256667638687,0.9755417049566294,Diallo,Skyler,2026-04-01,Indeed,Yes,0.9396256667638687,,0.8930874779643364
A00407,37,Female,Hispanic,USA,missing,Married,Heterosexual,No,missing,English,minority,Data Scientist,19,Bachelor's,Tier 1,0.8791071156684108,0.26637970660703614,Patel,Sam,2026-04-01,Indeed,Yes,0.8791071156684108,,0.919380668693142
A00408,47,Female,White,USA,Christian,missing,Heterosexual,No,Hearing,English,majority,UX Designer,12,Master's,Tier 2,0.5885599986293735,0.991241204468684,Smith,Alex,2026-04-01,Direct,No,0.5885599986293735,B7,0.6117515714521765
A00409,33,Male,White,China,Muslim,Married,Heterosexual,No,missing,Spanish,minority,Data Scientist,6,Associates,Tier 2,0.8988390656070466,0.8340517609393442,Lee,Casey,2026-04-01,Indeed,Yes,0.8988390656070466,,0.8038860036567166
A00410,41,Male,Hispanic,USA,missing,Single,Heterosexual,No,Hearing,English,minority,Sales Representative,16,Bachelor's,Tier 3,0.48179995622242056,0.9531373576368389,Wang,Sam,2026-04-01,Indeed,No,0.48179995622242056,B7,0.549185571415541
A00411,30,Male,Hispanic,USA,missing,Divorced,Heterosexual,No,missing,English,majority,Data Scientist,4,Bachelor's,missing,0.6988881865027298,0.2350993298967523,Garcia,Jordan,2026-04-01,Direct,No,0.6988881865027298,,0.7287895380574242
A00412,53,Male,Black,USA,Muslim,Married,Heterosexual,No,missing,Hindi,minority,Marketing Manager,17,Bachelor's,Tier 2,0.8702701412250017,0.6504025408494463,Patel,Casey,2026-04-01,Indeed,Yes,0.8702701412250017,,0.9374372906098266
A00413,41,Female,Black,USA,Christian,Single,Heterosexual,No,missing,English,minority,Data Scientist,12,PhD,Tier 3,0.8888963803624806,0.5491283553291924,Khan,Skyler,2026-04-01,Direct,Yes,0.8888963803624806,,0.8697113363087264
A00414,51,Female,White,USA,Christian,Married,Heterosexual,No,missing,Spanish,majority,Data Scientist,8,Master's,Tier 2,0.843885735624031,0.8817811463284044,Okafor,Taylor,2026-04-01,LinkedIn,Yes,0.843885735624031,,0.8291004245574147
A00415,62,Female,White,USA,Christian,Married,Heterosexual,No,missing,English,majority,Data Scientist,14,Bachelor's,Tier 3,0.29127275376063244,0.030729981636465786,Ahmed,Alex,2026-04-01,Indeed,No,0.29127275376063244,,0.2349498995230665
A00416,33,Male,White,USA,Christian,Single,Heterosexual,No,Hearing,English,majority,UX Designer,10,PhD,Tier 3,0.47706720726692364,0.8017971518234829,Nguyen,Skyler,2026-04-01,Indeed,No,0.47706720726692364,B7,0.603913685773518
A00417,38,Male,Hispanic,USA,Hindu,Single,Heterosexual,No,missing,English,majority,Business Analyst,6,Bachelor's,missing,0.8315267538389324,0.4560248653152632,Brown,Jordan,2026-04-01,Referral,Yes,0.8315267538389324,,0.822754042568575
A00418,62,Male,Asian,USA,Christian,Married,LGBTQ+,No,missing,English,minority,Senior Software Engineer,11,Master's,Tier 3,0.9318448925830621,0.3036923239509738,Brown,Casey,2026-04-01,Referral,Yes,0.9318448925830621,,1.0112215521871595
A00419,54,Male,White,USA,Christian,Single,Heterosexual,No,missing,English,majority,Software Engineer,12,Bachelor's,Tier 2,0.4947119821706423,0.08972590407627323,Rodriguez,Riley,2026-04-01,Direct,No,0.4947119821706423,,0.4623473596012783
A00420,32,Female,White,USA,missing,Single,Heterosexual,No,Hearing,English,majority,Product Manager,15,Bachelor's,Tier 3,0.8854730945023056,0.2178259069564168,Rodriguez,Jordan,2026-04-01,Indeed,Yes,0.8854730945023056,B7,0.8936651541189606
A00421,59,Female,White,Mexico,Christian,Single,LGBTQ+,No,missing,English,minority,Product Manager,14,Master's,Tier 2,0.8762707024385398,0.250613348338777,Okafor,Sam,2026-04-01,Referral,Yes,0.8762707024385398,,0.7927030781100357
A00422,41,Male,Asian,China,Christian,Married,Heterosexual,No,Hearing,Hindi,majority,Data Scientist,19,Bachelor's,missing,0.9287074961226692,0.6135397425084416,Ahmed,Morgan,2026-04-01,Referral,No,0.9287074961226692,B7,0.9095641386843307
A00423,56,Male,White,USA,Christian,missing,Heterosexual,No,Mobility,English,majority,Data Scientist,1,Associates,Tier 3,0.7821205670833169,0.4753283543650154,Chen,Jordan,2026-04-01,Indeed,No,0.7821205670833169,B7,0.8313083125033183
A00424,37,Male,White,USA,Muslim,Single,Heterosexual,No,missing,English,minority,Software Engineer,21,Master's,Tier 3,0.19935101339865613,0.8488293552506629,Khan,Skyler,2026-04-01,Referral,No,0.19935101339865613,,0.1367638226199313
A00425,59,Female,White,USA,Buddhist,Married,Heterosexual,No,missing,English,majority,DevOps Engineer,23,Bachelor's,Tier 2,0.9990216340063645,0.8416333893098474,Wang,Casey,2026-04-01,Referral,Yes,0.9990216340063645,,1.052633011253095
A00426,41,Female,White,USA,missing,Married,Heterosexual,No,missing,English,majority,ML Engineer,2,Bachelor's,Tier 3,0.4966974971796869,0.09778066424287135,Nguyen,Skyler,2026-04-01,Indeed,No,0.4966974971796869,,0.5135593879721101
A00427,59,Female,White,USA,missing,Single,Heterosexual,No,Hearing,English,minority,Business Analyst,3,Bachelor's,Tier 2,0.9360183428368927,0.4503524052453374,Ahmed,Casey,2026-04-01,Referral,No,0.9360183428368927,B7,0.8838207965876799
A00428,20,Male,Asian,USA,missing,missing,Heterosexual,No,missing,English,majority,DevOps Engineer,6,Bachelor's,Tier 1,0.9169944978723512,0.14882665020903618,Chen,Taylor,2026-04-01,LinkedIn,Yes,0.9169944978723512,,0.8919146343010675
A00429,42,Male,Hispanic,USA,Christian,Single,Heterosexual,No,missing,English,majority,DevOps Engineer,0,Master's,Tier 2,0.1339887446219209,0.413347836160612,Khan,Morgan,2026-04-01,Direct,No,0.1339887446219209,,0.11103546078665023
A00430,49,Female,White,USA,Christian,Single,LGBTQ+,No,missing,English,majority,UX Designer,21,Bachelor's,Tier 3,0.49534820483886854,0.5726455907781159,Johnson,Riley,2026-04-01,LinkedIn,No,0.49534820483886854,,0.49287223794174345
A00431,23,Male,White,USA,missing,Single,Heterosexual,No,missing,English,majority,Senior Software Engineer,6,Bachelor's,missing,0.7638652090322227,0.5966799702707747,Johnson,Riley,2026-04-01,Direct,Yes,0.7638652090322227,,0.737058010735068
A00432,44,Male,White,USA,Christian,missing,Heterosexual,No,missing,English,minority,UX Designer,8,Bachelor's,Tier 1,0.010720683328487968,0.5046573257262702,Kim,Taylor,2026-04-01,LinkedIn,No,0.010720683328487968,,-0.03064371171173886
A00433,37,Male,White,USA,Christian,Married,Heterosexual,No,missing,English,majority,Data Scientist,14,Master's,Tier 1,0.28482032013054726,0.5683549517424674,Lee,Sam,2026-04-01,Direct,No,0.28482032013054726,,0.2695909350048064
A00434,32,Male,White,USA,missing,Married,Heterosexual,No,missing,English,minority,UX Designer,9,Associates,Tier 1,0.5944123515857065,0.6792084064636582,Garcia,Morgan,2026-04-01,Referral,No,0.5944123515857065,,0.543067864655254
A00435,44,Female,Black,Mexico,Muslim,Single,LGBTQ+,No,missing,English,majority,Sales Representative,16,Bachelor's,Tier 3,0.6281353550495102,0.30807026175802676,Kim,Skyler,2026-04-01,LinkedIn,No,0.6281353550495102,,0.5636590264173564
A00436,43,Female,White,USA,Christian,Single,Heterosexual,No,Mobility,Mandarin,majority,Software Engineer,7,Bachelor's,Tier 2,0.6039872600850266,0.9676796948224746,Nguyen,Taylor,2026-04-01,Indeed,No,0.6039872600850266,B7,0.6015784359596587
A00437,53,Male,Asian,USA,Muslim,Married,LGBTQ+,No,Cognitive/Neurodivergent,Spanish,majority,Software Engineer,4,Associates,Tier 3,0.043888028810770474,0.7249742131380532,Khan,Casey,2026-04-01,Indeed,No,0.043888028810770474,B7,0.0880317400884989
A00438,52,Male,White,USA,Christian,Single,Heterosexual,No,Mobility,Spanish,majority,Senior Software Engineer,22,Bachelor's,missing,0.13663261144692762,0.4395550513304889,Ahmed,Taylor,2026-04-01,Referral,No,0.13663261144692762,B7,0.06016402619105937
A00439,46,Female,Middle Eastern,USA,Christian,Married,Heterosexual,No,missing,English,majority,UX Designer,15,Bachelor's,Tier 2,0.9662135701169334,0.9647288359163478,Nguyen,Sam,2026-04-01,LinkedIn,Yes,0.9662135701169334,,0.9663889776901314
A00440,60,Male,White,Mexico,missing,Single,Heterosexual,Yes,missing,English,majority,Software Engineer,13,Bachelor's,Tier 2,0.7466198825876379,0.9768766865950773,Khan,Riley,2026-04-01,Indeed,Yes,0.7466198825876379,,0.7141220728475731
A00441,42,Male,Black,USA,Christian,Single,Prefer not to say,No,Visual,English,majority,DevOps Engineer,12,Bachelor's,Tier 1,0.24506278130996617,0.3414910282813941,Garcia,Morgan,2026-04-01,Direct,No,0.24506278130996617,B7,0.19620550945323167
A00442,53,Male,Hispanic,USA,Christian,Single,LGBTQ+,No,Cognitive/Neurodivergent,English,majority,Sales Representative,16,Bachelor's,Tier 2,0.9273686899059504,0.5630030994880377,Singh,Riley,2026-04-01,Direct,No,0.9273686899059504,B7,0.9700405725416814
A00443,53,Female,White,USA,Christian,Single,Heterosexual,No,Cognitive/Neurodivergent,English,majority,UX Designer,7,Bachelor's,Tier 1,0.4194523592608732,0.18820791497475609,Smith,Jordan,2026-04-01,Direct,No,0.4194523592608732,B7,0.3935438748063399
A00444,27,Male,Hispanic,USA,Christian,Divorced,Heterosexual,No,Cognitive/Neurodivergent,English,minority,ML Engineer,20,Bachelor's,Tier 3,0.04952417627026917,0.7701565407187717,Johnson,Jordan,2026-04-01,LinkedIn,No,0.04952417627026917,B7,0.12443926042351315
A00445,41,Male,White,USA,Christian,Single,Heterosexual,No,missing,English,majority,Data Scientist,18,Bachelor's,missing,0.5893710932565139,0.4659023037379828,Khan,Casey,2026-04-01,Direct,No,0.5893710932565139,,0.5503791250491943
A00446,44,Female,White,USA,Christian,Married,Heterosexual,No,missing,English,minority,Marketing Manager,19,Bachelor's,Tier 2,0.8749492358648244,0.8028606851714198,Brown,Casey,2026-04-01,Indeed,Yes,0.8749492358648244,,0.894274335546116
A00447,37,Male,White,USA,Christian,Single,Heterosexual,No,missing,Mandarin,minority,DevOps Engineer,14,Bachelor's,missing,0.8562817872453412,0.1765013801579659,Smith,Skyler,2026-04-01,Direct,Yes,0.8562817872453412,,0.844917636917481
A00448,42,Male,White,Mexico,Christian,Single,Heterosexual,No,missing,English,majority,Sales Representative,2,Bachelor's,Tier 2,0.4563718760363128,0.1565878348250188,Rodriguez,Skyler,2026-04-01,Direct,No,0.4563718760363128,,0.41867078557999465
A00449,37,Male,Hispanic,USA,Muslim,Single,Heterosexual,No,missing,English,minority,Business Analyst,23,Associates,Tier 2,0.7765362016502217,0.6237342624863021,Patel,Jordan,2026-04-01,Direct,Yes,0.7765362016502217,,0.8059199537791094
A00450,25,Male,White,USA,Christian,Single,Heterosexual,No,missing,English,majority,Marketing Manager,22,Bachelor's,Tier 3,0.6804057517369783,0.9607266404966759,Patel,Skyler,2026-04-01,LinkedIn,No,0.6804057517369783,,0.6726566230832379
A00451,20,Male,Hispanic,USA,Christian,Single,Heterosexual,No,missing,English,majority,Senior Software Engineer,0,PhD,Tier 2,0.5611355084944176,0.9278091529080646,Ahmed,Alex,2026-04-01,Referral,No,0.5611355084944176,,0.5912960375301
A00452,41,Male,White,USA,Muslim,Single,Heterosexual,No,missing,English,majority,Senior Software Engineer,21,Bachelor's,Tier 2,0.0007990153424807245,0.6432298437358,Ahmed,Sam,2026-04-01,Indeed,No,0.0007990153424807245,,-0.0015655600183690785
A00453,57,Male,White,USA,Christian,Divorced,Heterosexual,No,missing,English,majority,Software Engineer,20,Bachelor's,Tier 2,0.05845547219981695,0.5949898755905579,Patel,Riley,2026-04-01,Direct,No,0.05845547219981695,,0.004164659434745033
A00454,52,Female,White,USA,Christian,missing,Heterosexual,No,missing,English,majority,Marketing Manager,2,PhD,Tier 2,0.032451487715044025,0.8165420405619329,Cohen,Jordan,2026-04-01,Referral,No,0.032451487715044025,,0.027348025555598676
A00455,47,Male,Asian,USA,Jewish,Single,Heterosexual,No,missing,English,majority,Product Manager,5,Bachelor's,Tier 1,0.4901926367170101,0.7323812632802957,Singh,Sam,2026-04-01,LinkedIn,No,0.4901926367170101,,0.4927903951928171
A00456,62,Male,Asian,USA,Christian,Single,Heterosexual,No,Mobility,Spanish,majority,Sales Representative,16,Bachelor's,Tier 3,0.34513044272489324,0.33052031928202574,Cohen,Skyler,2026-04-01,Referral,No,0.34513044272489324,B7,0.3930535904189531
A00457,24,Female,White,USA,Christian,Single,Heterosexual,No,missing,Spanish,minority,Marketing Manager,2,Bachelor's,Tier 1,0.5543850876517663,0.2842583958364755,Chen,Skyler,2026-04-01,Direct,No,0.5543850876517663,,0.5090716372850074
A00458,34,Non-binary,White,USA,Christian,Married,LGBTQ+,No,missing,Farsi,majority,Sales Representative,8,Bachelor's,Tier 2,0.5540491012157497,0.9066371658130039,Okafor,Taylor,2026-04-01,Indeed,No,0.5540491012157497,,0.5520826085523844
A00459,50,Male,Middle Eastern,Mexico,Christian,Single,Heterosexual,No,missing,English,majority,Product Manager,20,Bachelor's,Tier 3,0.4033304904538747,0.24994208038173815,Khan,Alex,2026-04-01,Indeed,No,0.4033304904538747,,0.31723655394237277
A00460,34,Female,Asian,India,Christian,Married,Heterosexual,No,missing,English,minority,Sales Representative,9,Bachelor's,Tier 1,0.03246478516311957,0.8532188941735072,Rodriguez,Skyler,2026-04-01,LinkedIn,No,0.03246478516311957,,0.06503943818028535
A00461,45,Female,Black,USA,missing,Divorced,Heterosexual,No,missing,Vietnamese,majority,Software Engineer,13,Bachelor's,Tier 2,0.5106866370213268,0.39788829198924136,Singh,Taylor,2026-04-01,Direct,No,0.5106866370213268,,0.45661248828929446
A00462,54,Male,White,Vietnam,missing,Married,Heterosexual,Yes,missing,English,majority,Business Analyst,2,Bachelor's,Tier 3,0.09778982490114796,0.7188735450659194,Khan,Riley,2026-04-01,Indeed,No,0.09778982490114796,,0.00747184884696768
A00463,26,Male,Asian,Mexico,Christian,Single,Prefer not to say,No,missing,English,majority,Business Analyst,22,Bachelor's,Tier 1,0.8302554022175263,0.5221080950710835,Brown,Alex,2026-04-01,LinkedIn,Yes,0.8302554022175263,,0.8272945605037894
A00464,54,Female,White,USA,Christian,missing,LGBTQ+,No,missing,English,majority,Marketing Manager,24,Master's,Tier 2,0.8916955899710585,0.7311443307659392,Lee,Casey,2026-04-01,Direct,Yes,0.8916955899710585,,0.9469798379042008
A00465,27,Male,Hispanic,USA,Muslim,Single,Heterosexual,No,missing,English,majority,Data Scientist,11,Bachelor's,Tier 2,0.6340749217725258,0.7690314507964009,Khan,Riley,2026-04-01,Direct,No,0.6340749217725258,,0.557852574361932
A00466,55,Female,Asian,USA,Christian,Single,Heterosexual,Yes,missing,English,majority,Business Analyst,15,Bachelor's,Tier 1,0.9789030453940409,0.3255081330642965,Okafor,Casey,2026-04-01,Direct,Yes,0.9789030453940409,,0.9245012661246196
A00467,40,Female,White,USA,Christian,Married,Heterosexual,No,Mobility,Farsi,majority,Senior Software Engineer,5,Bachelor's,Tier 1,0.14288844188321204,0.25456022619653795,Singh,Alex,2026-04-01,Indeed,No,0.14288844188321204,B7,0.10572469733054797
A00468,21,Female,White,USA,missing,Single,Heterosexual,No,missing,English,majority,Business Analyst,18,Bachelor's,Tier 1,0.4863331002224921,0.13902471920144133,Brown,Jordan,2026-04-01,Referral,No,0.4863331002224921,,0.42985826790539194
A00469,60,Female,White,USA,Christian,Married,Heterosexual,No,missing,English,majority,UX Designer,14,PhD,Tier 3,0.9428442088862001,0.4145704152486702,Chen,Alex,2026-04-01,LinkedIn,Yes,0.9428442088862001,,0.9618156033029294
A00470,36,Female,White,USA,Christian,Married,LGBTQ+,No,Cognitive/Neurodivergent,English,majority,Senior Software Engineer,15,Master's,Tier 3,0.868992808402172,0.807883151139052,Cohen,Casey,2026-04-01,Direct,No,0.868992808402172,B7,0.8286244361499476
A00471,32,Male,Asian,USA,missing,Married,Heterosexual,No,Mobility,Hindi,majority,UX Designer,3,Master's,missing,0.709971720489401,0.1648745052786248,Smith,Riley,2026-04-01,Indeed,No,0.709971720489401,B7,0.6738959836663909
A00472,50,Female,White,USA,Christian,Single,Heterosexual,No,missing,English,minority,Marketing Manager,18,Bachelor's,Tier 2,0.9994356311823983,0.9492385864043092,Okafor,Riley,2026-04-01,Referral,Yes,0.9994356311823983,,1.0286009011165138
A00473,46,Male,Middle Eastern,USA,Christian,Married,Heterosexual,No,missing,English,minority,Marketing Manager,7,Bachelor's,Tier 1,0.9079370442869404,0.6948148209761535,Diallo,Morgan,2026-04-01,Referral,Yes,0.9079370442869404,,0.8701613127385063
A00474,59,Male,Native American,USA,Christian,Single,Heterosexual,No,missing,Spanish,majority,Data Scientist,4,Bachelor's,missing,0.36064172826629737,0.9072837502962042,Wang,Jordan,2026-04-01,LinkedIn,No,0.36064172826629737,,0.3822807331553335
A00475,57,Female,Asian,USA,Christian,Single,Heterosexual,No,missing,English,majority,Product Manager,16,Bachelor's,missing,0.19486655880223225,0.2218408221838425,Chen,Casey,2026-04-01,LinkedIn,No,0.19486655880223225,,0.1462973002081301
A00476,35,Male,White,USA,Christian,Married,Prefer not to say,No,Cognitive/Neurodivergent,Farsi,majority,Data Scientist,24,Bachelor's,Tier 3,0.712654718568971,0.9077876965145675,Okafor,Alex,2026-04-01,Direct,No,0.712654718568971,B7,0.6520477928582066
A00477,20,Female,Native American,USA,missing,Single,LGBTQ+,No,Visual,English,minority,Software Engineer,22,Master's,Tier 3,0.12442956113532666,0.574917838542509,Brown,Morgan,2026-04-01,Referral,No,0.12442956113532666,B7,0.032657096675780525
A00478,53,Male,White,USA,Muslim,Single,Heterosexual,No,missing,English,majority,Senior Software Engineer,20,Master's,Tier 1,0.16011444751729864,0.6198293384172682,Diallo,Taylor,2026-04-01,Direct,No,0.16011444751729864,,0.2531745868628851
A00479,35,Female,Hispanic,USA,Christian,Single,Heterosexual,No,missing,English,majority,Business Analyst,22,Bachelor's,Tier 1,0.7697584187243028,0.5798072557287596,Patel,Skyler,2026-04-01,Indeed,Yes,0.7697584187243028,,0.753745467117753
A00480,20,Female,White,USA,Christian,missing,Heterosexual,No,missing,English,majority,Marketing Manager,22,Master's,Tier 2,0.9951593721080528,0.6345886705064788,Nguyen,Sam,2026-04-01,LinkedIn,Yes,0.9951593721080528,,1.0073560405054742
A00481,54,Male,Asian,USA,Christian,Single,Heterosexual,Yes,missing,English,majority,DevOps Engineer,23,High School,Tier 3,0.8205884922855124,0.06116451473391271,Rodriguez,Alex,2026-04-01,Referral,Yes,0.8205884922855124,,0.8190360168364725
A00482,38,Female,Black,USA,Hindu,Single,Heterosexual,No,Visual,English,majority,Senior Software Engineer,0,Master's,Tier 2,0.5468173165347243,0.7771557171296304,Chen,Jordan,2026-04-01,Indeed,No,0.5468173165347243,B7,0.5548154043850875
A00483,22,Male,Native American,USA,Christian,Married,Heterosexual,No,missing,Farsi,majority,ML Engineer,17,Bachelor's,Tier 2,0.7588455975944902,0.9650312186296841,Cohen,Taylor,2026-04-01,Indeed,Yes,0.7588455975944902,,0.7613299215632089
A00484,42,Female,Asian,USA,Christian,Single,Heterosexual,No,missing,English,minority,Business Analyst,11,Bachelor's,Tier 3,0.7942384210249664,0.03639638334635975,Hernandez,Casey,2026-04-01,Direct,Yes,0.7942384210249664,,0.8896492729851013
A00485,24,Non-binary,Asian,USA,missing,Married,Heterosexual,No,missing,English,majority,Business Analyst,4,Master's,Tier 3,0.7877884230448429,0.08733617520211312,Lee,Casey,2026-04-01,Indeed,Yes,0.7877884230448429,,0.7358420934969855
A00486,55,Male,Hispanic,Egypt,Christian,Married,Heterosexual,No,Visual,English,minority,UX Designer,7,Bachelor's,Tier 2,0.810550979506531,0.35224206177892736,Nguyen,Skyler,2026-04-01,Direct,No,0.810550979506531,B7,0.7326778742016221
A00487,42,Male,Black,USA,Christian,Single,Heterosexual,No,missing,English,minority,Business Analyst,19,Bachelor's,Tier 3,0.47103761719937054,0.765779796159853,Garcia,Sam,2026-04-01,Referral,No,0.47103761719937054,,0.4204396337751528
A00488,45,Male,Asian,Mexico,Christian,Single,Heterosexual,No,missing,English,majority,Senior Software Engineer,2,Bachelor's,missing,0.9971645266429591,0.44611178121116013,Lee,Alex,2026-04-01,Indeed,Yes,0.9971645266429591,,0.9304290761550318
A00489,62,Male,White,Iran,Jewish,Single,Heterosexual,No,missing,Vietnamese,majority,DevOps Engineer,17,Bachelor's,Tier 2,0.7264848814395046,0.6387490138171377,Hernandez,Morgan,2026-04-01,Direct,No,0.7264848814395046,,0.7638329840636018
A00490,56,Female,Middle Eastern,USA,Muslim,Married,Heterosexual,No,missing,English,majority,ML Engineer,18,Bachelor's,Tier 2,0.0691870963691753,0.93722007110073,Okafor,Riley,2026-04-01,Referral,No,0.0691870963691753,,0.11020600684606316
A00491,41,Female,Hispanic,USA,Christian,Divorced,Heterosexual,No,missing,English,majority,Product Manager,5,Bachelor's,Tier 1,0.32347380587258434,0.6033291901476111,Smith,Alex,2026-04-01,Indeed,No,0.32347380587258434,,0.275408028615068
A00492,32,Male,Asian,USA,Christian,Single,Heterosexual,No,missing,English,majority,Sales Representative,12,Associates,Tier 1,0.8887371015201493,0.39329391083808696,Hernandez,Alex,2026-04-01,Referral,Yes,0.8887371015201493,,0.8192153126969997
A00493,34,Male,Asian,USA,missing,Divorced,Heterosexual,No,missing,English,majority,ML Engineer,24,Master's,Tier 2,0.4010499565976917,0.4462677865926692,Okafor,Jordan,2026-04-01,Indeed,No,0.4010499565976917,,0.38331012394063696
A00494,20,Female,Hispanic,Iran,Christian,Single,Heterosexual,No,missing,English,majority,ML Engineer,8,Master's,Tier 3,0.8808047720038897,0.8387629115221015,Williams,Casey,2026-04-01,Indeed,Yes,0.8808047720038897,,0.9503609658977095
A00495,43,Male,White,USA,Christian,Single,Heterosexual,No,Visual,English,majority,ML Engineer,12,Master's,Tier 3,0.16534198512426024,0.6784932266128325,Johnson,Casey,2026-04-01,Direct,No,0.16534198512426024,B7,0.024363514234344436
A00496,60,Female,Native American,USA,Christian,Single,Heterosexual,No,missing,English,majority,Business Analyst,19,Bachelor's,Tier 3,0.3227923591347659,0.9441026901235312,Smith,Morgan,2026-04-01,Referral,No,0.3227923591347659,,0.3491236975855596
A00497,43,Female,White,USA,Muslim,Single,Heterosexual,No,missing,English,majority,DevOps Engineer,18,Bachelor's,Tier 2,0.4452323313534662,0.11228239083116487,Ahmed,Casey,2026-04-01,LinkedIn,No,0.4452323313534662,,0.39144456998103694
A00498,20,Female,Hispanic,USA,Jewish,Single,Heterosexual,No,Cognitive/Neurodivergent,English,minority,Data Scientist,6,Master's,Tier 2,0.9392974230306907,0.7234476615305426,Brown,Alex,2026-04-01,Indeed,Yes,0.9392974230306907,B7,0.9913157803577545
A00499,29,Female,White,USA,Christian,Single,Heterosexual,No,missing,English,majority,Product Manager,12,High School,Tier 2,0.9384064252627436,0.02356417615743056,Johnson,Alex,2026-04-01,Indeed,Yes,0.9384064252627436,,0.884510228218906
