applicant_id,age,gender,race_ethnicity,national_origin,religion,marital_status,sexual_orientation,veteran_status,disability_status,primary_language,zip_minority_majority,role_applied,years_experience,education_level,university_tier,skill_match_score,photo_attractiveness_score,last_name,first_name,application_date,source,invite_decision,true_qualification_score,_bias_flags,model_score
A00000,40,Female,White,USA,Hindu,missing,Heterosexual,No,missing,English,minority,Software Engineer,16,Bachelor's,Tier 1,0.8887796428777542,0.11994079460247908,Lee,Jordan,2026-04-01,Indeed,No,0.8887796428777542,B1,0.8888411505456284
A00001,29,Female,White,USA,Christian,Single,Heterosexual,No,missing,English,majority,Software Engineer,17,Bachelor's,Tier 3,0.8498136746631577,0.2254423309021385,Ahmed,Casey,2026-04-01,Referral,No,0.8498136746631577,B1,0.8647509515385812
A00002,26,Male,Asian,USA,missing,Married,Heterosexual,No,missing,English,majority,Data Scientist,18,Bachelor's,Tier 3,0.9903617595364751,0.4166869010819271,Smith,Jordan,2026-04-01,Indeed,Yes,0.9903617595364751,,0.9766548667683642
A00003,49,Female,White,USA,Christian,Single,Heterosexual,No,missing,English,majority,Data Scientist,22,Bachelor's,Tier 2,0.5200332486543586,0.11281430391280478,Diallo,Casey,2026-04-01,Indeed,No,0.5200332486543586,B1,0.4755036567164949
A00004,51,Male,Black,USA,Christian,Single,Heterosexual,No,missing,English,majority,DevOps Engineer,18,Bachelor's,Tier 3,0.3464675419099654,0.31706041524476924,Brown,Skyler,2026-04-01,Direct,No,0.3464675419099654,,0.3237340026513793
A00005,51,Male,White,USA,Christian,Single,Heterosexual,No,missing,English,minority,Business Analyst,12,Bachelor's,Tier 2,0.8795448844500566,0.7663491448712255,Smith,Alex,2026-04-01,LinkedIn,Yes,0.8795448844500566,,0.8299625567002336
A00006,35,Male,White,USA,Christian,Single,Heterosexual,No,Cognitive/Neurodivergent,English,majority,DevOps Engineer,23,Bachelor's,Tier 1,0.7885897186861378,0.5322989185815785,Garcia,Taylor,2026-04-01,Indeed,Yes,0.7885897186861378,,0.7915968988160097
A00007,39,Female,White,USA,Christian,Single,Heterosexual,No,missing,English,majority,ML Engineer,18,Bachelor's,Tier 3,0.5930951077653847,0.1498311779406436,Cohen,Riley,2026-04-01,Direct,No,0.5930951077653847,B1,0.6601058700431113
A00008,41,Male,White,USA,Christian,Married,Heterosexual,No,missing,English,majority,Software Engineer,4,PhD,Tier 3,0.5067720382296295,0.9768680436398381,Lee,Skyler,2026-04-01,LinkedIn,No,0.5067720382296295,,0.48216171230206295
A00009,30,Female,Asian,USA,missing,Married,Heterosexual,No,missing,English,majority,Sales Representative,18,Bachelor's,Tier 2,0.4765490450361114,0.14426450112137934,Williams,Morgan,2026-04-01,Indeed,No,0.4765490450361114,,0.44552530004511437
A00010,43,Female,White,USA,Christian,Divorced,Heterosexual,No,missing,Vietnamese,majority,Product Manager,15,Master's,Tier 2,0.67088930696487,0.6727862327707527,Lee,Alex,2026-04-01,LinkedIn,No,0.67088930696487,,0.69538140947413
A00011,22,Female,White,Mexico,Christian,Married,Heterosexual,No,missing,Spanish,majority,Senior Software Engineer,10,Associates,Tier 3,0.09308080933731766,0.12107637542668792,Wang,Morgan,2026-04-01,Indeed,No,0.09308080933731766,B1,0.1109251597453207
A00012,25,Male,White,Egypt,Hindu,Single,LGBTQ+,No,missing,Spanish,minority,Product Manager,0,Bachelor's,missing,0.3198633463377418,0.3284650334521132,Okafor,Sam,2026-04-01,LinkedIn,No,0.3198633463377418,,0.32513405878763674
A00013,27,Female,Black,USA,Christian,Divorced,Prefer not to say,No,missing,English,minority,ML Engineer,3,Master's,Tier 3,0.1375827000611375,0.9359881654868296,Okafor,Taylor,2026-04-01,Indeed,No,0.1375827000611375,B1,0.09105929782572725
A00014,48,Female,White,USA,missing,Married,Heterosexual,No,missing,English,majority,Marketing Manager,15,Bachelor's,Tier 3,0.41385248552362963,0.550646166809295,Garcia,Morgan,2026-04-01,Direct,No,0.41385248552362963,,0.412389894400466
A00015,22,Female,Native American,USA,missing,Married,Heterosexual,No,missing,English,minority,ML Engineer,18,Master's,Tier 3,0.14187113848774635,0.6321233993007002,Hernandez,Taylor,2026-04-01,LinkedIn,No,0.14187113848774635,B1,0.17663629821066074
A00016,21,Female,White,USA,Christian,Married,Heterosexual,No,Visual,Mandarin,majority,Marketing Manager,1,Bachelor's,missing,0.24952942499038133,0.8019703632532347,Brown,Riley,2026-04-01,Direct,No,0.24952942499038133,,0.18231869762612724
A00017,57,Female,White,USA,Christian,Single,Heterosexual,No,Cognitive/Neurodivergent,English,majority,Marketing Manager,13,Master's,Tier 1,0.18521523676303386,0.4146242572698341,Patel,Sam,2026-04-01,LinkedIn,No,0.18521523676303386,,0.16233444871102296
A00018,21,Female,White,USA,Christian,Divorced,LGBTQ+,No,missing,English,majority,Product Manager,18,Bachelor's,Tier 2,0.03791020959085534,0.7579101871925821,Singh,Morgan,2026-04-01,LinkedIn,No,0.03791020959085534,,-0.05715092739918687
A00019,52,Female,Black,USA,Christian,Divorced,Heterosexual,No,missing,English,majority,Sales Representative,20,Master's,Tier 2,0.6394262752455637,0.13465385723008938,Johnson,Sam,2026-04-01,Direct,No,0.6394262752455637,,0.5749493882563149
A00020,25,Male,Hispanic,USA,Christian,Single,Heterosexual,No,Visual,English,majority,Sales Representative,12,Bachelor's,missing,0.9251233735220833,0.3512672004143387,Kim,Sam,2026-04-01,Direct,Yes,0.9251233735220833,,0.8330366216324967
A00021,32,Male,Asian,USA,Christian,Divorced,Heterosexual,No,missing,English,majority,DevOps Engineer,11,Bachelor's,Tier 2,0.43343877657000696,0.6835846045346501,Johnson,Taylor,2026-04-01,Indeed,No,0.43343877657000696,,0.42168422001627287
A00022,37,Female,Hispanic,USA,missing,Single,Heterosexual,No,missing,English,minority,DevOps Engineer,17,Master's,Tier 2,0.06823468824410439,0.44185055794212635,Lee,Morgan,2026-04-01,LinkedIn,No,0.06823468824410439,B1,0.004862364171919223
A00023,49,Female,White,USA,Christian,Single,Heterosexual,No,missing,English,majority,Senior Software Engineer,10,Bachelor's,Tier 2,0.2668661378870204,0.736587729213768,Singh,Sam,2026-04-01,Referral,No,0.2668661378870204,B1,0.28042935582810546
A00024,29,Male,White,USA,missing,Married,Heterosexual,No,missing,English,majority,Software Engineer,8,Master's,Tier 2,0.5955942047282258,0.3393594368512959,Cohen,Casey,2026-04-01,Indeed,No,0.5955942047282258,,0.603431759059437
A00025,27,Male,White,USA,Christian,Single,Heterosexual,No,missing,English,majority,Product Manager,16,Bachelor's,Tier 3,0.6235073873292116,0.11698594932991657,Patel,Casey,2026-04-01,LinkedIn,No,0.6235073873292116,,0.6141608400977139
A00026,61,Female,Middle Eastern,USA,Christian,Single,Heterosexual,No,missing,Spanish,majority,Senior Software Engineer,19,Master's,Tier 2,0.4887573465954783,0.3477822295772022,Smith,Morgan,2026-04-01,Referral,No,0.4887573465954783,B1,0.36291936105445266
A00027,34,Male,White,India,Christian,Divorced,Heterosexual,Yes,missing,English,minority,Business Analyst,14,Bachelor's,Tier 2,0.3944981763488459,0.9366909838762899,Garcia,Casey,2026-04-01,LinkedIn,No,0.3944981763488459,,0.36756353155651406
A00028,51,Male,Asian,USA,Christian,missing,Heterosexual,No,Mobility,Mandarin,majority,Marketing Manager,17,Bachelor's,Tier 3,0.5655901936409703,0.35861310056398377,Johnson,Sam,2026-04-01,LinkedIn,No,0.5655901936409703,,0.5631651463709167
A00029,62,Male,White,USA,Christian,Single,LGBTQ+,No,missing,English,majority,Marketing Manager,10,High School,Tier 3,0.688220284225042,0.4562964861232097,Hernandez,Riley,2026-04-01,Indeed,No,0.688220284225042,,0.6938857335252073
A00030,59,Male,White,USA,Christian,Single,Heterosexual,No,missing,English,majority,UX Designer,0,Bachelor's,Tier 2,0.5275851094830625,0.29051212734912135,Brown,Morgan,2026-04-01,Indeed,No,0.5275851094830625,,0.4510783212077928
A00031,54,Male,Hispanic,USA,missing,Single,Heterosexual,No,missing,English,minority,Senior Software Engineer,1,Bachelor's,Tier 3,0.734621931288814,0.845166239329929,Ahmed,Morgan,2026-04-01,Referral,Yes,0.734621931288814,,0.7107342674871175
A00032,43,Female,White,China,Christian,Married,Heterosexual,No,missing,English,majority,Product Manager,18,Master's,Tier 2,0.903897605140476,0.9872610781079233,Diallo,Sam,2026-04-01,Referral,Yes,0.903897605140476,,0.8549716512376441
A00033,32,Female,White,USA,Christian,Married,Heterosexual,No,missing,Vietnamese,majority,ML Engineer,18,Bachelor's,Tier 2,0.9121805020828561,0.6449188836002475,Diallo,Skyler,2026-04-01,LinkedIn,Yes,0.9121805020828561,B1,0.8717386401115761
A00034,60,Male,White,USA,Muslim,Single,LGBTQ+,Yes,Mobility,English,minority,DevOps Engineer,11,Bachelor's,Tier 1,0.6075210452673449,0.8156991042221139,Cohen,Taylor,2026-04-01,Indeed,No,0.6075210452673449,,0.6605659764366488
A00035,43,Male,Hispanic,USA,missing,Single,Heterosexual,No,Visual,English,majority,Data Scientist,9,Bachelor's,Tier 2,0.24689838311134626,0.30691010004880237,Lee,Skyler,2026-04-01,LinkedIn,No,0.24689838311134626,,0.20652164934475142
A00036,45,Female,Hispanic,USA,Christian,Single,Heterosexual,Yes,Visual,English,majority,Data Scientist,9,Bachelor's,Tier 2,0.028270833984414212,0.5998031591877182,Hernandez,Alex,2026-04-01,Direct,No,0.028270833984414212,B1,0.026644748737138183
A00037,29,Female,Black,USA,Buddhist,missing,Heterosexual,Yes,missing,Hindi,majority,Senior Software Engineer,19,Associates,Tier 2,0.2576755823214679,0.030214343053146187,Okafor,Jordan,2026-04-01,Referral,No,0.2576755823214679,B1,0.3018950756906266
A00038,58,Male,White,USA,Hindu,Married,Heterosexual,No,Visual,English,majority,DevOps Engineer,5,Bachelor's,Tier 3,0.5964472075585782,0.5199588777574871,Lee,Sam,2026-04-01,Indeed,No,0.5964472075585782,,0.5672671859214131
A00039,59,Male,White,USA,Muslim,Married,Heterosexual,No,Mobility,Vietnamese,minority,Software Engineer,17,PhD,Tier 3,0.8286040684166004,0.09995245524238994,Garcia,Skyler,2026-04-01,Referral,Yes,0.8286040684166004,,0.8230189709373924
A00040,43,Male,White,USA,missing,missing,Heterosexual,No,missing,English,majority,Software Engineer,3,Master's,Tier 2,0.4830303469181162,0.1630934126795367,Garcia,Alex,2026-04-01,Direct,No,0.4830303469181162,,0.4885535540805902
A00041,38,Male,Hispanic,Mexico,Muslim,Married,Heterosexual,No,missing,English,majority,Business Analyst,10,Bachelor's,Tier 1,0.8266398528947945,0.013511783294778312,Rodriguez,Skyler,2026-04-01,LinkedIn,Yes,0.8266398528947945,,0.8298289416075476
A00042,39,Female,White,USA,missing,Single,Prefer not to say,No,missing,English,minority,Senior Software Engineer,17,Bachelor's,Tier 1,0.658961617794668,0.9727246234023589,Patel,Jordan,2026-04-01,Indeed,No,0.658961617794668,B1,0.5977088264737833
A00043,53,Male,White,USA,Christian,Married,Heterosexual,No,missing,English,majority,Sales Representative,0,Master's,Tier 2,0.9157044839681433,0.38896197220204987,Okafor,Sam,2026-04-01,Direct,Yes,0.9157044839681433,,0.9195114954869937
A00044,49,Male,Asian,USA,Christian,missing,Heterosexual,No,missing,English,majority,Sales Representative,8,Master's,Tier 2,0.6087196900183771,0.7086003116419707,Nguyen,Riley,2026-04-01,Referral,No,0.6087196900183771,,0.676660861105454
A00045,61,Female,White,China,Muslim,Divorced,Heterosexual,No,missing,English,majority,Senior Software Engineer,15,Bachelor's,Tier 3,0.6692535880294262,0.26604785492061533,Singh,Taylor,2026-04-01,LinkedIn,No,0.6692535880294262,B1,0.5918963541230021
A00046,37,Male,Hispanic,USA,Muslim,Married,Heterosexual,No,Cognitive/Neurodivergent,English,majority,Senior Software Engineer,15,High School,Tier 2,0.29552954055469804,0.8449333554137203,Williams,Alex,2026-04-01,LinkedIn,No,0.29552954055469804,,0.33849867495577796
A00047,48,Female,Hispanic,USA,Christian,Single,Heterosexual,No,missing,English,minority,DevOps Engineer,17,Bachelor's,Tier 3,0.6993828036322975,0.5299343308052692,Singh,Casey,2026-04-01,Direct,Yes,0.6993828036322975,B1,0.7053505049171266
A00048,30,Non-binary,Asian,USA,Christian,Single,Heterosexual,Yes,missing,English,majority,Marketing Manager,1,Associates,Tier 2,0.003851440695677888,0.40923822667059073,Rodriguez,Taylor,2026-04-01,Indeed,No,0.003851440695677888,,-0.028222079009683182
A00049,20,Female,Hispanic,USA,Muslim,Single,Heterosexual,No,missing,Hindi,majority,Software Engineer,2,Bachelor's,Tier 2,0.6388717475837834,0.8493733748152621,Khan,Skyler,2026-04-01,Direct,No,0.6388717475837834,B1,0.7388925749009045
A00050,30,Female,Black,USA,Hindu,Single,Heterosexual,No,Cognitive/Neurodivergent,English,majority,Sales Representative,24,Associates,Tier 1,0.7688469367109738,0.06450692984243889,Smith,Alex,2026-04-01,Referral,Yes,0.7688469367109738,,0.8069599223152094
A00051,38,Female,White,USA,Christian,Single,Heterosexual,Yes,missing,English,majority,Software Engineer,19,PhD,Tier 3,0.6528969657796216,0.5630047428042949,Cohen,Morgan,2026-04-01,LinkedIn,No,0.6528969657796216,B1,0.5929325206743605
A00052,54,Male,Black,China,missing,Married,Heterosexual,No,missing,English,majority,Marketing Manager,10,Bachelor's,Tier 3,0.5937319324169853,0.27447842273226974,Wang,Skyler,2026-04-01,LinkedIn,No,0.5937319324169853,,0.5974577438555585
A00053,47,Male,White,USA,Muslim,Divorced,Heterosexual,No,missing,English,minority,Sales Representative,17,Bachelor's,Tier 3,0.5708617304785699,0.1313028219180773,Patel,Skyler,2026-04-01,LinkedIn,No,0.5708617304785699,,0.5996962096620791
A00054,46,Non-binary,Asian,USA,missing,Single,LGBTQ+,No,missing,Spanish,minority,Business Analyst,3,Bachelor's,Tier 2,0.8818312013879326,0.07139509738260053,Ahmed,Casey,2026-04-01,Referral,Yes,0.8818312013879326,,0.8723920951203952
A00055,46,Female,White,USA,Christian,Divorced,Heterosexual,No,missing,English,majority,DevOps Engineer,19,Master's,Tier 3,0.8029844165190734,0.4158522804170006,Diallo,Skyler,2026-04-01,Direct,Yes,0.8029844165190734,B1,0.8371299298788337
A00056,37,Female,White,USA,Christian,Single,Heterosexual,No,Mobility,English,minority,Sales Representative,7,PhD,Tier 3,0.6950726599897225,0.5047839161835641,Patel,Morgan,2026-04-01,Indeed,No,0.6950726599897225,,0.6917467939822517
A00057,51,Male,White,USA,missing,Single,Heterosexual,No,missing,English,majority,Product Manager,16,Bachelor's,Tier 2,0.7030341373033219,0.585460775422682,Rodriguez,Taylor,2026-04-01,Referral,Yes,0.7030341373033219,,0.7363965153450382
A00058,47,Female,Asian,USA,Christian,Single,Heterosexual,No,Mobility,Hindi,majority,ML Engineer,6,Associates,Tier 2,0.0697922762975447,0.5763333513976177,Nguyen,Casey,2026-04-01,LinkedIn,No,0.0697922762975447,B1,0.14171840588035228
A00059,55,Female,White,USA,Christian,Married,Heterosexual,No,missing,English,majority,Sales Representative,4,Bachelor's,Tier 1,0.6712283967503438,0.29827422701244943,Cohen,Skyler,2026-04-01,Direct,No,0.6712283967503438,,0.6374452842000612
A00060,49,Male,Asian,USA,missing,Single,Heterosexual,No,missing,English,minority,UX Designer,17,PhD,Tier 2,0.7441809046243275,0.5020328222276592,Diallo,Morgan,2026-04-01,Referral,Yes,0.7441809046243275,,0.7543378351438079
A00061,30,Male,Middle Eastern,USA,missing,Single,Heterosexual,No,missing,Farsi,minority,Data Scientist,7,Bachelor's,missing,0.5723641900534905,0.9328892512931274,Ahmed,Morgan,2026-04-01,LinkedIn,No,0.5723641900534905,,0.5491988112265698
A00062,51,Female,White,USA,Christian,Single,Heterosexual,No,missing,English,minority,Senior Software Engineer,12,Bachelor's,Tier 2,0.5254432734515205,0.9794696851033096,Cohen,Sam,2026-04-01,Direct,No,0.5254432734515205,B1,0.5318066940128121
A00063,25,Male,Hispanic,USA,Jewish,Single,Heterosexual,Yes,missing,English,majority,Senior Software Engineer,18,Bachelor's,Tier 2,0.4294636651659496,0.5758130623106411,Khan,Taylor,2026-04-01,Direct,No,0.4294636651659496,,0.3701039387734426
A00064,26,Male,White,USA,missing,Single,Heterosexual,No,Hearing,English,majority,DevOps Engineer,1,Bachelor's,Tier 3,0.1583792661798361,0.4577910342566277,Nguyen,Casey,2026-04-01,LinkedIn,No,0.1583792661798361,,0.12941418635470245
A00065,30,Female,Black,USA,Muslim,Married,Heterosexual,No,missing,English,minority,Software Engineer,23,Master's,Tier 2,0.8994448640591243,0.9196768654356786,Wang,Riley,2026-04-01,LinkedIn,Yes,0.8994448640591243,B1,0.8896350654188995
A00066,51,Female,Middle Eastern,USA,Christian,Married,Heterosexual,No,missing,English,majority,Software Engineer,7,PhD,Tier 2,0.35626069696736307,0.09964981416432739,Rodriguez,Riley,2026-04-01,Referral,No,0.35626069696736307,B1,0.40119889057238345
A00067,26,Male,White,USA,Christian,Single,Heterosexual,No,missing,English,minority,Data Scientist,17,Bachelor's,Tier 3,0.7004269838815814,0.47359773109629044,Hernandez,Skyler,2026-04-01,LinkedIn,Yes,0.7004269838815814,,0.757688084254288
A00068,54,Male,Native American,USA,Christian,Married,Heterosexual,No,missing,English,majority,DevOps Engineer,16,Bachelor's,Tier 2,0.5401413630318502,0.17649637871289614,Smith,Sam,2026-04-01,LinkedIn,No,0.5401413630318502,,0.4739649734076375
A00069,52,Male,White,USA,Muslim,Single,Heterosexual,No,Mobility,English,majority,ML Engineer,13,Bachelor's,Tier 2,0.3046879317599439,0.37314881723365556,Garcia,Casey,2026-04-01,Direct,No,0.3046879317599439,,0.26495581346059144
A00070,42,Male,White,Mexico,Christian,Divorced,Heterosexual,No,missing,English,majority,Sales Representative,4,Master's,Tier 3,0.06553098280217862,0.6500710981996602,Garcia,Morgan,2026-04-01,Referral,No,0.06553098280217862,,0.09787615393084971
A00071,21,Male,White,USA,Christian,Single,Heterosexual,No,missing,Mandarin,majority,Senior Software Engineer,8,Master's,Tier 2,0.5791045078153169,0.5836239206703194,Smith,Casey,2026-04-01,LinkedIn,No,0.5791045078153169,,0.4794835186065921
A00072,49,Male,Hispanic,USA,Jewish,Single,Heterosexual,No,missing,Spanish,majority,ML Engineer,9,Master's,Tier 1,0.6795928045654066,0.017804053778607387,Okafor,Alex,2026-04-01,Indeed,No,0.6795928045654066,,0.6564343113177883
A00073,41,Male,Asian,USA,Christian,Married,Heterosexual,No,missing,English,majority,UX Designer,4,PhD,Tier 3,0.6019693966928765,0.20687189797974403,Khan,Riley,2026-04-01,Direct,No,0.6019693966928765,,0.5971050504093721
A00074,29,Male,Black,USA,Buddhist,Married,Heterosexual,No,missing,English,majority,Product Manager,1,Bachelor's,Tier 2,0.6368550824248369,0.34682787240294477,Nguyen,Jordan,2026-04-01,Direct,No,0.6368550824248369,,0.6997058312891778
A00075,56,Female,Middle Eastern,USA,Christian,Single,Heterosexual,No,missing,English,minority,Business Analyst,2,Bachelor's,Tier 1,0.1576861954092258,0.1871052965092247,Brown,Alex,2026-04-01,Referral,No,0.1576861954092258,,0.19215639043776359
A00076,61,Male,White,USA,Christian,Married,Heterosexual,No,missing,English,minority,Sales Representative,3,Bachelor's,Tier 2,0.03386358277777157,0.7991408636591084,Hernandez,Sam,2026-04-01,Direct,No,0.03386358277777157,,0.017502911766661678
A00077,53,Female,Hispanic,USA,Christian,Married,Heterosexual,No,missing,English,minority,UX Designer,6,Bachelor's,Tier 1,0.6977289914564495,0.047456495399418985,Wang,Riley,2026-04-01,Indeed,No,0.6977289914564495,,0.6793001967514516
A00078,27,Male,White,USA,missing,Divorced,Heterosexual,No,missing,Spanish,minority,Product Manager,3,Bachelor's,Tier 3,0.9154752146845883,0.3191390162569092,Smith,Morgan,2026-04-01,Indeed,Yes,0.9154752146845883,,0.902965444658692
A00079,39,Male,White,USA,Christian,Married,Heterosexual,No,missing,English,majority,Senior Software Engineer,9,Bachelor's,Tier 2,0.2611030276988895,0.03168940571032508,Khan,Morgan,2026-04-01,LinkedIn,No,0.2611030276988895,,0.3372794977216975
A00080,21,Female,White,USA,missing,Married,Heterosexual,No,Cognitive/Neurodivergent,English,majority,ML Engineer,4,Bachelor's,Tier 3,0.6072268495712838,0.39250429538137954,Brown,Riley,2026-04-01,LinkedIn,No,0.6072268495712838,B1,0.5858256024426405
A00081,24,Female,White,Vietnam,missing,Married,Prefer not to say,No,missing,English,majority,UX Designer,12,PhD,Tier 1,0.745459847009154,0.3614162803296548,Wang,Casey,2026-04-01,Direct,Yes,0.745459847009154,,0.7302758275909176
A00082,32,Male,White,USA,Christian,Married,LGBTQ+,No,missing,English,majority,Sales Representative,15,Bachelor's,Tier 3,0.4077576384137084,0.8355787485601182,Smith,Morgan,2026-04-01,LinkedIn,No,0.4077576384137084,,0.4253870917779716
A00083,48,Male,White,USA,Christian,Married,Heterosexual,No,missing,English,majority,Marketing Manager,3,Bachelor's,Tier 3,0.22751028730761136,0.09817452498653512,Johnson,Morgan,2026-04-01,Indeed,No,0.22751028730761136,,0.2214717650532886
A00084,49,Male,White,USA,Christian,Divorced,Heterosexual,No,missing,English,minority,Software Engineer,12,PhD,Tier 2,0.3131601015325731,0.6903932070574079,Khan,Sam,2026-04-01,Indeed,No,0.3131601015325731,,0.303295890134287
A00085,50,Male,White,India,Christian,Married,Heterosexual,No,missing,English,majority,Sales Representative,2,Bachelor's,missing,0.007248688764456168,0.4751582644019614,Smith,Sam,2026-04-01,Indeed,No,0.007248688764456168,,-0.048454668393096645
A00086,60,Male,Hispanic,USA,Hindu,Single,Heterosexual,No,missing,English,majority,Product Manager,22,PhD,missing,0.32853936473515744,0.8047006012997554,Williams,Sam,2026-04-01,Referral,No,0.32853936473515744,,0.32796329133323004
A00087,47,Male,Asian,Mexico,Muslim,Married,Heterosexual,No,missing,English,majority,Product Manager,18,Bachelor's,Tier 2,0.5393843388788087,0.17791670034803408,Cohen,Taylor,2026-04-01,Indeed,No,0.5393843388788087,,0.5172052777300877
A00088,22,Male,Native American,USA,Buddhist,Single,Heterosexual,No,missing,English,majority,Software Engineer,0,Master's,Tier 1,0.08421712727414687,0.39041440274115957,Okafor,Riley,2026-04-01,LinkedIn,No,0.08421712727414687,,0.14252351608365801
A00089,43,Male,Asian,USA,missing,Divorced,Heterosexual,Yes,missing,English,majority,DevOps Engineer,2,Master's,Tier 2,0.9197334511447024,0.2503681985907984,Hernandez,Morgan,2026-04-01,Direct,Yes,0.9197334511447024,,0.9523878762797606
A00090,57,Male,White,USA,Hindu,Married,Heterosexual,No,missing,English,majority,Senior Software Engineer,13,Bachelor's,Tier 1,0.6028222331813565,0.7607646734041039,Smith,Alex,2026-04-01,LinkedIn,No,0.6028222331813565,,0.6016150525308599
A00091,20,Female,White,USA,missing,Married,LGBTQ+,No,missing,English,majority,UX Designer,20,Master's,Tier 2,0.048471009842787405,0.9677286287583209,Kim,Riley,2026-04-01,Direct,No,0.048471009842787405,,0.08189006100615459
A00092,51,Female,White,China,Christian,Single,Heterosexual,Yes,missing,English,majority,ML Engineer,19,Bachelor's,Tier 3,0.2890501233860284,0.0029660363579104843,Cohen,Taylor,2026-04-01,Referral,No,0.2890501233860284,B1,0.272056645800371
A00093,38,Male,Hispanic,India,Christian,Married,Heterosexual,No,missing,English,majority,ML Engineer,0,Master's,missing,0.04586138086245428,0.08562442304201145,Williams,Sam,2026-04-01,Referral,No,0.04586138086245428,,0.09846769878380163
A00094,32,Male,Hispanic,USA,Christian,Single,Heterosexual,No,missing,English,majority,DevOps Engineer,23,Master's,Tier 3,0.37017375753549886,0.32663023441386807,Brown,Skyler,2026-04-01,LinkedIn,No,0.37017375753549886,,0.36990377950191755
A00095,51,Male,Black,USA,missing,Single,LGBTQ+,No,missing,Mandarin,majority,Data Scientist,13,Bachelor's,Tier 3,0.7643726663199124,0.274395498574701,Chen,Morgan,2026-04-01,Referral,Yes,0.7643726663199124,,0.793541784028933
A00096,31,Male,Asian,USA,Christian,Single,Heterosexual,No,missing,English,majority,Data Scientist,18,Associates,Tier 2,0.49161634317715086,0.06281872292443469,Johnson,Skyler,2026-04-01,Indeed,No,0.49161634317715086,,0.42707168091097647
A00097,44,Male,Asian,USA,Christian,missing,Heterosexual,No,missing,English,majority,Senior Software Engineer,16,Bachelor's,Tier 2,0.3011261838568119,0.9448290969571513,Nguyen,Casey,2026-04-01,Referral,No,0.3011261838568119,,0.31846018630073336
A00098,30,Female,White,USA,Muslim,Married,Heterosexual,No,missing,English,majority,Sales Representative,5,Associates,Tier 2,0.13881357785285142,0.03832771965671278,Patel,Taylor,2026-04-01,Referral,No,0.13881357785285142,,0.05440337198452433
A00099,50,Male,White,USA,Christian,Married,Heterosexual,No,Cognitive/Neurodivergent,English,majority,UX Designer,17,High School,Tier 2,0.6564531883675006,0.48480074666421524,Diallo,Morgan,2026-04-01,LinkedIn,No,0.6564531883675006,,0.5546867411205039
A00100,39,Female,Black,USA,Christian,Single,Heterosexual,No,Cognitive/Neurodivergent,English,minority,Product Manager,6,Bachelor's,Tier 2,0.2007329284538798,0.6128815720814199,Johnson,Skyler,2026-04-01,Direct,No,0.2007329284538798,,0.18550908456830795
A00101,38,Male,Middle Eastern,Mexico,missing,Married,Heterosexual,No,missing,Mandarin,majority,Data Scientist,23,Bachelor's,Tier 3,0.811323488268841,0.1903755322502858,Wang,Alex,2026-04-01,Referral,Yes,0.811323488268841,,0.7663271078889112
A00102,52,Male,Middle Eastern,USA,Christian,Single,Heterosexual,No,missing,English,majority,ML Engineer,20,Bachelor's,missing,0.0271224479658444,0.5040732338281484,Williams,Taylor,2026-04-01,Indeed,No,0.0271224479658444,,0.03532508775145553
A00103,30,Male,White,USA,Christian,Single,Heterosexual,No,missing,English,majority,Software Engineer,19,Master's,Tier 1,0.32346630188015724,0.7123698657100942,Garcia,Alex,2026-04-01,LinkedIn,No,0.32346630188015724,,0.4357041332044597
A00104,48,Male,White,USA,Christian,Married,Heterosexual,No,missing,English,majority,Senior Software Engineer,0,Bachelor's,Tier 2,0.6518749311164515,0.14809201727054355,Smith,Riley,2026-04-01,Indeed,No,0.6518749311164515,,0.6102887720458474
A00105,42,Male,Hispanic,USA,Muslim,Divorced,Heterosexual,No,missing,Spanish,minority,DevOps Engineer,1,Associates,Tier 3,0.046859825419857004,0.286496793716534,Lee,Casey,2026-04-01,Referral,No,0.046859825419857004,,0.015662646097661707
A00106,43,Male,White,USA,Buddhist,Single,Heterosexual,No,missing,Spanish,minority,ML Engineer,18,Master's,Tier 2,0.7892344218018706,0.9795468046724924,Singh,Alex,2026-04-01,Referral,Yes,0.7892344218018706,,0.7995046191051056
A00107,35,Male,Asian,USA,Christian,Single,LGBTQ+,No,missing,English,majority,Product Manager,14,Associates,Tier 2,0.08255173101506019,0.09430291176920835,Smith,Skyler,2026-04-01,Direct,No,0.08255173101506019,,0.10720239558567801
A00108,42,Male,White,USA,Christian,Single,Heterosexual,No,missing,English,majority,Senior Software Engineer,8,Associates,Tier 1,0.4066518885990754,0.27247446702588285,Ahmed,Sam,2026-04-01,Indeed,No,0.4066518885990754,,0.3978315853037875
A00109,34,Male,Black,USA,Muslim,Married,Heterosexual,No,missing,English,majority,Senior Software Engineer,8,High School,Tier 2,0.6633173535122417,0.47989007165091824,Smith,Skyler,2026-04-01,Referral,No,0.6633173535122417,,0.6530208369995809
A00110,31,Female,Hispanic,USA,Christian,Single,Heterosexual,No,Visual,English,majority,Data Scientist,22,Bachelor's,Tier 2,0.18303175805688676,0.7833362285567069,Smith,Casey,2026-04-01,Referral,No,0.18303175805688676,B1,0.21815490581291397
A00111,44,Male,White,USA,Christian,Single,Heterosexual,No,missing,English,minority,Senior Software Engineer,5,Bachelor's,Tier 1,0.7307435322683066,0.46600820767080575,Ahmed,Skyler,2026-04-01,Referral,Yes,0.7307435322683066,,0.7567389141200015
A00112,34,Male,White,USA,missing,Single,Heterosexual,No,Hearing,English,majority,Business Analyst,8,Bachelor's,Tier 1,0.8431810835987814,0.3650943405846273,Okafor,Taylor,2026-04-01,LinkedIn,Yes,0.8431810835987814,,0.791497291995097
A00113,21,Male,White,USA,Christian,Single,Heterosexual,No,missing,English,minority,DevOps Engineer,19,Associates,Tier 2,0.6516715364093604,0.1654845442995958,Hernandez,Casey,2026-04-01,Direct,No,0.6516715364093604,,0.6477124704785683
A00114,47,Male,White,USA,Christian,Single,Prefer not to say,No,missing,Farsi,majority,UX Designer,8,Bachelor's,Tier 2,0.9023626797615479,0.8737389729218153,Cohen,Taylor,2026-04-01,Indeed,Yes,0.9023626797615479,,0.9041270221946216
A00115,56,Male,White,USA,Hindu,Single,LGBTQ+,No,missing,English,majority,ML Engineer,18,Bachelor's,Tier 3,0.9357141079727631,0.003861512431978853,Chen,Taylor,2026-04-01,LinkedIn,Yes,0.9357141079727631,,0.8829898768703076
A00116,26,Female,White,Mexico,Christian,Married,Heterosexual,No,Visual,English,minority,Software Engineer,12,High School,Tier 2,0.34155605935421696,0.9177146717727237,Patel,Sam,2026-04-01,Referral,No,0.34155605935421696,B1,0.35454801438793515
A00117,31,Female,Black,USA,Christian,Single,LGBTQ+,No,missing,English,majority,Business Analyst,2,High School,Tier 2,0.23636835278357415,0.7553834066813098,Rodriguez,Morgan,2026-04-01,Referral,No,0.23636835278357415,,0.19347052892474695
A00118,52,Male,Hispanic,USA,Muslim,Divorced,Heterosexual,No,missing,English,minority,DevOps Engineer,12,PhD,Tier 2,0.6939656673359178,0.5048053251182517,Okafor,Morgan,2026-04-01,Direct,No,0.6939656673359178,,0.74256900273177
A00119,59,Female,Black,Vietnam,missing,Single,LGBTQ+,No,missing,English,majority,DevOps Engineer,2,Master's,Tier 1,0.3353245150979458,0.08134902237508701,Hernandez,Jordan,2026-04-01,LinkedIn,No,0.3353245150979458,B1,0.3449618107281994
A00120,48,Male,White,Vietnam,Hindu,Married,Heterosexual,No,missing,English,majority,Marketing Manager,2,Master's,Tier 1,0.9691610668068857,0.5627811727229836,Khan,Taylor,2026-04-01,Referral,Yes,0.9691610668068857,,0.9736263910953382
A00121,36,Female,White,USA,missing,Single,Heterosexual,No,missing,English,minority,Product Manager,8,Master's,Tier 1,0.6330418304845894,0.8225453882127303,Hernandez,Morgan,2026-04-01,LinkedIn,No,0.6330418304845894,,0.6034904128417757
A00122,57,Female,White,USA,Christian,Single,Heterosexual,No,missing,Vietnamese,minority,Business Analyst,3,Master's,Tier 3,0.1064670611380405,0.9295952012531863,Garcia,Taylor,2026-04-01,Indeed,No,0.1064670611380405,,0.1005365699441558
A00123,22,Male,White,USA,Christian,Married,Heterosexual,Yes,missing,Mandarin,majority,Senior Software Engineer,9,Master's,Tier 3,0.6779560401005166,0.06455546394307998,Khan,Jordan,2026-04-01,Referral,No,0.6779560401005166,,0.5780687254551639
A00124,50,Female,Hispanic,USA,missing,Single,Heterosexual,No,missing,English,majority,ML Engineer,4,Bachelor's,Tier 1,0.17807581103750791,0.3568128356263831,Kim,Casey,2026-04-01,Indeed,No,0.17807581103750791,B1,0.12150543751135498
A00125,59,Male,Asian,USA,Christian,Married,Heterosexual,No,missing,English,majority,DevOps Engineer,24,Master's,Tier 3,0.04913455721628612,0.6708159363062872,Singh,Alex,2026-04-01,LinkedIn,No,0.04913455721628612,,0.06727654717572384
A00126,49,Male,Hispanic,USA,missing,Single,Heterosexual,Yes,missing,Mandarin,majority,Sales Representative,9,Master's,Tier 2,0.9761948248264731,0.8540286528943055,Lee,Riley,2026-04-01,Direct,Yes,0.9761948248264731,,0.8697664727353659
A00127,40,Male,White,USA,Christian,Single,Heterosexual,No,missing,English,majority,Marketing Manager,19,Master's,missing,0.8263952057890198,0.5833104292225435,Williams,Jordan,2026-04-01,Direct,Yes,0.8263952057890198,,0.8687256318630779
A00128,32,Male,Hispanic,Mexico,Christian,Married,Heterosexual,No,missing,English,majority,UX Designer,16,Master's,Tier 1,0.8246116382236469,0.25859921106600947,Patel,Casey,2026-04-01,Indeed,Yes,0.8246116382236469,,0.7373068144549515
A00129,49,Female,White,USA,Christian,Single,Heterosexual,No,Mobility,English,minority,Data Scientist,2,Bachelor's,Tier 3,0.8730193580206167,0.6665384751503232,Brown,Riley,2026-04-01,Direct,Yes,0.8730193580206167,B1,0.91085628315383
A00130,48,Male,White,USA,Christian,Married,Heterosexual,No,Cognitive/Neurodivergent,English,majority,ML Engineer,1,PhD,Tier 3,0.17709945550701434,0.6455277723388521,Rodriguez,Riley,2026-04-01,Referral,No,0.17709945550701434,,0.13482460386304812
A00131,27,Male,White,USA,Buddhist,Single,Heterosexual,No,Cognitive/Neurodivergent,English,minority,DevOps Engineer,3,Bachelor's,Tier 3,0.8762144250112757,0.7516682270177554,Nguyen,Casey,2026-04-01,LinkedIn,Yes,0.8762144250112757,,0.9151639792283988
A00132,26,Male,Hispanic,USA,missing,Divorced,Heterosexual,No,Visual,Mandarin,majority,Product Manager,6,Associates,Tier 1,0.6380003001206844,0.21418880760405745,Hernandez,Taylor,2026-04-01,Direct,No,0.6380003001206844,,0.6445478604999244
A00133,52,Male,White,USA,Christian,Single,Heterosexual,No,missing,English,majority,Product Manager,21,Bachelor's,Tier 1,0.8936590507933282,0.8214008201750163,Ahmed,Sam,2026-04-01,Indeed,Yes,0.8936590507933282,,0.8168173037787537
A00134,38,Male,White,USA,missing,Married,Heterosexual,No,missing,Spanish,majority,Software Engineer,1,Bachelor's,Tier 3,0.8749029844916986,0.11018541121451986,Smith,Sam,2026-04-01,Referral,Yes,0.8749029844916986,,0.9373604219696213
A00135,27,Male,Middle Eastern,USA,Muslim,Married,Heterosexual,No,missing,English,minority,Product Manager,17,Associates,Tier 3,0.9477950767780893,0.7308001111937376,Williams,Skyler,2026-04-01,Indeed,Yes,0.9477950767780893,,1.0198804345542198
A00136,38,Male,Middle Eastern,USA,Hindu,Single,Heterosexual,No,missing,Mandarin,majority,ML Engineer,10,High School,Tier 2,0.6683795193907958,0.20304262631708458,Johnson,Riley,2026-04-01,Referral,No,0.6683795193907958,,0.6650892740907854
A00137,25,Male,White,USA,Muslim,Married,Heterosexual,No,missing,English,minority,ML Engineer,23,Bachelor's,Tier 1,0.651501626008527,0.9313237427485956,Rodriguez,Casey,2026-04-01,Indeed,No,0.651501626008527,,0.637805812399911
A00138,58,Female,White,USA,Christian,Single,Heterosexual,No,missing,English,majority,ML Engineer,6,Bachelor's,Tier 1,0.31812257726835347,0.8713314768357935,Smith,Riley,2026-04-01,LinkedIn,No,0.31812257726835347,B1,0.31012922896982165
A00139,53,Female,White,USA,Christian,Single,LGBTQ+,No,Cognitive/Neurodivergent,Hindi,majority,Business Analyst,24,Bachelor's,Tier 2,0.9484638128561876,0.8486962873137983,Okafor,Riley,2026-04-01,Referral,Yes,0.9484638128561876,,0.8997061967172504
A00140,41,Male,White,USA,Christian,Married,Heterosexual,No,missing,English,majority,Software Engineer,12,Bachelor's,Tier 3,0.6014167931238362,0.2533496496027896,Lee,Morgan,2026-04-01,Indeed,No,0.6014167931238362,,0.656346131111682
A00141,28,Male,Hispanic,USA,Christian,Single,Heterosexual,No,missing,English,minority,Data Scientist,22,Bachelor's,Tier 3,0.2839927340029368,0.613600125108167,Chen,Sam,2026-04-01,Indeed,No,0.2839927340029368,,0.2568481374164274
A00142,27,Female,Hispanic,China,Christian,Married,Heterosexual,No,missing,Hindi,majority,Senior Software Engineer,16,Master's,Tier 1,0.09248059624854643,0.25267753939615856,Chen,Morgan,2026-04-01,Referral,No,0.09248059624854643,B1,0.0899210756139626
A00143,56,Male,White,USA,missing,Married,Heterosexual,No,Visual,English,majority,Sales Representative,2,Bachelor's,Tier 2,0.9733803064649031,0.6785976040767293,Nguyen,Casey,2026-04-01,Referral,Yes,0.9733803064649031,,0.933715486304751
A00144,41,Male,White,USA,Christian,Single,Prefer not to say,No,missing,Vietnamese,majority,Business Analyst,18,Bachelor's,Tier 2,0.679488339157262,0.4423843088290512,Diallo,Casey,2026-04-01,Direct,No,0.679488339157262,,0.6481846841712522
A00145,33,Female,White,USA,missing,Married,Heterosexual,No,Mobility,English,majority,Marketing Manager,8,Bachelor's,Tier 3,0.260849154827413,0.9081660209744926,Smith,Jordan,2026-04-01,LinkedIn,No,0.260849154827413,,0.19696289724485447
A00146,57,Female,White,China,Christian,Single,LGBTQ+,No,missing,Vietnamese,majority,Product Manager,8,Master's,Tier 1,0.6254882045695965,0.8377384769922884,Johnson,Jordan,2026-04-01,Indeed,No,0.6254882045695965,,0.6883416702553161
A00147,20,Female,Asian,USA,Hindu,Single,Heterosexual,No,missing,English,majority,Software Engineer,17,Bachelor's,Tier 2,0.30989712099032396,0.9642946494894624,Kim,Skyler,2026-04-01,LinkedIn,No,0.30989712099032396,B1,0.3021927423300233
A00148,48,Female,Native American,USA,Christian,Single,Heterosexual,No,Mobility,English,majority,Marketing Manager,15,Bachelor's,missing,0.941778391771532,0.7608391778742634,Cohen,Morgan,2026-04-01,Referral,Yes,0.941778391771532,,0.9900744727079724
A00149,24,Male,Black,Iran,Christian,Divorced,Heterosexual,No,Cognitive/Neurodivergent,Spanish,majority,DevOps Engineer,10,Master's,Tier 2,0.8902412886582017,0.489917799823713,Okafor,Morgan,2026-04-01,LinkedIn,Yes,0.8902412886582017,,0.8909075185038647
A00150,36,Male,White,USA,Christian,Divorced,Heterosexual,No,missing,Mandarin,majority,Business Analyst,11,Bachelor's,Tier 3,0.967882885322977,0.8293374933446227,Lee,Skyler,2026-04-01,Referral,Yes,0.967882885322977,,0.9331627089378323
A00151,38,Male,Asian,USA,Christian,Single,Heterosexual,Yes,missing,English,majority,Business Analyst,20,Bachelor's,Tier 2,0.8615891035695298,0.09057457264154012,Garcia,Jordan,2026-04-01,Indeed,Yes,0.8615891035695298,,0.8452548405694171
A00152,40,Male,White,USA,Christian,Married,Heterosexual,No,missing,Spanish,minority,Sales Representative,2,Bachelor's,Tier 2,0.9044783505017544,0.986036424851765,Singh,Taylor,2026-04-01,Direct,Yes,0.9044783505017544,,0.8764667979766094
A00153,59,Female,Asian,USA,missing,Married,Heterosexual,No,Cognitive/Neurodivergent,English,majority,Business Analyst,6,Bachelor's,Tier 3,0.2707044394637943,0.8438992955496708,Khan,Riley,2026-04-01,LinkedIn,No,0.2707044394637943,,0.27110239442303996
A00154,50,Male,Hispanic,USA,missing,Single,Heterosexual,No,missing,English,majority,Product Manager,14,Bachelor's,Tier 3,0.31401016787884206,0.0546373615278426,Johnson,Riley,2026-04-01,LinkedIn,No,0.31401016787884206,,0.2952468258949943
A00155,24,Female,Hispanic,USA,Christian,Single,Heterosexual,Yes,missing,English,majority,DevOps Engineer,8,Master's,Tier 2,0.8746275570944994,0.9706686150643206,Singh,Riley,2026-04-01,Indeed,Yes,0.8746275570944994,B1,0.8596314712974095
A00156,20,Female,Asian,USA,Christian,Married,LGBTQ+,No,missing,English,majority,ML Engineer,5,Associates,Tier 2,0.950516366535799,0.9555910991740109,Smith,Sam,2026-04-01,Referral,No,0.950516366535799,B1,0.8815876323290033
A00157,56,Male,Asian,USA,Christian,Divorced,Heterosexual,No,missing,English,majority,Software Engineer,1,PhD,Tier 2,0.0006355166175550098,0.04519034940060618,Rodriguez,Casey,2026-04-01,Direct,No,0.0006355166175550098,,-0.03970677976350102
A00158,45,Female,White,USA,Christian,Married,Heterosexual,No,missing,English,majority,Software Engineer,3,Bachelor's,Tier 2,0.070565934511708,0.291128200160485,Garcia,Casey,2026-04-01,Indeed,No,0.070565934511708,B1,0.15326881195172953
A00159,42,Male,White,USA,Muslim,Single,Heterosexual,Yes,missing,Farsi,minority,Senior Software Engineer,0,PhD,Tier 1,0.4135938192058991,0.5953154408846542,Williams,Casey,2026-04-01,Indeed,No,0.4135938192058991,,0.3800321583933132
A00160,54,Male,White,USA,Christian,Single,Heterosexual,No,missing,English,majority,Business Analyst,4,High School,Tier 3,0.2623849508944823,0.7758493850882902,Brown,Casey,2026-04-01,Referral,No,0.2623849508944823,,0.20968026151330768
A00161,43,Female,White,USA,Buddhist,Married,Heterosexual,No,missing,English,majority,DevOps Engineer,9,Bachelor's,Tier 2,0.06595547426230897,0.5214830160156729,Smith,Skyler,2026-04-01,Referral,No,0.06595547426230897,B1,0.08282179089106051
A00162,23,Female,Hispanic,USA,missing,Married,Heterosexual,No,missing,English,majority,DevOps Engineer,7,PhD,Tier 2,0.0036648983371528887,0.7415578937915898,Garcia,Riley,2026-04-01,Direct,No,0.0036648983371528887,B1,0.0740285083149795
A00163,55,Male,White,USA,Christian,Single,Heterosexual,No,missing,English,majority,Software Engineer,17,Bachelor's,Tier 3,0.03730450055951828,0.9763588666342387,Brown,Morgan,2026-04-01,Direct,No,0.03730450055951828,,-0.03539671456454212
A00164,55,Female,Asian,USA,Muslim,Single,Heterosexual,No,missing,English,minority,Marketing Manager,17,PhD,Tier 1,0.7632732833399875,0.4650323737314642,Diallo,Riley,2026-04-01,Direct,Yes,0.7632732833399875,,0.7528471909274239
A00165,48,Male,Black,USA,Christian,Divorced,Heterosexual,No,missing,English,majority,DevOps Engineer,5,Bachelor's,missing,0.4878993616576872,0.17278749523583148,Garcia,Morgan,2026-04-01,Direct,No,0.4878993616576872,,0.45629673396094184
A00166,36,Female,White,USA,Christian,Married,Heterosexual,No,missing,English,majority,Senior Software Engineer,17,Master's,Tier 3,0.7255231204650541,0.4272101318079815,Diallo,Sam,2026-04-01,Direct,No,0.7255231204650541,B1,0.6374721467486839
A00167,22,Female,Native American,USA,Christian,Married,Heterosexual,No,missing,English,minority,Data Scientist,8,Master's,Tier 3,0.0006826613860078101,0.7909306783989849,Brown,Skyler,2026-04-01,Referral,No,0.0006826613860078101,B1,0.037428996848927386
A00168,29,Male,White,USA,Christian,Single,Heterosexual,No,Visual,Spanish,majority,Marketing Manager,1,Bachelor's,Tier 3,0.6073545353674861,0.2472172614597239,Williams,Morgan,2026-04-01,LinkedIn,No,0.6073545353674861,,0.6061823394397439
A00169,60,Male,White,Vietnam,Muslim,Married,Heterosexual,No,Visual,English,majority,Software Engineer,6,Associates,Tier 1,0.6242240803091511,0.8347836234741213,Kim,Taylor,2026-04-01,LinkedIn,No,0.6242240803091511,,0.6277961725237814
A00170,57,Male,White,USA,Jewish,Married,Heterosexual,No,missing,Hindi,minority,Data Scientist,23,Master's,missing,0.2438873131046213,0.8683225243500909,Lee,Skyler,2026-04-01,LinkedIn,No,0.2438873131046213,,0.20627173948234184
A00171,59,Female,White,USA,Christian,Single,Heterosexual,No,missing,English,minority,Senior Software Engineer,1,Associates,missing,0.42291270319056884,0.5769656967271605,Johnson,Alex,2026-04-01,Indeed,No,0.42291270319056884,B1,0.44565191134041465
A00172,59,Male,Black,USA,Buddhist,Single,Heterosexual,No,missing,Spanish,minority,Sales Representative,23,Master's,missing,0.41130089720975727,0.27704307606915113,Nguyen,Sam,2026-04-01,Referral,No,0.41130089720975727,,0.3843360297353912
A00173,29,Male,Asian,USA,Christian,Married,Heterosexual,No,missing,English,minority,Sales Representative,23,Bachelor's,Tier 3,0.23880751586644622,0.7660358610806489,Okafor,Sam,2026-04-01,Indeed,No,0.23880751586644622,,0.23166235544160818
A00174,52,Male,White,USA,Christian,Single,Heterosexual,No,missing,English,minority,Product Manager,7,Master's,Tier 2,0.9415750370912463,0.12293998038226417,Diallo,Casey,2026-04-01,LinkedIn,Yes,0.9415750370912463,,0.8861619974821707
A00175,26,Female,Asian,Mexico,Christian,Single,Heterosexual,No,missing,English,majority,Data Scientist,11,Associates,Tier 2,0.8855055284291272,0.3601880453700078,Brown,Morgan,2026-04-01,LinkedIn,Yes,0.8855055284291272,B1,0.8247003904187175
A00176,60,Male,White,USA,Hindu,Single,Heterosexual,No,missing,Hindi,majority,UX Designer,2,Bachelor's,Tier 2,0.8614146077766461,0.8190312025174451,Rodriguez,Alex,2026-04-01,Referral,Yes,0.8614146077766461,,0.9281912005416473
A00177,43,Female,White,USA,Christian,Married,Heterosexual,No,missing,Mandarin,minority,Product Manager,7,Bachelor's,missing,0.9552314840933795,0.5388436057165132,Chen,Morgan,2026-04-01,LinkedIn,Yes,0.9552314840933795,,0.9298762488664558
A00178,37,Female,Middle Eastern,USA,Muslim,Married,LGBTQ+,No,missing,English,minority,Data Scientist,22,Master's,Tier 3,0.6602034759589808,0.424986198320494,Garcia,Skyler,2026-04-01,Referral,No,0.6602034759589808,B1,0.6747874937767708
A00179,32,Male,White,USA,Christian,Married,Heterosexual,No,missing,English,majority,Senior Software Engineer,7,Bachelor's,Tier 2,0.5735358435685893,0.7817593147971136,Hernandez,Riley,2026-04-01,Referral,No,0.5735358435685893,,0.5718463218302207
A00180,26,Male,Asian,USA,Christian,Single,Heterosexual,No,missing,Hindi,majority,Senior Software Engineer,15,Bachelor's,Tier 3,0.09433766666377419,0.13319270893661017,Chen,Casey,2026-04-01,Indeed,No,0.09433766666377419,,0.07228040652566498
A00181,38,Female,Black,USA,Christian,Married,Heterosexual,No,Hearing,English,majority,Software Engineer,2,Bachelor's,Tier 2,0.7233465266922293,0.8767027852044733,Kim,Jordan,2026-04-01,LinkedIn,No,0.7233465266922293,B1,0.6979484781753683
A00182,33,Female,White,USA,Muslim,Single,Heterosexual,No,missing,English,majority,Sales Representative,1,Bachelor's,Tier 3,0.9713837923547106,0.13279979579902612,Ahmed,Taylor,2026-04-01,Referral,Yes,0.9713837923547106,,1.00288792192699
A00183,36,Female,Hispanic,USA,Christian,Single,Heterosexual,No,Hearing,Spanish,minority,ML Engineer,6,Bachelor's,Tier 2,0.6491159695625139,0.5302169184418821,Cohen,Skyler,2026-04-01,Direct,No,0.6491159695625139,B1,0.6340225893358185
A00184,24,Male,Black,USA,Muslim,Married,Heterosexual,No,missing,English,minority,Senior Software Engineer,1,Bachelor's,Tier 2,0.6100928007120059,0.2879977532722465,Hernandez,Alex,2026-04-01,Indeed,No,0.6100928007120059,,0.6025206183034413
A00185,54,Male,White,USA,Buddhist,Divorced,Heterosexual,No,Visual,English,majority,UX Designer,9,Bachelor's,Tier 1,0.18554381952368326,0.10378171773377587,Williams,Jordan,2026-04-01,Referral,No,0.18554381952368326,,0.18665489738340724
A00186,23,Male,White,China,missing,Married,Heterosexual,No,Cognitive/Neurodivergent,English,majority,ML Engineer,4,High School,Tier 2,0.4522102100597891,0.49438753495567955,Garcia,Alex,2026-04-01,Referral,No,0.4522102100597891,,0.5110356260723892
A00187,51,Male,White,China,missing,Single,Heterosexual,No,missing,English,minority,Product Manager,9,Bachelor's,missing,0.8365228928530635,0.602385654471556,Williams,Jordan,2026-04-01,Referral,Yes,0.8365228928530635,,0.8705484415847203
A00188,40,Female,White,USA,missing,missing,LGBTQ+,No,missing,English,minority,Software Engineer,10,Bachelor's,Tier 1,0.12744810884394364,0.9176530799942038,Ahmed,Casey,2026-04-01,LinkedIn,No,0.12744810884394364,B1,0.14657812223034328
A00189,58,Female,White,USA,Christian,Single,Heterosexual,Yes,missing,English,majority,Data Scientist,12,Master's,Tier 2,0.07785348555082616,0.03633960378943302,Okafor,Alex,2026-04-01,LinkedIn,No,0.07785348555082616,B1,0.04967491588316408
A00190,46,Male,Hispanic,USA,Christian,Single,Heterosexual,No,missing,English,majority,Software Engineer,9,Master's,Tier 3,0.08084920672933293,0.6755506345976549,Hernandez,Morgan,2026-04-01,Indeed,No,0.08084920672933293,,0.011750770729009666
A00191,48,Female,White,USA,Christian,Married,Heterosexual,No,missing,English,minority,UX Designer,8,Bachelor's,Tier 3,0.26003199296778123,0.3461165892609265,Lee,Skyler,2026-04-01,Direct,No,0.26003199296778123,,0.30750848955454635
A00192,36,Male,Hispanic,China,Christian,Married,Heterosexual,No,missing,English,majority,Senior Software Engineer,13,Bachelor's,Tier 1,0.4851522190753812,0.7743286762277697,Diallo,Skyler,2026-04-01,Direct,No,0.4851522190753812,,0.533474575786425
A00193,36,Female,Middle Eastern,USA,Christian,Single,Heterosexual,No,missing,English,majority,DevOps Engineer,21,Bachelor's,Tier 3,0.9791043175708001,0.9504459528214778,Okafor,Morgan,2026-04-01,Referral,No,0.9791043175708001,B1,0.9720688976146331
A00194,42,Male,White,USA,Christian,Married,Heterosexual,No,missing,Mandarin,majority,Marketing Manager,22,Master's,missing,0.36749945626948644,0.9403639207774356,Johnson,Jordan,2026-04-01,Direct,No,0.36749945626948644,,0.3945936483496623
A00195,51,Female,White,USA,Christian,Married,Heterosexual,No,missing,English,minority,DevOps Engineer,4,Bachelor's,Tier 3,0.5303773565515748,0.45398147377250697,Diallo,Skyler,2026-04-01,Indeed,No,0.5303773565515748,B1,0.569449509245845
A00196,29,Male,Native American,USA,missing,Single,Heterosexual,No,Cognitive/Neurodivergent,English,minority,Business Analyst,3,Bachelor's,Tier 1,0.6140885972061043,0.36019590564397164,Brown,Riley,2026-04-01,Referral,No,0.6140885972061043,,0.6556478198393534
A00197,25,Male,White,USA,Christian,missing,Prefer not to say,No,missing,English,majority,Data Scientist,20,Bachelor's,Tier 1,0.9204643792295323,0.5778844559609554,Rodriguez,Riley,2026-04-01,LinkedIn,Yes,0.9204643792295323,,0.9665335528918558
A00198,44,Female,White,USA,Christian,Divorced,Heterosexual,No,missing,English,majority,Sales Representative,10,Bachelor's,Tier 2,0.7951140401332186,0.7858082026204837,Ahmed,Taylor,2026-04-01,LinkedIn,Yes,0.7951140401332186,,0.772333157600162
A00199,31,Male,White,USA,Christian,Single,Heterosexual,No,missing,English,majority,Sales Representative,13,Bachelor's,Tier 1,0.5046397862254113,0.6953667862288266,Ahmed,Alex,2026-04-01,Direct,No,0.5046397862254113,,0.5803884353586471
A00200,39,Female,White,USA,Christian,Single,Heterosexual,No,missing,English,minority,UX Designer,6,Bachelor's,missing,0.0030373111400212593,0.527669996781412,Chen,Casey,2026-04-01,Indeed,No,0.0030373111400212593,,-0.05929234177426416
A00201,45,Female,White,USA,Christian,Single,Heterosexual,No,missing,English,majority,Marketing Manager,15,Bachelor's,Tier 2,0.6445718551464199,0.8171444269800194,Patel,Casey,2026-04-01,Referral,No,0.6445718551464199,,0.6876580089961024
A00202,40,Male,Black,USA,Muslim,Single,Heterosexual,No,missing,English,minority,UX Designer,7,Bachelor's,Tier 3,0.10059414070674866,0.13270026670843815,Lee,Casey,2026-04-01,Direct,No,0.10059414070674866,,0.12529074465828657
A00203,21,Female,White,USA,Muslim,Single,Heterosexual,No,missing,English,majority,Senior Software Engineer,5,Bachelor's,missing,0.9825777853856427,0.8927588478246313,Lee,Jordan,2026-04-01,Referral,Yes,0.9825777853856427,B1,1.0262587410618678
A00204,46,Male,White,USA,missing,Single,LGBTQ+,No,missing,English,majority,ML Engineer,23,High School,Tier 3,0.055161927893178975,0.250524422225355,Brown,Casey,2026-04-01,LinkedIn,No,0.055161927893178975,,0.14911234324801584
A00205,25,Female,Hispanic,USA,Christian,Single,Heterosexual,No,missing,English,minority,Senior Software Engineer,22,Associates,Tier 2,0.6139236129247134,0.8743001845525332,Chen,Skyler,2026-04-01,LinkedIn,No,0.6139236129247134,B1,0.6881458865936458
A00206,41,Female,Black,USA,Muslim,Single,Heterosexual,No,missing,English,majority,Marketing Manager,2,Master's,Tier 2,0.6301897418745944,0.0899515733664179,Patel,Sam,2026-04-01,Direct,No,0.6301897418745944,,0.5729308965151282
A00207,23,Female,White,USA,Muslim,Married,Heterosexual,No,missing,English,minority,Product Manager,15,Master's,Tier 3,0.5914098903927119,0.16647064115754506,Diallo,Skyler,2026-04-01,LinkedIn,No,0.5914098903927119,,0.506976311379319
A00208,53,Female,Asian,USA,Christian,Single,Heterosexual,No,missing,Mandarin,majority,UX Designer,18,Bachelor's,Tier 3,0.3944586454592387,0.1905880304068639,Patel,Riley,2026-04-01,LinkedIn,No,0.3944586454592387,,0.43530309841192855
A00209,25,Female,White,USA,Muslim,Single,Heterosexual,No,missing,Spanish,minority,Sales Representative,8,Associates,Tier 2,0.015322582888153358,0.8079748181545336,Johnson,Jordan,2026-04-01,Indeed,No,0.015322582888153358,,-0.0354280379056428
A00210,31,Male,White,USA,missing,Married,Heterosexual,Yes,missing,English,majority,Software Engineer,14,Bachelor's,Tier 2,0.08975520392657044,0.7124403525221651,Diallo,Sam,2026-04-01,Direct,No,0.08975520392657044,,0.08913493449419477
A00211,60,Female,White,USA,Christian,Married,Heterosexual,Yes,missing,English,majority,Marketing Manager,11,Bachelor's,missing,0.27914422356475355,0.07344112532313951,Chen,Skyler,2026-04-01,Referral,No,0.27914422356475355,,0.32113059741501326
A00212,50,Female,Asian,USA,Muslim,Married,Heterosexual,No,Visual,English,majority,Senior Software Engineer,18,Master's,missing,0.47794679560422537,0.652004315334089,Patel,Riley,2026-04-01,Direct,No,0.47794679560422537,B1,0.39575692804494605
A00213,54,Male,Black,USA,Buddhist,Single,Heterosexual,No,missing,Mandarin,majority,Marketing Manager,21,Bachelor's,Tier 2,0.012187082324633614,0.17381559901932075,Smith,Jordan,2026-04-01,LinkedIn,No,0.012187082324633614,,-0.09331194039084033
A00214,45,Male,White,USA,Christian,Single,Heterosexual,No,missing,Spanish,majority,ML Engineer,16,Bachelor's,missing,0.23463144571854988,0.8630085095218599,Singh,Casey,2026-04-01,Indeed,No,0.23463144571854988,,0.24759639673541123
A00215,59,Female,Hispanic,USA,Christian,Divorced,Heterosexual,No,missing,English,minority,Senior Software Engineer,22,Bachelor's,missing,0.7098403820913777,0.7911641100907572,Okafor,Alex,2026-04-01,Indeed,Yes,0.7098403820913777,B1,0.7120596765720425
A00216,23,Female,White,USA,missing,Single,Heterosexual,No,missing,Vietnamese,minority,Software Engineer,10,Bachelor's,Tier 2,0.4443209100568627,0.25543108921600144,Chen,Taylor,2026-04-01,Referral,No,0.4443209100568627,B1,0.43203075648776657
A00217,50,Male,White,USA,Christian,Married,Heterosexual,No,missing,English,majority,Marketing Manager,16,Bachelor's,Tier 3,0.7261511899066572,0.7774290846838787,Cohen,Riley,2026-04-01,Referral,Yes,0.7261511899066572,,0.728077928095168
A00218,50,Male,Hispanic,USA,Christian,Single,Heterosexual,No,missing,Vietnamese,majority,Marketing Manager,22,Bachelor's,Tier 2,0.5652618726054083,0.25302825987405264,Kim,Jordan,2026-04-01,Indeed,No,0.5652618726054083,,0.5222360922370443
A00219,34,Male,White,Egypt,Christian,Married,Heterosexual,No,missing,English,minority,Business Analyst,21,Bachelor's,missing,0.402843553552907,0.04628135639931685,Singh,Alex,2026-04-01,LinkedIn,No,0.402843553552907,,0.3271688331893017
A00220,32,Female,Middle Eastern,USA,missing,Married,Prefer not to say,No,missing,English,majority,Software Engineer,12,Associates,Tier 3,0.8808827780368872,0.6656474316397568,Singh,Morgan,2026-04-01,Direct,Yes,0.8808827780368872,B1,0.8725500354928711
A00221,32,Female,White,USA,Christian,Single,Heterosexual,No,missing,English,majority,Data Scientist,0,Bachelor's,Tier 1,0.8754911856709626,0.778290281792215,Rodriguez,Jordan,2026-04-01,LinkedIn,Yes,0.8754911856709626,B1,0.8269057511184931
A00222,48,Female,Black,USA,Christian,Single,Heterosexual,No,missing,Spanish,majority,DevOps Engineer,12,Bachelor's,Tier 3,0.2702820238567729,0.6588380333134719,Garcia,Taylor,2026-04-01,LinkedIn,No,0.2702820238567729,B1,0.18810795773621758
A00223,58,Female,Hispanic,USA,Christian,Divorced,Heterosexual,No,missing,English,majority,DevOps Engineer,9,Bachelor's,Tier 3,0.28618966733909823,0.730926904145674,Chen,Taylor,2026-04-01,Indeed,No,0.28618966733909823,B1,0.3114737209087621
A00224,40,Female,Asian,USA,missing,Married,Heterosexual,No,Mobility,English,minority,Sales Representative,14,Associates,Tier 3,0.48255527808818177,0.5108508224509609,Johnson,Taylor,2026-04-01,Referral,No,0.48255527808818177,,0.479485346667073
A00225,52,Male,White,USA,missing,Divorced,LGBTQ+,No,missing,Spanish,minority,Senior Software Engineer,20,Associates,Tier 2,0.5344075394274456,0.7677121031746267,Patel,Alex,2026-04-01,Direct,No,0.5344075394274456,,0.5547339662590862
A00226,35,Female,White,USA,Christian,Married,Heterosexual,No,missing,English,majority,Data Scientist,12,Master's,Tier 2,0.9989556522915115,0.4784499434429005,Kim,Alex,2026-04-01,Direct,Yes,0.9989556522915115,B1,0.9494909052202146
A00227,61,Male,Asian,China,missing,Divorced,Heterosexual,No,missing,English,majority,Product Manager,7,Bachelor's,Tier 2,0.729006454380483,0.7108796370092442,Chen,Skyler,2026-04-01,Indeed,Yes,0.729006454380483,,0.6961035147886501
A00228,37,Female,White,USA,missing,Single,Heterosexual,No,missing,English,majority,Sales Representative,10,Bachelor's,Tier 2,0.5900673088154421,0.19764912349228003,Cohen,Morgan,2026-04-01,Indeed,No,0.5900673088154421,,0.5401151574544338
A00229,31,Female,White,USA,Christian,Single,Heterosexual,No,Cognitive/Neurodivergent,English,majority,UX Designer,3,High School,Tier 3,0.8612762997553329,0.9791830471115072,Johnson,Morgan,2026-04-01,Direct,Yes,0.8612762997553329,,0.8169442064024305
A00230,30,Male,White,USA,Christian,Single,LGBTQ+,No,missing,English,majority,Marketing Manager,5,Bachelor's,Tier 3,0.744462256303219,0.93249091510326,Ahmed,Riley,2026-04-01,Referral,Yes,0.744462256303219,,0.7542326521906891
A00231,23,Male,White,China,Christian,Divorced,Heterosexual,No,missing,English,majority,UX Designer,11,Bachelor's,Tier 2,0.021731954529950803,0.4187314837787225,Lee,Casey,2026-04-01,LinkedIn,No,0.021731954529950803,,-0.01741677628679649
A00232,32,Female,White,China,Christian,Single,Heterosexual,No,missing,Spanish,majority,Marketing Manager,21,Master's,Tier 1,0.5875257734978618,0.33202794007882286,Lee,Jordan,2026-04-01,Direct,No,0.5875257734978618,,0.6053290879388755
A00233,39,Male,Hispanic,Mexico,Christian,Single,Heterosexual,No,missing,English,minority,Software Engineer,15,Master's,Tier 1,0.4700106285680322,0.30551838149025967,Okafor,Sam,2026-04-01,LinkedIn,No,0.4700106285680322,,0.486998424838943
A00234,46,Female,Black,Mexico,missing,Single,Heterosexual,No,missing,English,majority,Software Engineer,16,Master's,Tier 1,0.49533802954229267,0.15222043689597586,Patel,Jordan,2026-04-01,Referral,No,0.49533802954229267,B1,0.5965960788862978
A00235,29,Non-binary,White,USA,missing,Single,Heterosexual,No,Cognitive/Neurodivergent,English,majority,UX Designer,7,Associates,missing,0.6892651719517533,0.32000736761526793,Diallo,Casey,2026-04-01,Referral,No,0.6892651719517533,,0.6196257196584128
A00236,45,Female,White,USA,Christian,Single,Heterosexual,No,missing,English,majority,Software Engineer,19,Master's,Tier 2,0.1439126149952905,0.15284638555242624,Singh,Alex,2026-04-01,Referral,No,0.1439126149952905,B1,0.18830773388704278
A00237,57,Female,Asian,USA,missing,Married,Heterosexual,Yes,missing,English,majority,Software Engineer,1,Associates,Tier 1,0.8642663885996367,0.9929231857248542,Khan,Casey,2026-04-01,Indeed,Yes,0.8642663885996367,B1,0.8597919905052157
A00238,62,Female,White,USA,Christian,Married,Heterosexual,No,missing,English,majority,Marketing Manager,6,Bachelor's,Tier 3,0.5264751476884212,0.42437262710693135,Kim,Skyler,2026-04-01,LinkedIn,No,0.5264751476884212,,0.5257736611818713
A00239,45,Female,White,USA,Christian,Married,Heterosexual,No,missing,English,minority,ML Engineer,16,High School,Tier 3,0.6432726209056776,0.5111461056306355,Garcia,Skyler,2026-04-01,Direct,No,0.6432726209056776,B1,0.570779429810347
A00240,37,Male,Black,India,Christian,Married,Heterosexual,No,Cognitive/Neurodivergent,English,minority,Sales Representative,11,High School,Tier 2,0.37823652184390955,0.26322416607755683,Lee,Morgan,2026-04-01,LinkedIn,No,0.37823652184390955,,0.35522683120767684
A00241,45,Female,Hispanic,USA,Christian,Married,LGBTQ+,No,missing,English,majority,Business Analyst,10,Bachelor's,Tier 2,0.8159044671055984,0.9054389499298138,Nguyen,Sam,2026-04-01,Indeed,Yes,0.8159044671055984,,0.853064330277796
A00242,42,Female,Asian,USA,Christian,Divorced,Heterosexual,No,Cognitive/Neurodivergent,Hindi,majority,ML Engineer,24,Master's,Tier 2,0.7737046301426258,0.27870909369155594,Lee,Morgan,2026-04-01,Direct,No,0.7737046301426258,B1,0.7695807115417606
A00243,60,Female,Asian,USA,missing,Single,Heterosexual,No,missing,English,majority,Senior Software Engineer,24,Bachelor's,Tier 2,0.9253581943793456,0.22575549509454595,Diallo,Morgan,2026-04-01,LinkedIn,Yes,0.9253581943793456,B1,0.929410912899909
A00244,44,Male,White,USA,Hindu,Married,Heterosexual,No,Visual,English,minority,Business Analyst,15,Master's,Tier 3,0.15783593252240902,0.7255082255162711,Okafor,Morgan,2026-04-01,Referral,No,0.15783593252240902,,0.14330009849238196
A00245,47,Male,Middle Eastern,USA,Christian,Married,Heterosexual,No,Visual,Vietnamese,minority,Sales Representative,1,Master's,Tier 3,0.5617899329326771,0.12248587618478446,Okafor,Morgan,2026-04-01,Referral,No,0.5617899329326771,,0.6195184202819914
A00246,41,Male,White,USA,missing,Single,Heterosexual,No,missing,Spanish,majority,Software Engineer,17,Bachelor's,Tier 2,0.6127211077410225,0.22404611086557447,Garcia,Alex,2026-04-01,Direct,No,0.6127211077410225,,0.6116474793888478
A00247,55,Male,Asian,USA,Christian,Single,Heterosexual,No,missing,English,minority,Senior Software Engineer,9,Bachelor's,Tier 3,0.3250391773989664,0.981288046272832,Williams,Riley,2026-04-01,Referral,No,0.3250391773989664,,0.21501839377486326
A00248,36,Male,Asian,USA,Christian,Single,Heterosexual,No,missing,English,minority,UX Designer,15,Bachelor's,Tier 2,0.9836072240526313,0.6310716447626056,Wang,Morgan,2026-04-01,Referral,Yes,0.9836072240526313,,0.9490035965289069
A00249,57,Male,White,USA,Christian,Married,Heterosexual,Yes,Cognitive/Neurodivergent,Spanish,majority,Software Engineer,20,Bachelor's,Tier 1,0.32587312235249055,0.5250583578221956,Patel,Alex,2026-04-01,Referral,No,0.32587312235249055,,0.2274332919984784
A00250,34,Male,White,USA,Christian,Single,Heterosexual,Yes,missing,English,majority,Business Analyst,15,Bachelor's,Tier 1,0.5338851601234961,0.33824500140662483,Patel,Morgan,2026-04-01,LinkedIn,No,0.5338851601234961,,0.3713132393486691
A00251,51,Male,White,USA,Christian,Married,Heterosexual,No,missing,English,majority,Data Scientist,6,PhD,Tier 1,0.6873267279382987,0.6822002152181621,Lee,Alex,2026-04-01,Referral,No,0.6873267279382987,,0.6608209604496831
A00252,62,Female,Hispanic,USA,Christian,Single,Heterosexual,No,missing,English,minority,Software Engineer,4,Master's,Tier 3,0.8475471014228563,0.2759876188416587,Singh,Riley,2026-04-01,Direct,No,0.8475471014228563,B1,0.9142250939279924
A00253,39,Male,Hispanic,USA,Muslim,Married,Heterosexual,No,missing,English,minority,Sales Representative,16,Bachelor's,Tier 1,0.15163006708694993,0.6812843507957852,Brown,Jordan,2026-04-01,LinkedIn,No,0.15163006708694993,,0.15398606239347956
A00254,29,Male,Hispanic,USA,Christian,Divorced,Heterosexual,No,Hearing,English,majority,Data Scientist,16,Master's,Tier 3,0.8544117756611656,0.8851312226125212,Singh,Taylor,2026-04-01,Indeed,Yes,0.8544117756611656,,0.7957844902909166
A00255,36,Female,Hispanic,USA,missing,Divorced,Heterosexual,No,missing,Spanish,majority,Data Scientist,20,Bachelor's,Tier 1,0.7452715611802297,0.39622269158184786,Cohen,Riley,2026-04-01,Indeed,Yes,0.7452715611802297,B1,0.6982365677701087
A00256,51,Female,White,USA,Christian,Single,Heterosexual,No,Cognitive/Neurodivergent,English,minority,Product Manager,2,Associates,Tier 2,0.7327390739316443,0.2336957597387973,Hernandez,Morgan,2026-04-01,Indeed,Yes,0.7327390739316443,,0.7892697354441447
A00257,44,Female,White,USA,Christian,Single,Heterosexual,No,missing,English,majority,Product Manager,16,Bachelor's,Tier 1,0.12701044089981917,0.2147667238857346,Okafor,Jordan,2026-04-01,Indeed,No,0.12701044089981917,,0.1348917720697424
A00258,28,Female,Black,USA,Christian,Single,Heterosexual,No,missing,English,majority,Data Scientist,18,Associates,missing,0.05922395638552691,0.25137846541459186,Hernandez,Skyler,2026-04-01,LinkedIn,No,0.05922395638552691,B1,0.06162391846362976
A00259,36,Female,White,USA,Christian,Single,Heterosexual,Yes,missing,English,minority,Software Engineer,14,High School,Tier 3,0.7585360636237855,0.3225345152976965,Brown,Taylor,2026-04-01,Indeed,Yes,0.7585360636237855,B1,0.7558629741818826
A00260,48,Female,White,USA,Christian,Married,Heterosexual,No,missing,English,minority,UX Designer,23,High School,Tier 2,0.982496638528454,0.9757221780941006,Ahmed,Alex,2026-04-01,LinkedIn,Yes,0.982496638528454,,0.9844166516062214
A00261,56,Male,Hispanic,USA,Hindu,Single,Heterosexual,Yes,missing,English,minority,Data Scientist,24,Bachelor's,Tier 2,0.19343546660111555,0.05991723029772866,Smith,Skyler,2026-04-01,Direct,No,0.19343546660111555,,0.23370574894830548
A00262,58,Female,White,USA,Muslim,Single,Heterosexual,Yes,missing,English,majority,Senior Software Engineer,12,Bachelor's,Tier 3,0.6115900611918489,0.038924221754567556,Lee,Jordan,2026-04-01,Referral,No,0.6115900611918489,B1,0.6392184260596526
A00263,27,Male,White,USA,Christian,Single,Heterosexual,No,missing,English,majority,Business Analyst,3,High School,missing,0.7492980431941741,0.20910802792621674,Lee,Morgan,2026-04-01,Referral,Yes,0.7492980431941741,,0.7600832781953989
A00264,51,Male,Hispanic,USA,Hindu,Single,Heterosexual,No,missing,English,majority,DevOps Engineer,15,Bachelor's,Tier 1,0.9705802794651107,0.7768850969357056,Kim,Sam,2026-04-01,Direct,Yes,0.9705802794651107,,0.9184368615856102
A00265,39,Female,White,Iran,Christian,Married,Heterosexual,Yes,Mobility,English,majority,Software Engineer,3,Bachelor's,Tier 2,0.3759569477723955,0.7289958014190365,Brown,Jordan,2026-04-01,Indeed,No,0.3759569477723955,B1,0.40151238601788186
A00266,39,Male,White,Mexico,Christian,Married,Heterosexual,No,missing,English,majority,DevOps Engineer,24,Bachelor's,Tier 2,0.36834682893697557,0.9250350694127326,Ahmed,Morgan,2026-04-01,Indeed,No,0.36834682893697557,,0.3341344750373509
A00267,31,Male,White,USA,missing,Single,Heterosexual,No,missing,Hindi,majority,Product Manager,13,Master's,missing,0.10498682944592941,0.7417092933997214,Patel,Sam,2026-04-01,Direct,No,0.10498682944592941,,0.15967911324095335
A00268,53,Female,Hispanic,USA,Christian,Single,Heterosexual,No,missing,Spanish,majority,Data Scientist,4,Associates,Tier 2,0.5240818207150548,0.07567739752676839,Nguyen,Taylor,2026-04-01,LinkedIn,No,0.5240818207150548,B1,0.46052927962884843
A00269,47,Female,Asian,USA,missing,Single,Heterosexual,No,missing,English,majority,Senior Software Engineer,19,Bachelor's,Tier 3,0.9005772393887004,0.40396586907237286,Williams,Jordan,2026-04-01,Direct,No,0.9005772393887004,B1,0.893696190574921
A00270,56,Male,White,Mexico,Christian,Single,Heterosexual,No,missing,English,minority,Marketing Manager,18,Bachelor's,Tier 2,0.7552221013243748,0.8706921767155881,Chen,Morgan,2026-04-01,Direct,Yes,0.7552221013243748,,0.7548541870098113
A00271,37,Male,White,USA,Christian,Single,Heterosexual,No,missing,Spanish,majority,Product Manager,18,Bachelor's,Tier 2,0.47049391252902384,0.02022592726715544,Williams,Riley,2026-04-01,Referral,No,0.47049391252902384,,0.404261634996817
A00272,52,Male,White,USA,Christian,Single,Heterosexual,No,missing,English,minority,Sales Representative,10,Bachelor's,Tier 2,0.40600450512715436,0.22081990360476,Chen,Morgan,2026-04-01,Direct,No,0.40600450512715436,,0.4921030873199783
A00273,39,Male,Asian,USA,Buddhist,Single,Prefer not to say,No,missing,Hindi,majority,UX Designer,19,Bachelor's,Tier 2,0.6802737162905544,0.7726669034658578,Cohen,Riley,2026-04-01,Indeed,No,0.6802737162905544,,0.753294054653532
A00274,34,Male,White,USA,Hindu,Married,Heterosexual,No,Hearing,English,majority,Product Manager,5,Bachelor's,Tier 1,0.9098476096800118,0.40913067991677066,Johnson,Taylor,2026-04-01,Referral,Yes,0.9098476096800118,,0.8866684215995576
A00275,34,Male,White,USA,Christian,missing,Heterosexual,No,missing,English,majority,Marketing Manager,21,Bachelor's,Tier 3,0.2597302609142511,0.5752758405076234,Kim,Alex,2026-04-01,LinkedIn,No,0.2597302609142511,,0.29831631919247725
A00276,56,Male,White,USA,Christian,missing,LGBTQ+,No,missing,English,majority,ML Engineer,17,PhD,missing,0.7758846661768037,0.4142262373285416,Patel,Riley,2026-04-01,Referral,Yes,0.7758846661768037,,0.7948184696603143
A00277,21,Male,White,Vietnam,Muslim,Married,Prefer not to say,No,Mobility,English,majority,ML Engineer,1,Bachelor's,Tier 2,0.3281388851535352,0.17216955482686946,Johnson,Skyler,2026-04-01,Direct,No,0.3281388851535352,,0.19746091198627228
A00278,21,Female,White,USA,Christian,Single,Heterosexual,Yes,missing,English,minority,ML Engineer,14,Master's,Tier 3,0.7717448898555231,0.1936239004068303,Rodriguez,Taylor,2026-04-01,Referral,Yes,0.7717448898555231,B1,0.7842647906694027
A00279,47,Male,White,USA,Muslim,Single,Heterosexual,No,missing,English,majority,Business Analyst,1,Associates,Tier 2,0.28918732681944637,0.2460622094208882,Ahmed,Riley,2026-04-01,Direct,No,0.28918732681944637,,0.28612012282778393
A00280,50,Male,Hispanic,USA,Christian,Single,Heterosexual,No,missing,English,majority,Marketing Manager,8,Bachelor's,Tier 3,0.6508738449445725,0.7405809062125839,Ahmed,Riley,2026-04-01,Indeed,No,0.6508738449445725,,0.6550347126182989
A00281,35,Female,White,USA,Muslim,Married,Heterosexual,No,missing,English,majority,Data Scientist,8,PhD,Tier 3,0.2164704509403509,0.6406766909676395,Patel,Jordan,2026-04-01,LinkedIn,No,0.2164704509403509,B1,0.16262670494899198
A00282,52,Female,Black,USA,Christian,Single,Heterosexual,No,Visual,Mandarin,minority,Marketing Manager,8,Bachelor's,missing,0.6678225317744264,0.44578410943470725,Rodriguez,Alex,2026-04-01,Indeed,No,0.6678225317744264,,0.6543551794634062
A00283,62,Male,White,Vietnam,Muslim,Married,Heterosexual,No,missing,English,majority,Marketing Manager,15,Bachelor's,Tier 1,0.8796762538600017,0.26854498170816343,Williams,Skyler,2026-04-01,LinkedIn,Yes,0.8796762538600017,,0.8707633156908868
A00284,34,Female,Hispanic,USA,Christian,Single,Heterosexual,Yes,missing,English,majority,Data Scientist,2,Bachelor's,Tier 2,0.20421676489167861,0.746596156274393,Chen,Morgan,2026-04-01,LinkedIn,No,0.20421676489167861,B1,0.26362147575229455
A00285,20,Male,Black,USA,Christian,Divorced,LGBTQ+,No,missing,English,minority,Data Scientist,13,Master's,Tier 2,0.7577631834126117,0.14742717100620573,Rodriguez,Alex,2026-04-01,Direct,Yes,0.7577631834126117,,0.7744845364321624
A00286,28,Female,Black,USA,missing,Married,Heterosexual,No,missing,Hindi,minority,ML Engineer,23,Associates,missing,0.5986505578009494,0.2692571705562785,Singh,Taylor,2026-04-01,LinkedIn,No,0.5986505578009494,B1,0.5983728062908162
A00287,55,Male,White,USA,missing,Single,Heterosexual,Yes,missing,English,majority,Sales Representative,24,Bachelor's,Tier 2,0.7912860094425682,0.2553592511907504,Lee,Skyler,2026-04-01,Referral,Yes,0.7912860094425682,,0.8677345093381152
A00288,45,Male,Middle Eastern,USA,Christian,Divorced,Heterosexual,No,missing,Farsi,majority,Data Scientist,18,PhD,missing,0.6240717268823047,0.4930034361329856,Ahmed,Jordan,2026-04-01,Direct,No,0.6240717268823047,,0.5963093303941224
A00289,49,Male,Black,USA,Christian,Divorced,Heterosexual,No,missing,English,majority,Business Analyst,8,Associates,Tier 1,0.39662216535535044,0.1745286575298136,Williams,Taylor,2026-04-01,Direct,No,0.39662216535535044,,0.3771506501115812
A00290,31,Male,White,USA,Christian,Single,Heterosexual,No,missing,English,majority,Business Analyst,13,Bachelor's,Tier 3,0.5232722818286569,0.5417030950996118,Ahmed,Taylor,2026-04-01,Indeed,No,0.5232722818286569,,0.43243453126170395
A00291,45,Male,Middle Eastern,USA,Christian,Married,LGBTQ+,No,missing,English,minority,Software Engineer,13,Bachelor's,Tier 1,0.8023229456375397,0.6798200862993579,Williams,Riley,2026-04-01,LinkedIn,Yes,0.8023229456375397,,0.8807782379517203
A00292,37,Female,White,USA,Hindu,Single,Heterosexual,No,missing,English,majority,Data Scientist,19,Master's,Tier 1,0.3996463976866673,0.5587507142012946,Okafor,Sam,2026-04-01,Indeed,No,0.3996463976866673,B1,0.44786301609638873
A00293,22,Female,White,USA,Christian,Married,Heterosexual,No,missing,English,majority,Data Scientist,10,Bachelor's,Tier 3,0.7065459832548115,0.62384708771947,Garcia,Riley,2026-04-01,Referral,No,0.7065459832548115,B1,0.752388385480397
A00294,29,Male,Hispanic,USA,Muslim,Single,Heterosexual,No,missing,Mandarin,majority,Sales Representative,14,Bachelor's,Tier 3,0.3497671978480662,0.7846559945742363,Cohen,Casey,2026-04-01,Direct,No,0.3497671978480662,,0.38321212017041306
A00295,48,Male,Black,USA,Christian,Married,Heterosexual,No,missing,English,majority,Data Scientist,18,Bachelor's,Tier 2,0.6345054795330255,0.48411092965914393,Smith,Sam,2026-04-01,LinkedIn,No,0.6345054795330255,,0.6400129089162081
A00296,43,Male,White,Mexico,missing,Single,Heterosexual,No,missing,English,majority,Senior Software Engineer,19,Master's,Tier 2,0.6959312754697589,0.7506499913741865,Brown,Casey,2026-04-01,Direct,No,0.6959312754697589,,0.7067057224288753
A00297,58,Female,White,USA,Christian,Single,Heterosexual,No,Cognitive/Neurodivergent,English,majority,Business Analyst,13,Bachelor's,Tier 1,0.5457942590477379,0.40566743806295424,Smith,Jordan,2026-04-01,Referral,No,0.5457942590477379,,0.5331939295343725
A00298,37,Male,Hispanic,USA,Jewish,Single,LGBTQ+,No,missing,Farsi,majority,Marketing Manager,22,Master's,Tier 2,0.5205146818395052,0.949597374628317,Nguyen,Taylor,2026-04-01,LinkedIn,No,0.5205146818395052,,0.5103346605533579
A00299,20,Male,Black,USA,Christian,Single,Heterosexual,No,missing,English,minority,UX Designer,2,Bachelor's,Tier 3,0.6732833497307521,0.7658130445959545,Hernandez,Taylor,2026-04-01,LinkedIn,No,0.6732833497307521,,0.6759985303164369
A00300,31,Female,White,Vietnam,Christian,Divorced,Heterosexual,No,missing,English,majority,DevOps Engineer,11,Bachelor's,Tier 2,0.5153077919052657,0.48957730484351736,Chen,Alex,2026-04-01,LinkedIn,No,0.5153077919052657,B1,0.5908992674834546
A00301,25,Female,Asian,USA,Christian,Single,Heterosexual,No,missing,English,majority,Data Scientist,1,Master's,Tier 2,0.8835766341369519,0.5336504164740856,Cohen,Alex,2026-04-01,Indeed,No,0.8835766341369519,B1,0.9113610292273558
A00302,57,Male,Black,USA,missing,Single,Heterosexual,No,missing,Spanish,majority,Product Manager,20,Bachelor's,Tier 2,0.9749583836273817,0.2660046105351095,Okafor,Riley,2026-04-01,Indeed,Yes,0.9749583836273817,,0.9720353773394387
A00303,23,Male,Asian,USA,Christian,Married,Heterosexual,No,missing,English,minority,DevOps Engineer,2,Bachelor's,Tier 2,0.6733301548308483,0.01106896282324299,Nguyen,Skyler,2026-04-01,LinkedIn,No,0.6733301548308483,,0.6443605523086785
A00304,40,Female,White,India,Christian,missing,Heterosexual,No,missing,English,minority,Marketing Manager,14,Bachelor's,Tier 2,0.1507231230278443,0.05938446365144523,Okafor,Sam,2026-04-01,Direct,No,0.1507231230278443,,0.11897319865726132
A00305,26,Female,Asian,USA,Christian,Married,Heterosexual,No,missing,English,majority,UX Designer,20,Master's,Tier 3,0.1508056434246291,0.22438507699162313,Lee,Skyler,2026-04-01,Direct,No,0.1508056434246291,,0.2309408939832536
A00306,55,Male,White,USA,Christian,Single,Heterosexual,No,missing,English,minority,Marketing Manager,19,Bachelor's,Tier 2,0.7515786938191452,0.6429695325029946,Lee,Taylor,2026-04-01,Indeed,Yes,0.7515786938191452,,0.7769130590305005
A00307,50,Male,White,USA,missing,Single,Heterosexual,No,missing,English,majority,Software Engineer,5,Master's,Tier 1,0.20918845446017553,0.22704199924952062,Kim,Casey,2026-04-01,Indeed,No,0.20918845446017553,,0.21256598237570826
A00308,54,Female,White,USA,Muslim,Divorced,Heterosexual,No,missing,English,minority,Product Manager,22,Bachelor's,Tier 1,0.46513678814522863,0.6689543668523246,Garcia,Riley,2026-04-01,Indeed,No,0.46513678814522863,,0.4478276960375925
A00309,61,Female,Hispanic,USA,Muslim,Single,Heterosexual,Yes,missing,English,majority,ML Engineer,1,Bachelor's,Tier 1,0.9678070971945478,0.11014593455929711,Williams,Skyler,2026-04-01,LinkedIn,No,0.9678070971945478,B1,0.9123544266095215
A00310,47,Female,Hispanic,USA,missing,Married,Heterosexual,No,missing,English,majority,Sales Representative,10,Bachelor's,Tier 2,0.28073232908143786,0.0027041875662283665,Nguyen,Sam,2026-04-01,LinkedIn,No,0.28073232908143786,,0.27738925120794306
A00311,54,Female,White,USA,Jewish,Married,Heterosexual,No,Visual,English,majority,ML Engineer,19,Master's,Tier 3,0.6081878754964324,0.8379844293758579,Hernandez,Taylor,2026-04-01,Indeed,No,0.6081878754964324,B1,0.6518707772199425
A00312,34,Male,White,USA,Buddhist,Single,Heterosexual,No,missing,Mandarin,majority,Product Manager,20,Master's,Tier 1,0.11187782021778148,0.694625402150667,Garcia,Casey,2026-04-01,LinkedIn,No,0.11187782021778148,,0.09225095787590698
A00313,28,Male,White,USA,Christian,Single,Heterosexual,No,Hearing,English,majority,DevOps Engineer,9,Master's,Tier 2,0.20455952192414273,0.39069115971502333,Okafor,Morgan,2026-04-01,Direct,No,0.20455952192414273,,0.1931973927741147
A00314,33,Female,Black,USA,Christian,Married,Heterosexual,No,Hearing,English,minority,Data Scientist,3,Bachelor's,Tier 2,0.333811751862509,0.4127815985146297,Smith,Riley,2026-04-01,LinkedIn,No,0.333811751862509,B1,0.3227600342905601
A00315,24,Female,White,USA,Christian,Married,Heterosexual,No,missing,English,minority,Data Scientist,6,High School,Tier 2,0.6768057754425126,0.24325910324337174,Garcia,Taylor,2026-04-01,Referral,No,0.6768057754425126,B1,0.6822854938424211
A00316,56,Female,White,USA,Christian,missing,Heterosexual,No,missing,English,majority,Data Scientist,7,Bachelor's,Tier 3,0.2810492248237145,0.37183108033362056,Patel,Sam,2026-04-01,LinkedIn,No,0.2810492248237145,B1,0.2013986808864341
A00317,62,Female,White,USA,Christian,Divorced,Heterosexual,No,missing,English,minority,Sales Representative,20,Bachelor's,Tier 2,0.6466313424564621,0.9016204564871673,Chen,Casey,2026-04-01,Direct,No,0.6466313424564621,,0.6348614248582076
A00318,35,Female,White,USA,Christian,Married,Heterosexual,No,missing,English,majority,Business Analyst,14,Associates,Tier 3,0.8346192707102134,0.3132016690549664,Ahmed,Morgan,2026-04-01,Indeed,Yes,0.8346192707102134,,0.7918994948025098
A00319,33,Female,Hispanic,Iran,Christian,Divorced,Heterosexual,No,Cognitive/Neurodivergent,English,majority,Sales Representative,9,Associates,Tier 1,0.4384849036973577,0.2839297138277582,Johnson,Jordan,2026-04-01,Direct,No,0.4384849036973577,,0.482714155325488
A00320,51,Male,Middle Eastern,USA,Christian,Single,Heterosexual,No,missing,English,majority,Senior Software Engineer,9,Bachelor's,Tier 3,0.4249090968045669,0.8954773353420714,Khan,Casey,2026-04-01,LinkedIn,No,0.4249090968045669,,0.3863791629763239
A00321,50,Male,Black,USA,Christian,Single,Heterosexual,No,missing,Hindi,majority,ML Engineer,4,Associates,Tier 2,0.8581819200093584,0.5643223868788753,Garcia,Alex,2026-04-01,Direct,Yes,0.8581819200093584,,0.8870342573743932
A00322,28,Male,White,USA,Christian,Married,Heterosexual,No,Hearing,English,majority,Senior Software Engineer,21,Bachelor's,Tier 2,0.03841632672629469,0.32319168170895285,Williams,Alex,2026-04-01,Referral,No,0.03841632672629469,,0.1146381993626327
A00323,35,Male,White,USA,Christian,Married,Heterosexual,Yes,missing,English,minority,Product Manager,17,Bachelor's,Tier 1,0.9333037911892474,0.9390066058062693,Johnson,Alex,2026-04-01,Indeed,Yes,0.9333037911892474,,0.9176239781251662
A00324,59,Male,Asian,USA,Christian,Married,Heterosexual,No,missing,Mandarin,majority,Business Analyst,14,PhD,Tier 3,0.04245546038040737,0.6634145282049315,Williams,Alex,2026-04-01,Indeed,No,0.04245546038040737,,0.012376647774234067
A00325,52,Male,Hispanic,USA,Muslim,Single,Heterosexual,No,missing,English,majority,Business Analyst,6,Master's,Tier 2,0.0007558790227403245,0.19375114141280236,Kim,Skyler,2026-04-01,Indeed,No,0.0007558790227403245,,0.010327491979044964
A00326,21,Female,White,Iran,Buddhist,Single,LGBTQ+,No,Visual,English,majority,DevOps Engineer,0,Bachelor's,Tier 1,0.9723014924329663,0.9820406735889179,Chen,Alex,2026-04-01,Referral,Yes,0.9723014924329663,B1,0.9722000410525148
A00327,49,Female,Hispanic,USA,Muslim,Single,Heterosexual,No,missing,Spanish,minority,Sales Representative,11,Master's,Tier 3,0.585921359127531,0.7349815186559413,Hernandez,Jordan,2026-04-01,Referral,No,0.585921359127531,,0.5362405417605454
A00328,41,Female,Hispanic,Mexico,Muslim,Single,Prefer not to say,No,missing,English,majority,Business Analyst,14,Bachelor's,Tier 2,0.5128075550726391,0.9806939101527195,Chen,Morgan,2026-04-01,Indeed,No,0.5128075550726391,,0.535853525858308
A00329,21,Female,Hispanic,USA,Christian,Divorced,LGBTQ+,Yes,missing,English,majority,Software Engineer,17,Bachelor's,Tier 2,0.41018235751969345,0.7920474554566209,Kim,Sam,2026-04-01,Indeed,No,0.41018235751969345,B1,0.5109581601934639
A00330,31,Female,Asian,USA,missing,Single,Heterosexual,No,missing,English,majority,Data Scientist,12,Bachelor's,Tier 2,0.1187819232266224,0.6959028994995067,Okafor,Alex,2026-04-01,LinkedIn,No,0.1187819232266224,B1,0.10587632346333618
A00331,38,Female,White,Mexico,Christian,Married,Heterosexual,No,missing,English,minority,Senior Software Engineer,13,Master's,Tier 2,0.616250313274657,0.3433881901458883,Kim,Alex,2026-04-01,Referral,No,0.616250313274657,B1,0.6061065034714238
A00332,44,Female,White,USA,missing,Single,Heterosexual,No,missing,English,majority,Data Scientist,2,Bachelor's,Tier 3,0.9204292762278644,0.7735420759440877,Williams,Taylor,2026-04-01,Indeed,Yes,0.9204292762278644,B1,0.8681826750494102
A00333,37,Female,White,USA,Christian,Single,Heterosexual,No,missing,English,minority,ML Engineer,1,Bachelor's,Tier 2,0.6003013482812658,0.4425473616819918,Johnson,Sam,2026-04-01,Direct,No,0.6003013482812658,B1,0.6162557708655931
A00334,45,Male,White,USA,Christian,Married,Heterosexual,No,Cognitive/Neurodivergent,English,minority,Data Scientist,3,PhD,Tier 2,0.9412510032648588,0.760147632603593,Cohen,Riley,2026-04-01,Indeed,Yes,0.9412510032648588,,0.8789021920294774
A00335,25,Male,Asian,USA,Christian,Married,Heterosexual,No,missing,English,minority,DevOps Engineer,1,Bachelor's,missing,0.8734167717676309,0.12381128439905853,Lee,Sam,2026-04-01,Referral,Yes,0.8734167717676309,,0.8180702205500567
A00336,37,Female,White,USA,Christian,Single,Heterosexual,No,Hearing,English,majority,Business Analyst,5,Bachelor's,Tier 2,0.5775677420037928,0.8514559964704012,Diallo,Morgan,2026-04-01,LinkedIn,No,0.5775677420037928,,0.6415511055959823
A00337,50,Female,White,USA,Christian,Single,Heterosexual,No,missing,English,minority,Marketing Manager,12,Bachelor's,Tier 2,0.31700617046097546,0.8150624340716428,Khan,Morgan,2026-04-01,Direct,No,0.31700617046097546,,0.27173351749124325
A00338,55,Male,Middle Eastern,USA,Christian,Single,Heterosexual,No,missing,English,majority,Sales Representative,15,Bachelor's,Tier 3,0.5021779845951537,0.19009496442035811,Kim,Jordan,2026-04-01,Indeed,No,0.5021779845951537,,0.5562458630617206
A00339,22,Male,White,USA,missing,Single,Heterosexual,No,missing,English,minority,Marketing Manager,0,Bachelor's,Tier 1,0.9817787384042587,0.21674460617301916,Patel,Casey,2026-04-01,LinkedIn,Yes,0.9817787384042587,,1.057996638593399
A00340,51,Female,White,USA,Christian,Single,LGBTQ+,No,missing,Spanish,majority,ML Engineer,7,Bachelor's,Tier 3,0.003195804789695722,0.02586408950723018,Smith,Alex,2026-04-01,Direct,No,0.003195804789695722,B1,0.016162127663532866
A00341,55,Male,Hispanic,USA,Christian,Married,Heterosexual,No,missing,Spanish,majority,Marketing Manager,7,Associates,Tier 3,0.4504948262371735,0.8758064505606,Okafor,Jordan,2026-04-01,Indeed,No,0.4504948262371735,,0.4781643963797147
A00342,24,Female,White,USA,missing,Single,Heterosexual,No,missing,English,majority,Sales Representative,22,Master's,Tier 1,0.07556449645064778,0.3141467600763901,Khan,Morgan,2026-04-01,Referral,No,0.07556449645064778,,0.1731770436349867
A00343,41,Male,White,USA,Christian,missing,Heterosexual,No,missing,English,minority,Marketing Manager,12,Master's,Tier 2,0.7009853515331866,0.43174820862886387,Nguyen,Casey,2026-04-01,Indeed,Yes,0.7009853515331866,,0.6911489314299009
A00344,53,Female,Asian,USA,Buddhist,Single,Heterosexual,No,missing,English,majority,Business Analyst,12,Bachelor's,Tier 2,0.7719392420239616,0.32555844223153985,Lee,Sam,2026-04-01,Indeed,Yes,0.7719392420239616,,0.7422889521768808
A00345,41,Female,Asian,USA,missing,missing,Heterosexual,No,Hearing,English,majority,Data Scientist,1,Master's,Tier 3,0.6132772316586685,0.03187651198406671,Brown,Alex,2026-04-01,Indeed,No,0.6132772316586685,B1,0.5456156784195214
A00346,48,Male,White,USA,Christian,Single,Heterosexual,No,missing,English,majority,Marketing Manager,21,Bachelor's,Tier 3,0.8308502707614426,0.7288036184297934,Smith,Sam,2026-04-01,Direct,Yes,0.8308502707614426,,0.8329356247787599
A00347,42,Male,Asian,USA,missing,Single,Heterosexual,No,missing,English,majority,Data Scientist,1,Bachelor's,Tier 2,0.3941791713006646,0.15517699249747985,Cohen,Jordan,2026-04-01,Direct,No,0.3941791713006646,,0.4681363818465799
A00348,61,Male,White,USA,Christian,Married,Heterosexual,No,missing,English,minority,Senior Software Engineer,12,Bachelor's,Tier 1,0.38477824462872434,0.7635868735513555,Rodriguez,Sam,2026-04-01,Indeed,No,0.38477824462872434,,0.4327580136987676
A00349,59,Male,White,USA,Christian,Single,Heterosexual,No,missing,English,majority,Sales Representative,2,Master's,Tier 2,0.4837798272144581,0.9529559745719849,Okafor,Alex,2026-04-01,Direct,No,0.4837798272144581,,0.43667526514356025
A00350,53,Female,White,India,Christian,Single,Heterosexual,No,missing,English,majority,Data Scientist,4,Master's,Tier 2,0.7081695078872359,0.5652510301907828,Nguyen,Sam,2026-04-01,Direct,Yes,0.7081695078872359,B1,0.665400738695606
A00351,58,Female,White,USA,Muslim,missing,Heterosexual,No,missing,English,majority,Marketing Manager,0,Bachelor's,Tier 2,0.3532423995837657,0.46263314300622893,Ahmed,Jordan,2026-04-01,Indeed,No,0.3532423995837657,,0.3280338381167175
A00352,41,Female,Black,USA,Christian,Married,Heterosexual,No,missing,Spanish,minority,Data Scientist,13,Master's,Tier 3,0.3402420871161502,0.8931910534600395,Patel,Riley,2026-04-01,Indeed,No,0.3402420871161502,B1,0.3548554912409173
A00353,39,Female,White,USA,Christian,Single,Heterosexual,No,missing,English,majority,Product Manager,1,Bachelor's,Tier 2,0.053973510632904564,0.48788952550233344,Johnson,Morgan,2026-04-01,Direct,No,0.053973510632904564,,0.043707939277720376
A00354,30,Female,Asian,Iran,missing,Single,Heterosexual,No,Visual,English,minority,Product Manager,2,Bachelor's,Tier 1,0.4001500671546815,0.4896274132303031,Hernandez,Casey,2026-04-01,LinkedIn,No,0.4001500671546815,,0.41087276442683557
A00355,33,Male,White,USA,Muslim,Single,Heterosexual,No,Mobility,English,majority,ML Engineer,16,Associates,Tier 3,0.6791951095857873,0.6022144612058876,Diallo,Casey,2026-04-01,Indeed,No,0.6791951095857873,,0.6940320784880597
A00356,50,Male,White,USA,missing,Married,Heterosexual,No,Visual,English,majority,Data Scientist,19,Bachelor's,Tier 3,0.22106158183743974,0.10378319037644557,Diallo,Skyler,2026-04-01,Referral,No,0.22106158183743974,,0.20612290250351736
A00357,33,Male,Middle Eastern,USA,Christian,Married,Heterosexual,No,missing,English,majority,UX Designer,23,Master's,Tier 2,0.36094822163199947,0.02151766901523333,Johnson,Alex,2026-04-01,LinkedIn,No,0.36094822163199947,,0.3589395245518523
A00358,41,Female,White,USA,Christian,Single,Heterosexual,No,Hearing,English,majority,DevOps Engineer,15,Master's,missing,0.26362768118102686,0.002051001450722345,Chen,Jordan,2026-04-01,Direct,No,0.26362768118102686,B1,0.27395730004182856
A00359,38,Male,Black,USA,missing,Single,Heterosexual,No,missing,English,majority,DevOps Engineer,16,High School,Tier 2,0.696631066324962,0.6392323731304073,Williams,Sam,2026-04-01,Direct,No,0.696631066324962,,0.6924325811483032
A00360,62,Non-binary,Hispanic,USA,Muslim,Single,Heterosexual,No,missing,English,majority,DevOps Engineer,24,Master's,Tier 1,0.6443333223783535,0.40879779133939576,Nguyen,Taylor,2026-04-01,Referral,No,0.6443333223783535,,0.6695093656280561
A00361,41,Female,Hispanic,USA,Christian,Married,LGBTQ+,No,missing,Farsi,majority,Senior Software Engineer,18,Bachelor's,Tier 1,0.36722184766146104,0.8232584547238292,Garcia,Sam,2026-04-01,Indeed,No,0.36722184766146104,B1,0.46076563632786127
A00362,28,Male,Middle Eastern,USA,Christian,Single,Heterosexual,No,Mobility,English,majority,Software Engineer,20,Bachelor's,Tier 3,0.5409791920365687,0.23287608112278524,Diallo,Jordan,2026-04-01,Referral,No,0.5409791920365687,,0.5705778062751102
A00363,35,Female,White,USA,Christian,Married,Heterosexual,No,missing,English,minority,ML Engineer,22,Associates,Tier 2,0.4786722750128839,0.08445637792439975,Cohen,Riley,2026-04-01,Referral,No,0.4786722750128839,B1,0.4814628023333115
A00364,24,Male,White,USA,Muslim,Married,Heterosexual,No,missing,English,minority,ML Engineer,15,Bachelor's,Tier 3,0.9691224591676071,0.35369279703853407,Rodriguez,Taylor,2026-04-01,Referral,Yes,0.9691224591676071,,0.8848165279995114
A00365,33,Female,White,USA,missing,Married,Heterosexual,No,missing,English,minority,Sales Representative,10,Bachelor's,missing,0.6966337098882579,0.9965349395560594,Kim,Sam,2026-04-01,LinkedIn,No,0.6966337098882579,,0.716031564189018
A00366,27,Male,White,USA,missing,Single,Heterosexual,No,missing,English,minority,Sales Representative,12,Bachelor's,Tier 3,0.3544611027114717,0.008402043586100305,Khan,Morgan,2026-04-01,Indeed,No,0.3544611027114717,,0.2571271821231113
A00367,37,Male,White,USA,Jewish,Married,Heterosexual,No,Cognitive/Neurodivergent,Hindi,minority,DevOps Engineer,0,Bachelor's,missing,0.9288976769722277,0.9340299406181914,Okafor,Sam,2026-04-01,LinkedIn,Yes,0.9288976769722277,,0.8584459726644216
A00368,25,Male,White,USA,Christian,Married,Heterosexual,No,missing,Mandarin,minority,UX Designer,9,Bachelor's,Tier 3,0.6994428829488653,0.5578509657962064,Ahmed,Jordan,2026-04-01,Direct,Yes,0.6994428829488653,,0.7421748455723035
A00369,24,Female,White,USA,missing,Married,Heterosexual,No,missing,Mandarin,majority,Marketing Manager,23,Bachelor's,Tier 1,0.890505349068714,0.44897161312125944,Patel,Morgan,2026-04-01,Referral,Yes,0.890505349068714,,0.9258171020755472
A00370,44,Female,Asian,USA,Christian,Single,Heterosexual,No,Visual,Farsi,minority,Marketing Manager,1,Bachelor's,Tier 3,0.07933380640876575,0.16160672638843154,Smith,Jordan,2026-04-01,LinkedIn,No,0.07933380640876575,,0.07183685649132152
A00371,60,Female,White,USA,missing,Divorced,LGBTQ+,No,Hearing,English,majority,DevOps Engineer,18,Bachelor's,missing,0.6943600595314567,0.6111784721145386,Cohen,Jordan,2026-04-01,Direct,No,0.6943600595314567,B1,0.6088595042238459
A00372,53,Female,Middle Eastern,Egypt,missing,Married,Heterosexual,No,missing,English,majority,Product Manager,9,Bachelor's,Tier 2,0.6172903964039564,0.7459440000407058,Kim,Jordan,2026-04-01,Direct,No,0.6172903964039564,,0.5987229705594139
A00373,29,Female,Black,USA,Christian,Single,Heterosexual,No,missing,English,majority,Sales Representative,2,Bachelor's,Tier 1,0.23811248585225875,0.20329699375929966,Rodriguez,Alex,2026-04-01,Direct,No,0.23811248585225875,,0.20417556994145755
A00374,35,Female,White,USA,Muslim,Single,Heterosexual,No,missing,Mandarin,majority,Data Scientist,1,Bachelor's,Tier 2,0.06598374131678475,0.334291944262052,Cohen,Sam,2026-04-01,Referral,No,0.06598374131678475,B1,0.09782577862329525
A00375,27,Male,White,Mexico,Buddhist,Single,Heterosexual,No,Visual,English,minority,ML Engineer,17,Bachelor's,Tier 1,0.028762014961365656,0.7914718823914526,Smith,Jordan,2026-04-01,Indeed,No,0.028762014961365656,,0.14164854158274223
A00376,44,Female,Black,USA,missing,Single,Heterosexual,No,Cognitive/Neurodivergent,English,majority,DevOps Engineer,2,Bachelor's,Tier 2,0.6445299720303387,0.4616755118247783,Johnson,Morgan,2026-04-01,Indeed,No,0.6445299720303387,B1,0.6553764964280715
A00377,55,Female,White,USA,Christian,Single,Heterosexual,No,Cognitive/Neurodivergent,Spanish,minority,Product Manager,19,Bachelor's,Tier 2,0.5942232364054535,0.1550210079299963,Singh,Morgan,2026-04-01,Referral,No,0.5942232364054535,,0.5552576800038477
A00378,44,Female,Black,USA,missing,missing,Heterosexual,No,Visual,English,majority,Software Engineer,10,High School,missing,0.3045132298157409,0.8482665821398718,Brown,Sam,2026-04-01,Direct,No,0.3045132298157409,B1,0.24598565330057992
A00379,25,Female,Native American,USA,Christian,Married,Heterosexual,No,missing,English,majority,Sales Representative,5,Associates,Tier 1,0.747063524932055,0.4296179543113531,Wang,Jordan,2026-04-01,Indeed,Yes,0.747063524932055,,0.7442588108936413
A00380,46,Male,Asian,USA,Christian,Divorced,Heterosexual,No,missing,English,majority,Product Manager,9,Bachelor's,Tier 2,0.018244561125952963,0.6723888072499749,Brown,Skyler,2026-04-01,Indeed,No,0.018244561125952963,,0.00940490145027357
A00381,24,Male,Asian,USA,missing,Single,LGBTQ+,No,Cognitive/Neurodivergent,English,majority,Product Manager,12,Bachelor's,Tier 2,0.8786921770522982,0.6511417595913801,Khan,Taylor,2026-04-01,Indeed,Yes,0.8786921770522982,,0.8211162190759246
A00382,47,Female,White,USA,Christian,Single,Heterosexual,No,missing,English,minority,Business Analyst,20,Bachelor's,Tier 3,0.45446375367681235,0.09702099782963891,Johnson,Skyler,2026-04-01,LinkedIn,No,0.45446375367681235,,0.46028151546142154
A00383,21,Female,White,India,Christian,Divorced,Heterosexual,No,missing,Spanish,majority,UX Designer,18,Bachelor's,Tier 2,0.22872689813102998,0.8075438824434797,Cohen,Skyler,2026-04-01,Indeed,No,0.22872689813102998,,0.1711812220654869
A00384,47,Male,Hispanic,USA,Christian,Single,Heterosexual,No,missing,English,majority,Senior Software Engineer,14,Bachelor's,missing,0.04767945647044802,0.24509702712059211,Garcia,Taylor,2026-04-01,Indeed,No,0.04767945647044802,,0.10328482005691306
A00385,42,Male,White,USA,Christian,Single,Heterosexual,No,missing,English,minority,Marketing Manager,17,Associates,Tier 2,0.6090429826731093,0.5446770519719205,Brown,Taylor,2026-04-01,LinkedIn,No,0.6090429826731093,,0.6621755129625171
A00386,32,Female,White,USA,Christian,Single,Heterosexual,Yes,Visual,English,majority,Marketing Manager,6,Bachelor's,missing,0.6246318405104943,0.6370128161006393,Patel,Taylor,2026-04-01,Indeed,No,0.6246318405104943,,0.6788694037753153
A00387,39,Female,White,USA,Jewish,Divorced,Heterosexual,No,Visual,Vietnamese,minority,Software Engineer,7,Bachelor's,Tier 1,0.10460277106656024,0.9403076079866459,Wang,Taylor,2026-04-01,Indeed,No,0.10460277106656024,B1,0.08090024753613383
A00388,54,Male,Black,USA,Muslim,Married,Heterosexual,No,missing,English,majority,ML Engineer,5,Bachelor's,Tier 3,0.17860583345036318,0.6585639249024251,Singh,Morgan,2026-04-01,Indeed,No,0.17860583345036318,,0.20433186161626762
A00389,24,Male,Hispanic,USA,Christian,Single,Heterosexual,No,Cognitive/Neurodivergent,English,majority,ML Engineer,4,PhD,Tier 1,0.8590444462617759,0.8005222818208398,Ahmed,Skyler,2026-04-01,Indeed,Yes,0.8590444462617759,,0.8524409710008081
A00390,36,Male,Black,China,missing,Married,Heterosexual,No,Visual,English,majority,Sales Representative,22,Bachelor's,Tier 1,0.6907487540625786,0.05320420460128661,Patel,Casey,2026-04-01,Indeed,No,0.6907487540625786,,0.6713081509924546
A00391,23,Female,White,USA,Christian,missing,Heterosexual,No,Cognitive/Neurodivergent,English,majority,ML Engineer,2,Bachelor's,Tier 3,0.08878492429118212,0.676134968313244,Ahmed,Jordan,2026-04-01,Direct,No,0.08878492429118212,B1,0.07182764143407881
A00392,47,Female,White,USA,Christian,Married,LGBTQ+,No,missing,English,minority,Senior Software Engineer,12,Bachelor's,Tier 2,0.8015429289862367,0.8556758334129829,Rodriguez,Jordan,2026-04-01,Referral,Yes,0.8015429289862367,B1,0.7365571653345292
A00393,42,Female,Black,India,Christian,Single,Prefer not to say,No,missing,English,majority,Software Engineer,14,Master's,Tier 3,0.46726666578483644,0.2942630826042776,Nguyen,Jordan,2026-04-01,Indeed,No,0.46726666578483644,B1,0.3950734809900804
A00394,44,Female,Black,USA,Hindu,Married,Heterosexual,No,missing,Spanish,majority,ML Engineer,14,Master's,missing,0.4832197528688875,0.1488376957305223,Lee,Jordan,2026-04-01,Indeed,No,0.4832197528688875,B1,0.5229354924126898
A00395,26,Female,White,USA,Christian,Married,Heterosexual,No,missing,English,majority,UX Designer,7,Bachelor's,Tier 3,0.5755464305496236,0.841466354055099,Rodriguez,Alex,2026-04-01,Referral,No,0.5755464305496236,,0.5659846603536476
A00396,39,Non-binary,Hispanic,USA,missing,missing,Heterosexual,Yes,missing,English,majority,Senior Software Engineer,20,Bachelor's,Tier 2,0.7333782822666208,0.6982531872627298,Khan,Casey,2026-04-01,Direct,Yes,0.7333782822666208,,0.744199524823002
A00397,57,Female,White,China,Muslim,Single,Heterosexual,No,missing,English,minority,ML Engineer,9,Master's,Tier 1,0.45784539085304643,0.7150954980508555,Okafor,Skyler,2026-04-01,Direct,No,0.45784539085304643,B1,0.5079309102757524
A00398,52,Male,White,USA,Christian,Divorced,Heterosexual,No,missing,English,minority,Sales Representative,4,Bachelor's,Tier 2,0.8932349724750686,0.4601063005966355,Kim,Casey,2026-04-01,Referral,Yes,0.8932349724750686,,0.8065783477242648
A00399,60,Female,White,USA,Christian,Married,Heterosexual,No,missing,Spanish,majority,Business Analyst,6,Master's,Tier 2,0.680869469004629,0.3657256768906868,Kim,Sam,2026-04-01,LinkedIn,No,0.680869469004629,,0.6416629653138343
A00400,54,Female,White,USA,Christian,Divorced,Heterosexual,No,missing,Vietnamese,majority,Software Engineer,21,High School,Tier 3,0.9905144862612733,0.22921587269509447,Johnson,Taylor,2026-04-01,Direct,Yes,0.9905144862612733,B1,0.9992812284345268
A00401,53,Male,White,USA,Christian,missing,Heterosexual,No,missing,Hindi,majority,Senior Software Engineer,23,Master's,Tier 3,0.9869679644032953,0.30343771128861385,Garcia,Sam,2026-04-01,LinkedIn,Yes,0.9869679644032953,,1.006572703736574
A00402,30,Male,Black,USA,Christian,missing,Heterosexual,No,Mobility,English,majority,Senior Software Engineer,4,Bachelor's,Tier 1,0.8451231091080451,0.1271673188364063,Lee,Riley,2026-04-01,Direct,Yes,0.8451231091080451,,0.8262693865879903
A00403,41,Female,White,Egypt,missing,Married,Heterosexual,No,missing,English,majority,Product Manager,23,Master's,Tier 2,0.9077049408420489,0.9787471758267049,Chen,Taylor,2026-04-01,LinkedIn,Yes,0.9077049408420489,,0.9591639024769413
A00404,60,Male,White,USA,missing,Married,Heterosexual,No,missing,English,majority,ML Engineer,23,Bachelor's,Tier 1,0.7301517179007517,0.6279266225238912,Rodriguez,Taylor,2026-04-01,Direct,Yes,0.7301517179007517,,0.7406714648422336
A00405,46,Female,Black,China,Jewish,missing,Heterosexual,No,missing,English,majority,Software Engineer,24,High School,missing,0.2057523530679385,0.14086787063478723,Singh,Taylor,2026-04-01,Referral,No,0.2057523530679385,B1,0.1450832461265455
A00406,49,Male,Asian,USA,Christian,Single,Heterosexual,No,missing,Spanish,majority,Product Manager,14,Bachelor's,Tier 3,0.6226343141826733,0.20809978635398507,Chen,Taylor,2026-04-01,Referral,No,0.6226343141826733,,0.576096125383141
A00407,33,Male,Asian,Mexico,Christian,Single,Heterosexual,No,Cognitive/Neurodivergent,English,minority,ML Engineer,12,Master's,Tier 3,0.0805416047521682,0.40826450517927015,Cohen,Casey,2026-04-01,LinkedIn,No,0.0805416047521682,,0.12081515777689933
A00408,47,Male,White,China,Hindu,Single,Heterosexual,No,missing,English,majority,ML Engineer,1,High School,missing,0.5547205586528821,0.9751915690935496,Chen,Riley,2026-04-01,Referral,No,0.5547205586528821,,0.5779121314756851
A00409,33,Male,White,USA,Jewish,Married,LGBTQ+,No,missing,English,minority,Business Analyst,6,PhD,Tier 2,0.7603770377108086,0.7112742473595001,Wang,Sam,2026-04-01,Direct,Yes,0.7603770377108086,,0.6654239757604785
A00410,38,Female,White,USA,missing,Single,LGBTQ+,Yes,Cognitive/Neurodivergent,English,minority,Software Engineer,6,Bachelor's,Tier 3,0.627334042372502,0.6744745886472333,Okafor,Casey,2026-04-01,Indeed,No,0.627334042372502,B1,0.6947196575656225
A00411,43,Male,Asian,USA,Christian,missing,Heterosexual,No,Hearing,English,majority,UX Designer,23,Master's,Tier 1,0.41222428687968715,0.05157466033931124,Singh,Riley,2026-04-01,Direct,No,0.41222428687968715,,0.4421256384343815
A00412,42,Male,White,USA,Christian,Divorced,Heterosexual,No,missing,English,majority,DevOps Engineer,24,Bachelor's,Tier 2,0.691772030325974,0.46289845597501644,Okafor,Jordan,2026-04-01,LinkedIn,No,0.691772030325974,,0.7589391797107989
A00413,46,Female,Black,USA,Christian,Married,Heterosexual,No,Cognitive/Neurodivergent,English,majority,Sales Representative,19,Bachelor's,Tier 2,0.03578534038565129,0.14747822886283868,Hernandez,Taylor,2026-04-01,Direct,No,0.03578534038565129,,0.016600296331897087
A00414,39,Female,Asian,USA,Hindu,Divorced,Heterosexual,No,missing,English,majority,Marketing Manager,16,Bachelor's,Tier 1,0.558152320286015,0.5973088880889996,Okafor,Casey,2026-04-01,Referral,No,0.558152320286015,,0.5433670092193987
A00415,25,Female,White,Mexico,missing,Single,Heterosexual,Yes,missing,English,majority,Senior Software Engineer,12,Bachelor's,Tier 2,0.4414583175203808,0.45637121904751765,Singh,Riley,2026-04-01,Direct,No,0.4414583175203808,B1,0.38513546328281484
A00416,50,Female,White,USA,Christian,Single,LGBTQ+,Yes,missing,English,majority,Data Scientist,24,Bachelor's,Tier 2,0.40814148339602685,0.18401142893962974,Patel,Morgan,2026-04-01,Indeed,No,0.40814148339602685,B1,0.5349879619026212
A00417,20,Female,Asian,USA,Christian,Divorced,Heterosexual,Yes,Cognitive/Neurodivergent,English,majority,Marketing Manager,21,High School,Tier 2,0.3079613983577615,0.4522335040882848,Williams,Morgan,2026-04-01,Indeed,No,0.3079613983577615,,0.29918868708740404
A00418,24,Non-binary,Asian,USA,Buddhist,Single,Heterosexual,No,missing,English,majority,UX Designer,20,High School,Tier 3,0.7849020531555914,0.6683395075298199,Wang,Sam,2026-04-01,Direct,Yes,0.7849020531555914,,0.8642787127596887
A00419,23,Male,White,USA,Jewish,Divorced,Heterosexual,No,missing,English,majority,Product Manager,18,Bachelor's,missing,0.51645297028367,0.2929553081433657,Wang,Sam,2026-04-01,LinkedIn,No,0.51645297028367,,0.48408834771430603
A00420,25,Male,Black,USA,Christian,Married,Heterosexual,No,missing,English,majority,ML Engineer,20,Bachelor's,Tier 2,0.572737633788738,0.6579193916316236,Lee,Jordan,2026-04-01,Indeed,No,0.572737633788738,,0.580929693405393
A00421,28,Male,Hispanic,Egypt,Muslim,Single,Heterosexual,No,missing,English,majority,Marketing Manager,21,PhD,Tier 2,0.3236377471549873,0.9657791315308483,Wang,Taylor,2026-04-01,LinkedIn,No,0.3236377471549873,,0.24007012282648327
A00422,51,Male,Asian,USA,Christian,Divorced,Heterosexual,Yes,Visual,English,majority,ML Engineer,12,Master's,Tier 3,0.14620942105087842,0.7849595701463726,Hernandez,Morgan,2026-04-01,Direct,No,0.14620942105087842,,0.12706606361253997
A00423,30,Male,Middle Eastern,USA,Christian,Single,Heterosexual,No,Mobility,English,majority,Software Engineer,17,Master's,Tier 3,0.3431770007629885,0.35260530294252235,Lee,Casey,2026-04-01,LinkedIn,No,0.3431770007629885,,0.3923647461829899
A00424,48,Female,White,USA,missing,Single,Heterosexual,No,missing,English,majority,Sales Representative,1,Associates,Tier 2,0.04179449253547218,0.4900608808374811,Okafor,Riley,2026-04-01,LinkedIn,No,0.04179449253547218,,-0.020792698243252652
A00425,43,Female,Asian,USA,Muslim,Divorced,Heterosexual,No,missing,English,majority,Senior Software Engineer,13,High School,Tier 3,0.2817164008155678,0.39758226653240103,Smith,Jordan,2026-04-01,LinkedIn,No,0.2817164008155678,B1,0.3353277780622984
A00426,31,Female,Asian,USA,missing,Single,Heterosexual,No,missing,English,majority,Data Scientist,18,Associates,Tier 2,0.8440211782072613,0.9770667488059642,Ahmed,Jordan,2026-04-01,Referral,Yes,0.8440211782072613,B1,0.8608830689996845
A00427,51,Male,Black,USA,Christian,Married,Heterosexual,No,missing,English,majority,Senior Software Engineer,8,PhD,missing,0.06738693032092424,0.733796445272838,Garcia,Alex,2026-04-01,Indeed,No,0.06738693032092424,,0.01518938407171145
A00428,55,Female,White,Egypt,Christian,missing,LGBTQ+,No,missing,Hindi,minority,UX Designer,19,Bachelor's,Tier 1,0.17905956743983398,0.0246176300779114,Johnson,Sam,2026-04-01,LinkedIn,No,0.17905956743983398,,0.1539797038685503
A00429,61,Male,Asian,USA,Christian,Divorced,Heterosexual,No,missing,English,majority,Data Scientist,21,Bachelor's,Tier 1,0.3452401928746033,0.4031859826295968,Ahmed,Sam,2026-04-01,LinkedIn,No,0.3452401928746033,,0.3222869090393326
A00430,51,Female,Hispanic,USA,missing,Married,Prefer not to say,No,missing,English,majority,Marketing Manager,7,Associates,Tier 1,0.9576833028494326,0.5471770655904322,Diallo,Sam,2026-04-01,LinkedIn,Yes,0.9576833028494326,,0.9552073359523074
A00431,27,Male,Asian,USA,Christian,Single,Heterosexual,No,missing,English,minority,Business Analyst,0,Bachelor's,Tier 2,0.9096505806551075,0.8014729178904135,Chen,Casey,2026-04-01,Referral,Yes,0.9096505806551075,,0.8828433823579529
A00432,49,Male,White,USA,Christian,Single,Heterosexual,No,missing,English,majority,UX Designer,19,Master's,Tier 1,0.9495027350602885,0.3877368118676122,Patel,Jordan,2026-04-01,LinkedIn,Yes,0.9495027350602885,,0.9081383400200617
A00433,60,Female,White,USA,Christian,Married,Heterosexual,No,Cognitive/Neurodivergent,Spanish,majority,Software Engineer,9,Bachelor's,missing,0.07409680822763576,0.27327944871538834,Johnson,Alex,2026-04-01,LinkedIn,No,0.07409680822763576,B1,0.05886742310189489
A00434,46,Male,Hispanic,USA,Hindu,Single,LGBTQ+,No,Visual,English,majority,Business Analyst,7,Bachelor's,Tier 2,0.5644365224335035,0.8583279835387687,Diallo,Morgan,2026-04-01,LinkedIn,No,0.5644365224335035,,0.513092035503051
A00435,32,Male,White,USA,Christian,Married,Heterosexual,No,missing,English,majority,Business Analyst,15,Bachelor's,Tier 1,0.37511477336381027,0.6405334648265635,Williams,Morgan,2026-04-01,Direct,No,0.37511477336381027,,0.3106384447316564
A00436,55,Female,White,USA,Christian,Married,Heterosexual,No,missing,English,majority,ML Engineer,5,High School,Tier 3,0.7124711390389011,0.6356831602469857,Williams,Morgan,2026-04-01,Direct,Yes,0.7124711390389011,B1,0.7100623149135332
A00437,58,Female,White,USA,Muslim,Single,Heterosexual,No,missing,Hindi,majority,ML Engineer,10,Bachelor's,Tier 3,0.41312375452041894,0.31362806935516097,Johnson,Skyler,2026-04-01,LinkedIn,No,0.41312375452041894,B1,0.45726746579814737
A00438,61,Male,Native American,USA,Hindu,Divorced,LGBTQ+,No,missing,English,majority,Data Scientist,8,Master's,Tier 3,0.17615911505204873,0.6768760723659495,Okafor,Casey,2026-04-01,Direct,No,0.17615911505204873,,0.09969052979618048
A00439,59,Female,Middle Eastern,Mexico,missing,Divorced,Heterosexual,No,missing,English,majority,ML Engineer,7,Bachelor's,Tier 2,0.6785716486876537,0.30373076291805223,Nguyen,Casey,2026-04-01,Indeed,No,0.6785716486876537,B1,0.6787470562608517
A00440,59,Male,White,USA,Christian,Single,Heterosexual,No,missing,Spanish,minority,Marketing Manager,5,Master's,missing,0.6681834792077038,0.5776261253545774,Diallo,Skyler,2026-04-01,Referral,No,0.6681834792077038,,0.635685669467639
A00441,21,Male,Black,USA,Christian,Single,LGBTQ+,No,missing,English,majority,Product Manager,21,Master's,Tier 3,0.8200237687618493,0.02672103043054197,Cohen,Alex,2026-04-01,Direct,Yes,0.8200237687618493,,0.7711664969051149
A00442,57,Female,White,USA,Christian,Single,Heterosexual,No,missing,English,minority,Marketing Manager,15,Bachelor's,missing,0.7310278305078891,0.5300719716385828,Nguyen,Morgan,2026-04-01,Indeed,Yes,0.7310278305078891,,0.7736997131436201
A00443,49,Female,White,USA,missing,Married,Heterosexual,No,missing,English,majority,ML Engineer,21,Master's,Tier 2,0.41649212702499316,0.8199976327126965,Kim,Sam,2026-04-01,LinkedIn,No,0.41649212702499316,B1,0.39058364257045985
A00444,61,Male,White,USA,Christian,Married,Heterosexual,No,missing,English,majority,UX Designer,0,Bachelor's,Tier 2,0.9562456560216472,0.5649126889847389,Smith,Casey,2026-04-01,Direct,Yes,0.9562456560216472,,1.0311607401748912
A00445,60,Male,Middle Eastern,USA,missing,Single,Heterosexual,No,missing,English,minority,DevOps Engineer,10,Bachelor's,Tier 1,0.18880901037847575,0.33417070348730415,Khan,Skyler,2026-04-01,Direct,No,0.18880901037847575,,0.14981704217115607
A00446,55,Male,White,USA,missing,Married,Heterosexual,No,missing,English,majority,Marketing Manager,9,Associates,missing,0.6476452130493396,0.9168821330359166,Diallo,Casey,2026-04-01,Direct,No,0.6476452130493396,,0.6669703127306312
A00447,36,Male,White,USA,Christian,Married,Heterosexual,No,missing,English,majority,Marketing Manager,24,Bachelor's,Tier 3,0.052822066788665856,0.004832074297785982,Khan,Sam,2026-04-01,Direct,No,0.052822066788665856,,0.0414579164608057
A00448,46,Male,White,India,Buddhist,Married,Heterosexual,No,missing,English,majority,Business Analyst,12,Bachelor's,missing,0.7122081920153086,0.2874009590948873,Hernandez,Jordan,2026-04-01,LinkedIn,Yes,0.7122081920153086,,0.6745071015589904
A00449,48,Female,White,USA,missing,missing,Heterosexual,No,missing,Farsi,minority,Senior Software Engineer,3,Bachelor's,Tier 2,0.12206575609217085,0.06604439442106491,Patel,Taylor,2026-04-01,Referral,No,0.12206575609217085,B1,0.1514495082210585
A00450,27,Non-binary,White,USA,Christian,Single,Heterosexual,No,missing,English,majority,Data Scientist,18,Master's,Tier 2,0.5655859159955031,0.6108009408944337,Williams,Alex,2026-04-01,Indeed,No,0.5655859159955031,,0.5578367873417628
A00451,32,Female,Hispanic,Vietnam,missing,Married,Heterosexual,No,missing,English,majority,Senior Software Engineer,6,Associates,Tier 1,0.9120330745308389,0.6330586490894091,Diallo,Skyler,2026-04-01,Indeed,No,0.9120330745308389,B1,0.9421936035665213
A00452,31,Female,Black,USA,Christian,Single,Heterosexual,No,missing,English,majority,Senior Software Engineer,5,Bachelor's,Tier 2,0.32506507336163815,0.8250169897125988,Brown,Casey,2026-04-01,Indeed,No,0.32506507336163815,B1,0.3227004980007883
A00453,39,Male,White,USA,Muslim,missing,Heterosexual,No,missing,English,minority,Data Scientist,3,Associates,Tier 2,0.5576918559067701,0.5404867233518673,Garcia,Sam,2026-04-01,Direct,No,0.5576918559067701,,0.5034010431416982
A00454,43,Male,Hispanic,USA,Christian,Married,Heterosexual,No,Cognitive/Neurodivergent,English,majority,Senior Software Engineer,3,Bachelor's,missing,0.7864365848749609,0.6335079205822811,Brown,Alex,2026-04-01,Indeed,Yes,0.7864365848749609,,0.7813331227155156
A00455,54,Female,White,USA,Christian,Married,Heterosexual,No,Visual,English,majority,Data Scientist,5,Bachelor's,Tier 2,0.5539110252284889,0.7646813525691466,Lee,Skyler,2026-04-01,Indeed,No,0.5539110252284889,B1,0.5565087837042959
A00456,23,Male,White,USA,missing,Married,Heterosexual,No,missing,English,majority,DevOps Engineer,2,PhD,Tier 3,0.36235251440806393,0.7865630774776585,Garcia,Casey,2026-04-01,Direct,No,0.36235251440806393,,0.4102756621021238
A00457,37,Female,White,USA,Christian,Single,Heterosexual,No,Cognitive/Neurodivergent,English,majority,DevOps Engineer,4,Bachelor's,Tier 3,0.31176607984784455,0.20158377344958245,Brown,Taylor,2026-04-01,Direct,No,0.31176607984784455,B1,0.2664526294810856
A00458,43,Female,White,China,Christian,Married,Heterosexual,No,missing,English,minority,UX Designer,19,High School,Tier 1,0.5921588277219574,0.0361846348888083,Chen,Skyler,2026-04-01,Referral,No,0.5921588277219574,,0.5901923350585921
A00459,33,Female,White,USA,Christian,Married,Heterosexual,No,missing,Hindi,majority,Product Manager,3,Master's,Tier 2,0.3354097148684543,0.9857070585971549,Williams,Jordan,2026-04-01,Direct,No,0.3354097148684543,,0.24931577835695234
A00460,34,Male,White,USA,Christian,Single,Heterosexual,No,missing,English,minority,Marketing Manager,9,Bachelor's,Tier 2,0.13048749139560667,0.5037269112596936,Diallo,Alex,2026-04-01,Direct,No,0.13048749139560667,,0.16306214441277245
A00461,51,Male,White,India,Christian,Single,Heterosexual,No,missing,Farsi,majority,Software Engineer,3,Bachelor's,Tier 2,0.9088289755863856,0.7413013340296335,Okafor,Morgan,2026-04-01,LinkedIn,Yes,0.9088289755863856,,0.8547548268543533
A00462,43,Male,White,USA,Jewish,Single,Heterosexual,No,missing,English,minority,Product Manager,22,Bachelor's,Tier 2,0.5628597389965484,0.3537524491768399,Khan,Morgan,2026-04-01,Direct,No,0.5628597389965484,,0.4725417629423681
A00463,31,Male,Hispanic,USA,Christian,Single,Heterosexual,No,missing,English,majority,ML Engineer,3,Bachelor's,Tier 2,0.951590320150467,0.4587848345367058,Patel,Sam,2026-04-01,Referral,Yes,0.951590320150467,,0.9486294784367301
A00464,56,Female,White,USA,Hindu,Single,Heterosexual,No,missing,English,majority,Sales Representative,16,Bachelor's,Tier 3,0.7535427067980266,0.30210003888363046,Diallo,Alex,2026-04-01,LinkedIn,Yes,0.7535427067980266,,0.808826954731169
A00465,59,Female,Hispanic,USA,Hindu,Married,Heterosexual,No,missing,English,majority,Marketing Manager,22,Bachelor's,Tier 2,0.7047790512750506,0.9130223833063866,Lee,Casey,2026-04-01,Direct,Yes,0.7047790512750506,,0.6285567038644568
A00466,37,Male,White,USA,Christian,Divorced,Heterosexual,Yes,missing,English,minority,Business Analyst,10,Master's,Tier 1,0.1358648722634881,0.615946846835267,Brown,Skyler,2026-04-01,Referral,No,0.1358648722634881,,0.08146309299406673
A00467,54,Male,Asian,USA,Hindu,missing,Heterosexual,No,missing,English,minority,Product Manager,11,Bachelor's,Tier 2,0.12350698189629039,0.05683291588071915,Patel,Casey,2026-04-01,Referral,No,0.12350698189629039,,0.08634323734362633
A00468,40,Female,White,USA,Christian,Single,Heterosexual,No,Mobility,English,minority,Product Manager,20,Bachelor's,Tier 2,0.5040009128501257,0.5632305928848541,Patel,Skyler,2026-04-01,Referral,No,0.5040009128501257,,0.44752608053302556
A00469,23,Female,White,USA,Christian,Divorced,Heterosexual,No,missing,English,majority,Marketing Manager,18,High School,Tier 3,0.45361950073961965,0.7747622602748335,Ahmed,Sam,2026-04-01,LinkedIn,No,0.45361950073961965,,0.4725908951563489
A00470,32,Female,White,USA,Christian,Divorced,LGBTQ+,No,missing,Farsi,minority,Software Engineer,18,Bachelor's,Tier 1,0.27615765776952506,0.285946981270359,Brown,Skyler,2026-04-01,Indeed,No,0.27615765776952506,B1,0.23578928551730077
A00471,48,Male,White,USA,Christian,Single,Heterosexual,No,Visual,Hindi,majority,ML Engineer,13,Associates,Tier 1,0.9418158604293786,0.3745247929405898,Singh,Sam,2026-04-01,Direct,Yes,0.9418158604293786,,0.9057401236063685
A00472,21,Male,White,USA,Christian,missing,Heterosexual,No,missing,English,minority,DevOps Engineer,13,Bachelor's,Tier 3,0.18134347903282966,0.7259427762583116,Smith,Skyler,2026-04-01,LinkedIn,No,0.18134347903282966,,0.2105087489669452
A00473,22,Female,White,India,Christian,Married,Heterosexual,No,Visual,English,majority,Senior Software Engineer,10,High School,missing,0.9900344674260821,0.35456920700452665,Patel,Skyler,2026-04-01,Referral,No,0.9900344674260821,B1,0.952258735877648
A00474,25,Female,White,USA,Christian,Single,Heterosexual,No,Hearing,English,minority,Business Analyst,16,Bachelor's,Tier 2,0.09350944386894477,0.07263187915931613,Johnson,Sam,2026-04-01,Referral,No,0.09350944386894477,,0.11514844875798089
A00475,27,Female,White,USA,Christian,Divorced,Heterosexual,No,missing,English,minority,ML Engineer,23,Bachelor's,Tier 3,0.7816998832535164,0.2395798492967841,Williams,Taylor,2026-04-01,LinkedIn,Yes,0.7816998832535164,B1,0.7331306246594143
A00476,35,Female,Black,USA,Muslim,Married,Heterosexual,No,missing,English,majority,DevOps Engineer,21,Master's,Tier 1,0.6110533032855434,0.8002929913130054,Williams,Riley,2026-04-01,Direct,No,0.6110533032855434,B1,0.550446377574779
A00477,23,Female,Hispanic,China,Christian,Single,Heterosexual,No,missing,Spanish,majority,UX Designer,13,Master's,missing,0.6915667253772915,0.30220709635527077,Patel,Morgan,2026-04-01,Referral,No,0.6915667253772915,,0.5997942609177453
A00478,22,Male,White,USA,Jewish,Married,Heterosexual,No,Visual,English,minority,Business Analyst,4,Master's,Tier 3,0.4059487674333154,0.7970553315247104,Nguyen,Alex,2026-04-01,LinkedIn,No,0.4059487674333154,,0.49900890677890186
A00479,51,Male,White,Vietnam,Christian,missing,Heterosexual,No,missing,English,minority,ML Engineer,21,Master's,Tier 2,0.585868857306701,0.46904971674136353,Patel,Alex,2026-04-01,Direct,No,0.585868857306701,,0.5698559057001512
A00480,57,Female,White,USA,missing,Married,Heterosexual,No,Cognitive/Neurodivergent,Hindi,majority,ML Engineer,14,Bachelor's,Tier 2,0.36885537295876425,0.707086223391799,Lee,Alex,2026-04-01,Referral,No,0.36885537295876425,B1,0.3810520413561857
A00481,23,Male,White,USA,Christian,Single,Heterosexual,No,missing,Farsi,majority,Business Analyst,16,Bachelor's,Tier 1,0.4075335854479417,0.6580437067960301,Williams,Skyler,2026-04-01,Indeed,No,0.4075335854479417,,0.40598110999890175
A00482,42,Non-binary,White,Vietnam,Christian,Married,Prefer not to say,No,missing,English,majority,Software Engineer,24,Bachelor's,Tier 2,0.30848974717509325,0.18031513354356654,Nguyen,Taylor,2026-04-01,Indeed,No,0.30848974717509325,,0.3164878350254564
A00483,50,Male,Asian,USA,missing,Single,Heterosexual,No,missing,English,majority,Product Manager,14,Bachelor's,Tier 2,0.21001186694439955,0.627736234526651,Williams,Skyler,2026-04-01,LinkedIn,No,0.21001186694439955,,0.21249619091311817
A00484,50,Female,White,Mexico,Christian,Married,Heterosexual,No,Visual,English,majority,Software Engineer,21,Bachelor's,Tier 2,0.9088080651773778,0.966860444620982,Wang,Jordan,2026-04-01,Direct,Yes,0.9088080651773778,B1,1.0042189171375127
A00485,46,Male,White,USA,Christian,Single,Heterosexual,No,Visual,Spanish,majority,Software Engineer,17,Bachelor's,Tier 3,0.24536605248928234,0.5049700609024954,Patel,Taylor,2026-04-01,Direct,No,0.24536605248928234,,0.19341972294142498
A00486,41,Male,Hispanic,USA,Christian,Single,Heterosexual,No,Hearing,Spanish,minority,Senior Software Engineer,18,Bachelor's,Tier 2,0.7150905219779655,0.3984813312260679,Johnson,Skyler,2026-04-01,LinkedIn,Yes,0.7150905219779655,,0.6372174166730566
A00487,40,Female,Hispanic,USA,Christian,Single,Heterosexual,Yes,missing,Farsi,majority,Sales Representative,18,Master's,Tier 3,0.9124245116608133,0.9684867589149241,Lee,Jordan,2026-04-01,Indeed,Yes,0.9124245116608133,,0.8618265282365956
A00488,35,Male,White,USA,missing,Single,Heterosexual,No,Hearing,English,minority,DevOps Engineer,8,Master's,Tier 1,0.6047833342905462,0.37489589690018266,Garcia,Taylor,2026-04-01,Referral,No,0.6047833342905462,,0.5380478838026189
A00489,49,Male,Black,USA,Christian,Single,Heterosexual,No,Mobility,Spanish,majority,Senior Software Engineer,24,Master's,Tier 2,0.911468312140608,0.7581373967903221,Kim,Skyler,2026-04-01,Indeed,Yes,0.911468312140608,,0.9488164147647051
A00490,59,Female,Black,USA,missing,Married,Heterosexual,No,missing,Mandarin,minority,Data Scientist,5,Associates,Tier 2,0.17499456158605364,0.9639972807376554,Johnson,Jordan,2026-04-01,Indeed,No,0.17499456158605364,B1,0.2160134720629415
A00491,25,Male,White,USA,Christian,Single,LGBTQ+,No,missing,English,majority,Marketing Manager,1,Bachelor's,Tier 2,0.8556543074129754,0.0005592391521092033,Diallo,Riley,2026-04-01,Referral,Yes,0.8556543074129754,,0.8075885301554591
A00492,23,Female,Hispanic,USA,Hindu,Divorced,Heterosexual,No,missing,English,majority,UX Designer,1,Bachelor's,Tier 2,0.12038359337805671,0.03924628312247169,Nguyen,Alex,2026-04-01,LinkedIn,No,0.12038359337805671,,0.05086180455490712
A00493,56,Female,White,USA,Muslim,Married,Heterosexual,No,missing,Vietnamese,minority,Software Engineer,14,Bachelor's,Tier 2,0.6332388372053191,0.3449398606759988,Cohen,Sam,2026-04-01,Referral,No,0.6332388372053191,B1,0.6154990045482645
A00494,54,Female,White,USA,Hindu,Single,Heterosexual,No,missing,English,minority,ML Engineer,16,Bachelor's,Tier 1,0.10109530889550244,0.1223149474310492,Rodriguez,Sam,2026-04-01,Direct,No,0.10109530889550244,B1,0.17065150278932212
A00495,34,Female,White,Iran,Christian,Married,Heterosexual,No,missing,English,majority,UX Designer,4,Bachelor's,Tier 2,0.09461596876130063,0.6053574717860755,Nguyen,Jordan,2026-04-01,LinkedIn,No,0.09461596876130063,,-0.046362502128615174
A00496,36,Female,Hispanic,USA,Hindu,Married,Heterosexual,No,missing,Spanish,minority,Data Scientist,18,PhD,Tier 2,0.7751623272800542,0.8532243816487705,Ahmed,Skyler,2026-04-01,LinkedIn,No,0.7751623272800542,B1,0.8014936657308479
A00497,62,Male,Hispanic,Mexico,Christian,Single,Heterosexual,No,Mobility,English,majority,Software Engineer,20,Master's,Tier 1,0.5342266980233583,0.6367832310717342,Williams,Jordan,2026-04-01,Referral,No,0.5342266980233583,,0.48043893665092907
A00498,27,Male,Hispanic,USA,missing,Single,Heterosexual,No,missing,English,majority,DevOps Engineer,15,Bachelor's,Tier 1,0.5987075939278824,0.027770820681252917,Johnson,Morgan,2026-04-01,LinkedIn,No,0.5987075939278824,,0.6507259512549461
A00499,25,Female,White,China,Muslim,Single,Heterosexual,Yes,missing,English,majority,UX Designer,24,Associates,Tier 3,0.800998825744378,0.34598340940677186,Ahmed,Riley,2026-04-01,LinkedIn,Yes,0.800998825744378,,0.7471026287005403
