applicant_id,age,gender,race_ethnicity,national_origin,religion,marital_status,sexual_orientation,veteran_status,disability_status,primary_language,zip_minority_majority,role_applied,years_experience,education_level,university_tier,skill_match_score,photo_attractiveness_score,last_name,first_name,application_date,source,invite_decision,true_qualification_score,_bias_flags,model_score
A00000,55,Female,Native American,Iran,Christian,Married,Heterosexual,No,missing,English,minority,Senior Software Engineer,21,Master's,Tier 2,0.7094514233432507,0.4054706565816261,Patel,Riley,2026-04-01,Indeed,No,0.7094514233432507,B9,0.7095129310111249
A00001,31,Female,White,USA,missing,Single,Heterosexual,No,missing,English,majority,Software Engineer,20,High School,Tier 2,0.24375457544042012,0.4549417370829466,Ahmed,Taylor,2026-04-01,LinkedIn,No,0.24375457544042012,,0.25869185231584363
A00002,49,Female,White,USA,Christian,Married,Heterosexual,No,missing,English,minority,Marketing Manager,6,Associates,Tier 2,0.09377729239364962,0.3366255416770012,Diallo,Alex,2026-04-01,Referral,No,0.09377729239364962,,0.08007039962553875
A00003,55,Female,Middle Eastern,USA,Christian,Single,Heterosexual,No,missing,English,majority,Software Engineer,7,Bachelor's,Tier 2,0.23692117028704873,0.8935879730723565,Garcia,Casey,2026-04-01,Indeed,Yes,0.23692117028704873,,0.19239157834918502
A00004,27,Female,Hispanic,USA,missing,Single,Heterosexual,No,missing,English,majority,Sales Representative,18,Master's,Tier 1,0.40882400793287554,0.13939451454865975,Diallo,Skyler,2026-04-01,Referral,No,0.40882400793287554,B9,0.3860904686742894
A00005,61,Female,Hispanic,USA,Christian,Married,Heterosexual,No,Visual,English,minority,Data Scientist,9,Bachelor's,Tier 3,0.2604567142371019,0.41247407358213845,Khan,Riley,2026-04-01,LinkedIn,No,0.2604567142371019,B9,0.2108743864872788
A00006,62,Male,Asian,USA,missing,Single,Heterosexual,No,missing,English,majority,Data Scientist,12,Bachelor's,Tier 3,0.6146837858531937,0.7945632944685765,Khan,Jordan,2026-04-01,LinkedIn,Yes,0.6146837858531937,,0.6176909659830656
A00007,51,Female,White,USA,Christian,Single,LGBTQ+,No,missing,English,majority,DevOps Engineer,3,Master's,Tier 2,0.3791524644729348,0.5785314425934824,Williams,Casey,2026-04-01,Referral,No,0.3791524644729348,,0.4461632267506615
A00008,40,Male,Hispanic,USA,Christian,Married,Heterosexual,No,missing,English,majority,Product Manager,19,Bachelor's,Tier 1,0.7385594468117919,0.01706788439333734,Diallo,Taylor,2026-04-01,Referral,No,0.7385594468117919,B9,0.7139491208842254
A00009,25,Female,White,USA,Christian,Single,Heterosexual,No,missing,English,minority,DevOps Engineer,17,Associates,Tier 2,0.5074501718835841,0.03476384170604008,Diallo,Casey,2026-04-01,Referral,No,0.5074501718835841,,0.4764264268925871
A00010,53,Male,White,USA,Christian,Single,Heterosexual,No,missing,English,majority,Business Analyst,11,Bachelor's,Tier 2,0.46786373776784695,0.5587819365687682,Cohen,Riley,2026-04-01,LinkedIn,No,0.46786373776784695,,0.4923558402771069
A00011,50,Male,Asian,USA,Christian,Married,Heterosexual,No,missing,English,minority,Sales Representative,1,Bachelor's,Tier 1,0.5921032373518085,0.9108169822377857,Chen,Alex,2026-04-01,LinkedIn,Yes,0.5921032373518085,,0.6099475877598115
A00012,24,Male,White,USA,Christian,Single,Heterosexual,No,missing,English,minority,DevOps Engineer,6,Master's,Tier 2,0.2706242478459957,0.9002029215802149,Smith,Skyler,2026-04-01,Referral,Yes,0.2706242478459957,,0.2758949602958906
A00013,46,Female,Asian,USA,missing,Single,Heterosexual,No,missing,English,majority,Sales Representative,23,Bachelor's,Tier 2,0.6877979912116525,0.1016993677657062,Nguyen,Casey,2026-04-01,Direct,No,0.6877979912116525,,0.6412745889762423
A00014,60,Male,Hispanic,USA,Christian,Single,Heterosexual,No,missing,English,majority,DevOps Engineer,13,Master's,missing,0.8274678783410438,0.4661261842956796,Patel,Casey,2026-04-01,LinkedIn,Yes,0.8274678783410438,B9,0.8260052872178801
A00015,61,Male,White,USA,missing,Married,Heterosexual,No,missing,Spanish,majority,Product Manager,11,Bachelor's,Tier 2,0.3101421282648036,0.5636507126057454,Lee,Skyler,2026-04-01,Direct,No,0.3101421282648036,,0.34490728798771797
A00016,53,Female,White,USA,Christian,missing,Heterosexual,No,Visual,English,majority,DevOps Engineer,8,High School,Tier 2,0.6504609832327891,0.9115722944229298,Nguyen,Morgan,2026-04-01,Direct,Yes,0.6504609832327891,,0.5832502558685351
A00017,24,Female,White,USA,Christian,Married,Heterosexual,No,missing,English,majority,ML Engineer,17,PhD,Tier 2,0.16930282146598674,0.8183264417173445,Nguyen,Casey,2026-04-01,Referral,No,0.16930282146598674,,0.14642203341397583
A00018,47,Female,Hispanic,USA,Christian,Married,Heterosexual,No,missing,Mandarin,majority,ML Engineer,8,Associates,Tier 2,0.2152141180451811,0.39293772751014744,Kim,Morgan,2026-04-01,Referral,No,0.2152141180451811,B9,0.12015298105513889
A00019,39,Male,White,USA,Christian,Divorced,Heterosexual,No,missing,Hindi,majority,ML Engineer,20,PhD,Tier 2,0.8998402628327354,0.9084705913035428,Patel,Casey,2026-04-01,Referral,Yes,0.8998402628327354,,0.8353633758434866
A00020,31,Female,Hispanic,USA,Christian,Single,Prefer not to say,No,missing,English,majority,Marketing Manager,7,Master's,Tier 1,0.34649694886755733,0.40747114506176607,Brown,Sam,2026-04-01,LinkedIn,No,0.34649694886755733,B9,0.25441019697797074
A00021,31,Female,White,USA,Christian,Married,LGBTQ+,No,missing,English,majority,Product Manager,8,High School,Tier 3,0.6054615010428449,0.06503188258517134,Hernandez,Sam,2026-04-01,Direct,No,0.6054615010428449,,0.5937069444891109
A00022,53,Male,Asian,USA,Christian,Married,Heterosexual,No,missing,Vietnamese,majority,DevOps Engineer,19,Bachelor's,missing,0.5807185155268534,0.1051229509239705,Rodriguez,Casey,2026-04-01,Direct,No,0.5807185155268534,,0.5173461914546682
A00023,24,Female,Native American,USA,Christian,Single,Heterosexual,No,Cognitive/Neurodivergent,English,minority,ML Engineer,6,Bachelor's,Tier 2,0.9269050671652156,0.10698629874195786,Smith,Jordan,2026-04-01,Direct,No,0.9269050671652156,B9,0.9404682851063006
A00024,51,Female,Native American,USA,missing,Single,Heterosexual,No,Visual,English,majority,ML Engineer,12,Master's,missing,0.9473640687457169,0.09969730567824531,Nguyen,Casey,2026-04-01,Referral,No,0.9473640687457169,B9,0.9552016230769281
A00025,39,Female,Native American,USA,Muslim,Single,Heterosexual,No,missing,English,majority,UX Designer,4,Master's,Tier 2,0.06609141503766947,0.255185034746702,Lee,Morgan,2026-04-01,Indeed,No,0.06609141503766947,B9,0.056744867806171745
A00026,53,Female,White,USA,Christian,Married,Heterosexual,No,missing,Vietnamese,majority,ML Engineer,13,PhD,Tier 1,0.19055076855021247,0.19763725801602183,Rodriguez,Skyler,2026-04-01,Referral,No,0.19055076855021247,,0.06471278300918681
A00027,42,Male,White,USA,Buddhist,Married,Heterosexual,No,missing,English,majority,Senior Software Engineer,19,Bachelor's,Tier 2,0.3381915150669539,0.5458911825344391,Kim,Taylor,2026-04-01,LinkedIn,No,0.3381915150669539,,0.31125687027462207
A00028,47,Male,Hispanic,USA,Christian,Single,Heterosexual,No,Hearing,English,majority,Marketing Manager,7,Bachelor's,Tier 1,0.2717319270719416,0.27891672907569054,Patel,Skyler,2026-04-01,Indeed,No,0.2717319270719416,B9,0.269306879801888
A00029,28,Male,Black,Vietnam,missing,Married,Heterosexual,No,missing,Spanish,majority,Sales Representative,16,Bachelor's,Tier 3,0.7412929412608162,0.08815274807475132,Williams,Taylor,2026-04-01,Direct,No,0.7412929412608162,B9,0.7469583905609816
A00030,30,Male,White,USA,Christian,Single,Heterosexual,No,missing,Hindi,majority,Data Scientist,0,Bachelor's,Tier 3,0.37225508348379743,0.5232265585413692,Singh,Jordan,2026-04-01,Direct,No,0.37225508348379743,,0.29574829520852775
A00031,22,Male,Hispanic,USA,Muslim,missing,Heterosexual,No,missing,English,minority,DevOps Engineer,8,Bachelor's,missing,0.9337865512029727,0.3921475590640988,Kim,Casey,2026-04-01,Referral,Yes,0.9337865512029727,B9,0.9098988874012762
A00032,41,Male,White,Vietnam,Christian,missing,LGBTQ+,No,Cognitive/Neurodivergent,English,majority,Marketing Manager,14,PhD,missing,0.7269514196604608,0.43263431694815746,Kim,Taylor,2026-04-01,Referral,Yes,0.7269514196604608,,0.6780254657576289
A00033,23,Male,Hispanic,USA,missing,Single,Heterosexual,Yes,Visual,English,majority,Data Scientist,1,Bachelor's,Tier 3,0.7191055011367257,0.23067653156739842,Johnson,Taylor,2026-04-01,Referral,No,0.7191055011367257,B9,0.6786636391654457
A00034,34,Male,Hispanic,Vietnam,missing,Single,Heterosexual,No,Visual,English,majority,Software Engineer,17,PhD,Tier 1,0.5422373542627246,0.30442886835073407,Ahmed,Riley,2026-04-01,Referral,No,0.5422373542627246,B9,0.5952822854320285
A00035,60,Female,Black,USA,missing,Married,Heterosexual,No,Hearing,Mandarin,minority,ML Engineer,18,Bachelor's,Tier 1,0.15305626466507027,0.09504016718012415,Johnson,Jordan,2026-04-01,LinkedIn,No,0.15305626466507027,B9,0.11267953089847545
A00036,52,Male,Hispanic,USA,Christian,Single,Heterosexual,No,missing,English,majority,Business Analyst,2,Bachelor's,Tier 2,0.11655840238202664,0.2510992825230921,Wang,Riley,2026-04-01,Direct,No,0.11655840238202664,B9,0.1149323171347506
A00037,41,Male,Black,USA,missing,Single,Heterosexual,No,missing,English,majority,DevOps Engineer,5,Bachelor's,Tier 3,0.05980525905828127,0.09842415028539331,Lee,Casey,2026-04-01,Referral,No,0.05980525905828127,B9,0.10402475242743997
A00038,25,Female,Hispanic,USA,Muslim,Married,Heterosexual,No,Mobility,English,minority,Business Analyst,23,PhD,Tier 2,0.7112213507280821,0.12433322077311504,Lee,Morgan,2026-04-01,Direct,No,0.7112213507280821,B9,0.6820413290909171
A00039,37,Male,Hispanic,USA,missing,Married,Heterosexual,No,missing,English,minority,UX Designer,8,Master's,Tier 1,0.3498800111175564,0.13921684262469808,Johnson,Alex,2026-04-01,LinkedIn,No,0.3498800111175564,B9,0.3442949136383484
A00040,61,Male,Hispanic,USA,missing,Single,Heterosexual,No,missing,Vietnamese,minority,Marketing Manager,0,Master's,Tier 2,0.34378860804234224,0.05921632629414303,Ahmed,Taylor,2026-04-01,Indeed,No,0.34378860804234224,B9,0.34931181520481625
A00041,61,Male,White,USA,Muslim,missing,Heterosexual,No,missing,English,majority,Marketing Manager,4,Bachelor's,Tier 2,0.08868418668613498,0.6828126715223034,Rodriguez,Taylor,2026-04-01,Indeed,No,0.08868418668613498,,0.09187327539888808
A00042,39,Female,White,USA,Muslim,Married,Heterosexual,No,Hearing,English,minority,Data Scientist,7,Bachelor's,Tier 2,0.8724268477438347,0.00038593823361277035,Diallo,Sam,2026-04-01,Indeed,No,0.8724268477438347,,0.81117405642295
A00043,61,Male,Asian,USA,Christian,missing,Heterosexual,No,Visual,English,minority,Marketing Manager,0,Bachelor's,Tier 3,0.6692511964400544,0.3928885692804148,Brown,Sam,2026-04-01,Direct,No,0.6692511964400544,,0.6730582079589048
A00044,49,Male,Middle Eastern,Vietnam,Christian,Married,Heterosexual,No,missing,English,majority,UX Designer,23,Bachelor's,Tier 1,0.7541157209267157,0.3559380165001872,Nguyen,Riley,2026-04-01,Direct,No,0.7541157209267157,,0.8220568920137926
A00045,25,Male,White,Egypt,Christian,Single,Heterosexual,No,missing,English,minority,UX Designer,13,Master's,missing,0.4232660438753003,0.7327063006551663,Williams,Morgan,2026-04-01,Direct,Yes,0.4232660438753003,,0.3459088099688762
A00046,54,Male,Hispanic,Mexico,Christian,Single,Heterosexual,No,missing,English,majority,Software Engineer,5,Master's,Tier 2,0.36146212659469357,0.047340240204523154,Singh,Morgan,2026-04-01,Direct,No,0.36146212659469357,B9,0.4044312609957735
A00047,24,Male,Asian,USA,missing,Single,Heterosexual,Yes,missing,Hindi,majority,Business Analyst,19,High School,Tier 1,0.16048357102630517,0.12208927852717077,Singh,Taylor,2026-04-01,Indeed,No,0.16048357102630517,,0.16645127231113424
A00048,52,Male,Hispanic,China,Hindu,Single,Heterosexual,No,missing,English,minority,Senior Software Engineer,20,Bachelor's,Tier 3,0.08259324773101939,0.032743324846489286,Rodriguez,Morgan,2026-04-01,LinkedIn,No,0.08259324773101939,B9,0.05051972802565832
A00049,41,Female,Asian,USA,Hindu,Divorced,Heterosexual,No,Mobility,English,majority,DevOps Engineer,2,Master's,Tier 2,0.75849397233733,0.007185372001058399,Garcia,Taylor,2026-04-01,Indeed,No,0.75849397233733,,0.8585147996544511
A00050,25,Male,White,China,Muslim,Single,Heterosexual,No,missing,English,majority,Product Manager,15,Bachelor's,Tier 3,0.9167277774064854,0.2268275534137819,Smith,Taylor,2026-04-01,LinkedIn,Yes,0.9167277774064854,,0.954840763010721
A00051,60,Male,White,USA,Buddhist,Single,Heterosexual,No,missing,English,majority,Senior Software Engineer,19,Master's,Tier 2,0.15224652275644746,0.9942934913610411,Lee,Jordan,2026-04-01,Indeed,Yes,0.15224652275644746,,0.09228207765118629
A00052,45,Non-binary,White,USA,Christian,Married,Heterosexual,No,missing,English,minority,Software Engineer,6,Bachelor's,Tier 3,0.4745633861788229,0.025316958531377165,Cohen,Jordan,2026-04-01,Referral,No,0.4745633861788229,,0.478289197617396
A00053,45,Female,White,Mexico,missing,Single,Heterosexual,No,missing,English,majority,Product Manager,23,Bachelor's,Tier 1,0.4232257239310303,0.3190133883094435,Patel,Casey,2026-04-01,Referral,No,0.4232257239310303,,0.4520602031145396
A00054,36,Male,Middle Eastern,USA,Christian,Single,LGBTQ+,Yes,missing,Spanish,majority,Software Engineer,20,Bachelor's,Tier 2,0.9687335277421519,0.28819388597866746,Johnson,Morgan,2026-04-01,Direct,Yes,0.9687335277421519,,0.9592944214746144
A00055,47,Male,White,USA,Christian,Divorced,Heterosexual,No,Mobility,English,majority,Senior Software Engineer,1,Master's,Tier 3,0.40563321177892453,0.6960683965717909,Garcia,Morgan,2026-04-01,Referral,No,0.40563321177892453,,0.4397787251386848
A00056,20,Male,Asian,USA,Hindu,Single,Heterosexual,No,missing,English,majority,Data Scientist,16,Bachelor's,Tier 3,0.7708600356069328,0.0005260022438738909,Khan,Sam,2026-04-01,Direct,No,0.7708600356069328,,0.7675341695994621
A00057,53,Male,Hispanic,USA,Jewish,Single,Prefer not to say,Yes,Cognitive/Neurodivergent,English,majority,Senior Software Engineer,18,High School,Tier 2,0.5502186336194046,0.14826861528889423,Wang,Casey,2026-04-01,LinkedIn,No,0.5502186336194046,B9,0.583581011661121
A00058,40,Female,Hispanic,USA,Christian,Married,Prefer not to say,No,missing,English,majority,Data Scientist,6,Associates,Tier 3,0.2962945254440559,0.1137161200574473,Ahmed,Riley,2026-04-01,Indeed,No,0.2962945254440559,B9,0.36822065502686346
A00059,25,Male,White,USA,missing,Single,Heterosexual,No,missing,English,minority,Marketing Manager,11,Bachelor's,Tier 2,0.6784006400971249,0.6495586569622698,Diallo,Jordan,2026-04-01,Direct,Yes,0.6784006400971249,,0.6446175275468422
A00060,60,Female,White,USA,Muslim,Married,Heterosexual,No,Hearing,English,majority,Data Scientist,19,Bachelor's,Tier 3,0.8062275348272255,0.1283706301602049,Williams,Taylor,2026-04-01,Indeed,No,0.8062275348272255,,0.816384465346706
A00061,24,Male,White,USA,Buddhist,Single,Heterosexual,No,Mobility,English,minority,ML Engineer,16,High School,Tier 3,0.5282238112457498,0.9401145805561061,Williams,Alex,2026-04-01,Direct,Yes,0.5282238112457498,,0.5050584324188291
A00062,32,Male,Hispanic,USA,Christian,Single,Heterosexual,No,missing,Vietnamese,minority,Data Scientist,4,Master's,missing,0.9930777768937904,0.10388834615369791,Ahmed,Morgan,2026-04-01,Indeed,No,0.9930777768937904,B9,0.999441197455082
A00063,51,Male,Black,USA,Christian,Divorced,Heterosexual,No,Cognitive/Neurodivergent,English,majority,ML Engineer,22,Bachelor's,missing,0.8549983101385916,0.3357721590814737,Williams,Alex,2026-04-01,Referral,Yes,0.8549983101385916,B9,0.7956385837460846
A00064,29,Non-binary,Hispanic,USA,Christian,Single,Heterosexual,No,missing,English,minority,Marketing Manager,20,Associates,missing,0.13482860392393836,0.4804088086563153,Rodriguez,Casey,2026-04-01,Referral,No,0.13482860392393836,B9,0.1058635240988047
A00065,24,Male,Black,USA,Christian,Single,Heterosexual,No,Hearing,English,majority,Product Manager,2,Bachelor's,Tier 3,0.8579954286811454,0.34777107453064593,Ahmed,Casey,2026-04-01,Indeed,Yes,0.8579954286811454,B9,0.8481856300409206
A00066,21,Female,White,USA,Muslim,Single,Heterosexual,Yes,missing,English,minority,Senior Software Engineer,0,Bachelor's,Tier 1,0.8875723044714563,0.663275653031957,Nguyen,Jordan,2026-04-01,Indeed,Yes,0.8875723044714563,,0.9325104980764767
A00067,57,Male,White,USA,Christian,missing,Heterosexual,Yes,missing,Hindi,minority,UX Designer,22,Bachelor's,Tier 2,0.35868313753100156,0.9236350930037263,Brown,Sam,2026-04-01,Referral,Yes,0.35868313753100156,,0.41594423790370816
A00068,30,Female,White,USA,missing,Single,Heterosexual,No,Mobility,Vietnamese,majority,ML Engineer,18,PhD,Tier 2,0.2762321104135069,0.025513276068173663,Williams,Alex,2026-04-01,Direct,No,0.2762321104135069,,0.2100557207892942
A00069,58,Male,White,Mexico,Christian,Single,Heterosexual,No,missing,English,minority,Business Analyst,24,Bachelor's,missing,0.08393889055623271,0.8460104391749946,Khan,Morgan,2026-04-01,Referral,No,0.08393889055623271,,0.04420677225688024
A00070,49,Male,Hispanic,Iran,missing,Divorced,Heterosexual,No,missing,Vietnamese,minority,Marketing Manager,1,Bachelor's,Tier 1,0.10100495371854323,0.12321099185847634,Ahmed,Morgan,2026-04-01,Indeed,No,0.10100495371854323,B9,0.1333501248472143
A00071,44,Female,Native American,USA,Muslim,Married,Heterosexual,No,missing,English,minority,Senior Software Engineer,8,Associates,Tier 1,0.05345845275590455,0.36063678962888573,Garcia,Alex,2026-04-01,Referral,No,0.05345845275590455,B9,-0.046162536452820174
A00072,51,Female,White,USA,Buddhist,Married,Heterosexual,No,missing,English,majority,UX Designer,6,Bachelor's,Tier 3,0.21902378007586698,0.28980158892089203,Kim,Riley,2026-04-01,Indeed,No,0.21902378007586698,,0.19586528682824864
A00073,45,Male,Hispanic,USA,Christian,Married,Heterosexual,No,missing,English,majority,Product Manager,13,Master's,Tier 2,0.5538864512987106,0.05585795781530051,Garcia,Casey,2026-04-01,LinkedIn,No,0.5538864512987106,B9,0.5490221050152062
A00074,32,Male,Black,USA,Christian,Single,Heterosexual,No,missing,English,majority,Product Manager,1,Bachelor's,Tier 3,0.2028102795890412,0.4196775409526818,Patel,Sam,2026-04-01,Referral,No,0.2028102795890412,B9,0.2656610284533822
A00075,25,Male,Native American,India,Christian,Single,Heterosexual,No,missing,Hindi,majority,Senior Software Engineer,15,Master's,Tier 1,0.4413512985553597,0.4905283744444394,Ahmed,Skyler,2026-04-01,Direct,No,0.4413512985553597,B9,0.47582149358389747
A00076,62,Male,White,India,missing,Married,Heterosexual,No,missing,English,majority,Data Scientist,1,Master's,Tier 2,0.5205363959074844,0.037755107225476925,Patel,Jordan,2026-04-01,Referral,No,0.5205363959074844,,0.5041757248963744
A00077,38,Male,Asian,Mexico,Christian,Single,Heterosexual,No,missing,English,majority,Software Engineer,3,Bachelor's,Tier 1,0.8405190736099262,0.08172714447788054,Ahmed,Casey,2026-04-01,LinkedIn,No,0.8405190736099262,,0.8220902789049283
A00078,21,Male,Asian,USA,Christian,Married,Heterosexual,No,missing,English,majority,DevOps Engineer,5,Bachelor's,missing,0.6370744310567797,0.2770922681609974,Okafor,Skyler,2026-04-01,LinkedIn,No,0.6370744310567797,,0.6245646610308835
A00079,31,Male,White,USA,Buddhist,Married,Heterosexual,No,missing,English,majority,UX Designer,24,Bachelor's,Tier 3,0.6448555814663641,0.11937940839220773,Chen,Casey,2026-04-01,Referral,No,0.6448555814663641,,0.7210320514891722
A00080,52,Male,White,USA,Christian,Single,Heterosexual,No,missing,English,majority,Product Manager,9,Bachelor's,missing,0.27599937708457767,0.17470457853315724,Ahmed,Alex,2026-04-01,Referral,No,0.27599937708457767,,0.2545981299559343
A00081,57,Male,White,USA,Christian,Married,Heterosexual,No,Cognitive/Neurodivergent,English,minority,Sales Representative,0,PhD,Tier 1,0.21194677821436947,0.9735011735303605,Johnson,Morgan,2026-04-01,Indeed,Yes,0.21194677821436947,,0.196762758796133
A00082,27,Male,White,USA,Christian,Married,Heterosexual,No,Cognitive/Neurodivergent,Vietnamese,minority,DevOps Engineer,3,Master's,Tier 1,0.7962735152934775,0.5904725954709961,Singh,Riley,2026-04-01,Referral,Yes,0.7962735152934775,,0.8139029686577407
A00083,20,Female,White,USA,Christian,Single,Heterosexual,No,Hearing,Spanish,majority,Data Scientist,9,Bachelor's,Tier 2,0.37261163338706416,0.3823260497156552,Rodriguez,Skyler,2026-04-01,Direct,No,0.37261163338706416,,0.3665731111327414
A00084,30,Male,Asian,USA,Christian,Married,Heterosexual,No,missing,English,majority,Data Scientist,14,Associates,Tier 3,0.4939155187856079,0.3071364316665789,Kim,Casey,2026-04-01,Direct,No,0.4939155187856079,,0.48405130738732177
A00085,21,Female,White,USA,Jewish,Married,Heterosexual,No,missing,English,majority,Business Analyst,19,Bachelor's,Tier 3,0.028838739543508796,0.6151925713083122,Cohen,Taylor,2026-04-01,Referral,No,0.028838739543508796,,-0.026864617614044017
A00086,21,Female,White,USA,Christian,Single,LGBTQ+,No,missing,English,majority,Software Engineer,12,Master's,Tier 1,0.896228614009996,0.29821758612942306,Okafor,Riley,2026-04-01,Indeed,Yes,0.896228614009996,,0.8956525406080685
A00087,54,Male,White,USA,Christian,Single,Heterosexual,No,Cognitive/Neurodivergent,Vietnamese,majority,Sales Representative,4,PhD,Tier 2,0.22872218901780694,0.9115070578725668,Singh,Taylor,2026-04-01,Referral,Yes,0.22872218901780694,,0.206543127869086
A00088,26,Female,Asian,India,Christian,Married,Heterosexual,No,Visual,English,majority,Software Engineer,9,Bachelor's,missing,0.2797060105892054,0.383487726254257,Smith,Riley,2026-04-01,Indeed,No,0.2797060105892054,,0.3380123993987165
A00089,24,Male,White,USA,Christian,Married,Heterosexual,No,Visual,English,majority,Business Analyst,0,Bachelor's,Tier 2,0.843450066459026,0.9812853806206407,Diallo,Riley,2026-04-01,Indeed,Yes,0.843450066459026,,0.8761044915940842
A00090,49,Male,White,USA,missing,Married,Heterosexual,No,Cognitive/Neurodivergent,English,majority,Software Engineer,3,Master's,Tier 2,0.39545369935960395,0.6095026002670941,Diallo,Skyler,2026-04-01,Referral,No,0.39545369935960395,,0.3942465187091073
A00091,31,Male,Hispanic,USA,Christian,Single,Heterosexual,No,missing,English,minority,Marketing Manager,11,Bachelor's,Tier 3,0.6376251628919273,0.3729510058582033,Rodriguez,Riley,2026-04-01,Direct,No,0.6376251628919273,B9,0.6710442140552945
A00092,53,Male,White,USA,Christian,Married,Heterosexual,No,missing,Spanish,minority,Sales Representative,0,Bachelor's,Tier 1,0.15151105579394863,0.22715379246596068,Ahmed,Riley,2026-04-01,Direct,No,0.15151105579394863,,0.13451757820829116
A00093,26,Female,Hispanic,USA,Christian,Single,Heterosexual,No,missing,English,majority,Sales Representative,8,Bachelor's,Tier 1,0.6849823478963055,0.42322106297694834,Chen,Skyler,2026-04-01,Indeed,No,0.6849823478963055,B9,0.7375886658176529
A00094,36,Male,Asian,USA,Muslim,Single,Heterosexual,No,missing,English,majority,Software Engineer,15,Bachelor's,Tier 3,0.9565903055518725,0.5307527580043129,Singh,Skyler,2026-04-01,Referral,Yes,0.9565903055518725,,0.9563203275182912
A00095,52,Female,White,USA,Christian,Single,Heterosexual,No,Hearing,English,minority,Data Scientist,20,High School,Tier 1,0.7170241483162975,0.06647709601503593,Khan,Casey,2026-04-01,Indeed,No,0.7170241483162975,,0.7461932660253181
A00096,52,Male,White,USA,Christian,Single,LGBTQ+,No,missing,English,majority,Software Engineer,21,Bachelor's,missing,0.20069880316775657,0.5262000590150276,Khan,Alex,2026-04-01,Indeed,No,0.20069880316775657,,0.1361541409015822
A00097,45,Male,White,USA,Christian,Single,Heterosexual,No,missing,English,majority,Senior Software Engineer,15,High School,Tier 2,0.3890874609130287,0.7032361729347941,Nguyen,Alex,2026-04-01,LinkedIn,No,0.3890874609130287,,0.4064214633569502
A00098,21,Male,Black,USA,Christian,Married,Heterosexual,No,Cognitive/Neurodivergent,English,majority,Software Engineer,11,Bachelor's,Tier 1,0.24063374565563234,0.13781429855506,Cohen,Casey,2026-04-01,Referral,No,0.24063374565563234,B9,0.15622353978730524
A00099,36,Female,Black,USA,Christian,Married,Heterosexual,No,missing,English,majority,Product Manager,7,Bachelor's,Tier 1,0.9462206413622167,0.33502247050112655,Johnson,Taylor,2026-04-01,LinkedIn,Yes,0.9462206413622167,B9,0.8444541941152202
A00100,26,Female,Hispanic,USA,missing,Married,Heterosexual,No,Mobility,Spanish,majority,Software Engineer,6,Bachelor's,Tier 1,0.2589116077752399,0.43173287069154265,Wang,Taylor,2026-04-01,Direct,No,0.2589116077752399,B9,0.24368776388966806
A00101,33,Female,Hispanic,USA,missing,Single,Heterosexual,No,missing,English,minority,Business Analyst,4,Bachelor's,Tier 1,0.9847795884927844,0.09592663683028785,Nguyen,Casey,2026-04-01,Referral,No,0.9847795884927844,B9,0.9397832081128545
A00102,29,Male,Black,USA,Buddhist,Divorced,LGBTQ+,No,missing,Spanish,majority,Marketing Manager,21,Master's,missing,0.9012287945293125,0.10527528422340665,Williams,Skyler,2026-04-01,Indeed,No,0.9012287945293125,B9,0.9094314343149236
A00103,59,Female,Hispanic,USA,Christian,Single,Heterosexual,Yes,Cognitive/Neurodivergent,English,majority,UX Designer,23,Bachelor's,Tier 3,0.8683976913787896,0.3307079398309229,Hernandez,Riley,2026-04-01,Indeed,Yes,0.8683976913787896,B9,0.9806355227030921
A00104,39,Female,Hispanic,India,Muslim,Single,Heterosexual,No,missing,English,minority,Product Manager,1,High School,Tier 2,0.5958809011454315,0.37776407179835786,Cohen,Morgan,2026-04-01,Referral,No,0.5958809011454315,B9,0.5542947420748274
A00105,48,Male,Black,USA,missing,Married,Heterosexual,No,Hearing,English,minority,Sales Representative,11,Bachelor's,Tier 2,0.6537289789067156,0.3817743025263484,Kim,Jordan,2026-04-01,Referral,No,0.6537289789067156,B9,0.6225317995845202
A00106,29,Female,White,USA,Christian,Single,Heterosexual,No,missing,English,majority,Senior Software Engineer,6,Bachelor's,Tier 2,0.4800948358764371,0.6402037145084286,Chen,Skyler,2026-04-01,Referral,No,0.4800948358764371,,0.49036503317967206
A00107,29,Male,Asian,USA,Christian,Divorced,Heterosexual,No,missing,English,majority,Software Engineer,5,Master's,Tier 2,0.2481840670744434,0.1978138344829582,Garcia,Riley,2026-04-01,Indeed,No,0.2481840670744434,,0.2728347316450612
A00108,45,Female,White,USA,Muslim,Single,Heterosexual,No,missing,English,majority,Marketing Manager,3,Bachelor's,Tier 1,0.8322066388163275,0.5481859489626179,Nguyen,Morgan,2026-04-01,Referral,Yes,0.8322066388163275,,0.8233863355210396
A00109,46,Female,White,USA,Muslim,Single,Heterosexual,No,missing,Hindi,minority,Sales Representative,5,Master's,Tier 1,0.18302977921287789,0.4161082910446985,Cohen,Taylor,2026-04-01,Direct,No,0.18302977921287789,,0.17273326270021705
A00110,52,Male,White,USA,Christian,Single,Heterosexual,No,missing,English,minority,Sales Representative,6,Associates,Tier 3,0.6499787018877028,0.7526797971114271,Patel,Riley,2026-04-01,Direct,Yes,0.6499787018877028,,0.68510184964373
A00111,33,Female,Asian,USA,missing,Single,Heterosexual,No,missing,English,minority,DevOps Engineer,14,Bachelor's,Tier 2,0.3079922920840793,0.17416404120893392,Hernandez,Jordan,2026-04-01,Indeed,No,0.3079922920840793,,0.3339876739357742
A00112,27,Female,Hispanic,USA,Christian,Single,Prefer not to say,No,missing,English,majority,DevOps Engineer,23,Associates,Tier 2,0.5894731956228021,0.06581754842000798,Lee,Riley,2026-04-01,Referral,No,0.5894731956228021,B9,0.5377894040191177
A00113,60,Male,White,USA,Christian,Married,Heterosexual,No,missing,English,majority,Data Scientist,7,Associates,Tier 2,0.7786334268381709,0.3892061232773818,Khan,Sam,2026-04-01,Referral,Yes,0.7786334268381709,,0.7746743609073788
A00114,28,Female,White,USA,Christian,Single,Heterosexual,No,missing,English,majority,Sales Representative,4,Master's,Tier 3,0.3424582166842497,0.07863306049895769,Singh,Casey,2026-04-01,Direct,No,0.3424582166842497,,0.3442225591173234
A00115,35,Female,Native American,USA,Christian,missing,Heterosexual,Yes,Visual,English,majority,DevOps Engineer,10,Master's,Tier 1,0.8159636351403937,0.25084781170553394,Singh,Skyler,2026-04-01,Direct,No,0.8159636351403937,B9,0.7632394040379382
A00116,53,Male,Black,USA,Muslim,Single,Heterosexual,Yes,missing,English,majority,Software Engineer,14,Bachelor's,Tier 1,0.3275543809089845,0.17551410310245846,Williams,Alex,2026-04-01,Referral,No,0.3275543809089845,B9,0.34054633594270267
A00117,49,Non-binary,White,USA,missing,Single,Heterosexual,No,missing,English,minority,Data Scientist,8,Bachelor's,Tier 2,0.34291816771066874,0.17403482700620443,Okafor,Skyler,2026-04-01,Referral,No,0.34291816771066874,,0.30002034385184156
A00118,38,Female,White,Egypt,Muslim,missing,Heterosexual,No,missing,English,majority,Data Scientist,17,Master's,Tier 3,0.0645664187985584,0.15409514758624843,Chen,Morgan,2026-04-01,Direct,No,0.0645664187985584,,0.11316975419441054
A00119,41,Female,Asian,India,missing,Married,LGBTQ+,No,missing,English,majority,Software Engineer,8,Bachelor's,Tier 2,0.6118699045805751,0.8004466456623465,Kim,Alex,2026-04-01,Referral,Yes,0.6118699045805751,,0.6215072002108287
A00120,44,Male,White,Egypt,Christian,Married,Heterosexual,No,Visual,English,majority,UX Designer,23,Bachelor's,missing,0.952106727989982,0.9993308606518129,Nguyen,Morgan,2026-04-01,Referral,Yes,0.952106727989982,,0.9565720522784344
A00121,39,Male,Asian,USA,Hindu,Married,Heterosexual,No,missing,English,minority,Product Manager,19,High School,Tier 3,0.6957850344860169,0.7933402626816884,Lee,Skyler,2026-04-01,Direct,Yes,0.6957850344860169,,0.6662336168432033
A00122,47,Female,Hispanic,USA,Christian,Single,Heterosexual,No,missing,English,majority,ML Engineer,13,Bachelor's,Tier 2,0.5208724882873424,0.22142186466189623,Ahmed,Skyler,2026-04-01,Direct,No,0.5208724882873424,B9,0.5149419970934578
A00123,60,Non-binary,White,USA,missing,Single,Heterosexual,No,missing,Hindi,minority,UX Designer,13,Master's,Tier 2,0.8291084575411465,0.7316551678920863,Johnson,Skyler,2026-04-01,Direct,Yes,0.8291084575411465,,0.7292211428957938
A00124,23,Female,Asian,USA,Hindu,Divorced,Heterosexual,No,missing,English,majority,Sales Representative,8,Bachelor's,Tier 1,0.5842308482811035,0.9269607805181945,Williams,Taylor,2026-04-01,Direct,Yes,0.5842308482811035,,0.5276604747549506
A00125,30,Female,White,USA,Christian,Single,Heterosexual,No,missing,English,minority,Data Scientist,21,Associates,Tier 3,0.29726967202779997,0.8511047231594081,Smith,Riley,2026-04-01,Indeed,Yes,0.29726967202779997,,0.3154116619872377
A00126,34,Female,Asian,USA,missing,Married,Heterosexual,No,Cognitive/Neurodivergent,English,majority,Marketing Manager,19,Master's,Tier 2,0.27644511601003696,0.6411162367012843,Diallo,Skyler,2026-04-01,LinkedIn,No,0.27644511601003696,,0.17001676391892973
A00127,27,Female,Hispanic,USA,Christian,Married,Heterosexual,No,missing,English,majority,UX Designer,0,Bachelor's,Tier 3,0.5525808241381498,0.46016667875977946,Smith,Taylor,2026-04-01,Referral,No,0.5525808241381498,B9,0.5949112502122079
A00128,23,Male,White,USA,Christian,Single,Heterosexual,No,missing,English,majority,DevOps Engineer,3,PhD,Tier 2,0.5296402977939985,0.792285133312461,Kim,Morgan,2026-04-01,Indeed,Yes,0.5296402977939985,,0.44233547402530304
A00129,37,Non-binary,Black,USA,Christian,Married,Heterosexual,No,Mobility,Mandarin,majority,Data Scientist,5,Bachelor's,Tier 2,0.4204820917742019,0.0022683024020791476,Okafor,Taylor,2026-04-01,Indeed,No,0.4204820917742019,B9,0.4583190169074153
A00130,30,Female,Asian,USA,Christian,Married,Heterosexual,No,missing,English,majority,UX Designer,14,PhD,Tier 2,0.7191075240295647,0.34214447423202354,Smith,Skyler,2026-04-01,LinkedIn,No,0.7191075240295647,,0.6768326723855985
A00131,27,Male,White,China,missing,Married,Heterosexual,No,missing,English,majority,ML Engineer,10,PhD,Tier 2,0.051191120657634204,0.649563743763371,Hernandez,Taylor,2026-04-01,LinkedIn,No,0.051191120657634204,,0.09014067487475727
A00132,27,Female,Hispanic,India,Christian,Divorced,Prefer not to say,No,Cognitive/Neurodivergent,English,minority,Product Manager,0,PhD,Tier 1,0.5935903776739659,0.13279546802681658,Cohen,Jordan,2026-04-01,Indeed,No,0.5935903776739659,B9,0.6001379380532059
A00133,52,Female,Hispanic,USA,missing,Single,Heterosexual,No,missing,Spanish,majority,DevOps Engineer,7,Bachelor's,Tier 3,0.17930890390986998,0.234439877325684,Cohen,Skyler,2026-04-01,Referral,No,0.17930890390986998,B9,0.10246715689529554
A00134,46,Female,Asian,USA,Christian,Single,Heterosexual,Yes,Cognitive/Neurodivergent,English,majority,Data Scientist,22,Bachelor's,Tier 3,0.9451757738664429,0.9542348225818869,Nguyen,Skyler,2026-04-01,Indeed,Yes,0.9451757738664429,,1.0076332113443656
A00135,61,Male,Asian,USA,missing,Single,Heterosexual,No,missing,English,majority,Data Scientist,3,Bachelor's,Tier 2,0.8685665552053067,0.2093299938811598,Chen,Morgan,2026-04-01,LinkedIn,No,0.8685665552053067,,0.9406519129814372
A00136,45,Male,Hispanic,USA,Christian,Married,LGBTQ+,No,missing,English,majority,Data Scientist,3,Bachelor's,Tier 2,0.7655760715722472,0.007425314347957512,Patel,Sam,2026-04-01,Indeed,No,0.7655760715722472,B9,0.7622858262722368
A00137,54,Male,White,USA,missing,Married,Heterosexual,No,Hearing,Hindi,majority,UX Designer,0,Associates,Tier 1,0.5055506079905548,0.3618336416465847,Smith,Riley,2026-04-01,Referral,No,0.5055506079905548,,0.49185479438193885
A00138,33,Female,Hispanic,USA,missing,Single,Heterosexual,No,Hearing,English,majority,Sales Representative,13,Associates,Tier 2,0.08490857489246628,0.327242807409159,Rodriguez,Sam,2026-04-01,Indeed,No,0.08490857489246628,B9,0.07691522659393446
A00139,22,Male,White,USA,Christian,Single,Heterosexual,No,missing,English,minority,ML Engineer,13,Bachelor's,missing,0.6674308428839962,0.3711442852324859,Garcia,Morgan,2026-04-01,Referral,No,0.6674308428839962,,0.618673226745059
A00140,38,Female,White,USA,Christian,Single,Heterosexual,No,Visual,Spanish,majority,Marketing Manager,14,Bachelor's,Tier 2,0.1737846307939389,0.6525527780284953,Williams,Alex,2026-04-01,LinkedIn,No,0.1737846307939389,,0.2287139687817848
A00141,35,Female,Hispanic,USA,missing,Married,Heterosexual,No,Visual,English,minority,UX Designer,1,Associates,Tier 3,0.6894033784750055,0.3444851418360797,Johnson,Riley,2026-04-01,Indeed,No,0.6894033784750055,B9,0.6622587818884962
A00142,55,Male,White,USA,Christian,Divorced,Heterosexual,No,missing,English,minority,Marketing Manager,0,Bachelor's,Tier 2,0.4978289806606252,0.05142220760256255,Singh,Alex,2026-04-01,Indeed,No,0.4978289806606252,,0.4952694600260414
A00143,22,Female,Asian,USA,Christian,Single,Heterosexual,No,Hearing,English,minority,Product Manager,14,Bachelor's,Tier 1,0.5747937810324167,0.46286835838181584,Johnson,Taylor,2026-04-01,Indeed,No,0.5747937810324167,,0.5351289608722646
A00144,20,Female,White,Mexico,missing,Married,Heterosexual,No,missing,English,majority,UX Designer,2,Master's,Tier 2,0.5324225377253063,0.24306806475838305,Hernandez,Sam,2026-04-01,Direct,No,0.5324225377253063,,0.5011188827392965
A00145,29,Male,White,USA,Christian,Married,Heterosexual,No,missing,English,minority,Sales Representative,13,Bachelor's,Tier 1,0.9894780809896487,0.7648364188977628,Patel,Sam,2026-04-01,Direct,Yes,0.9894780809896487,,0.9255918234070902
A00146,56,Female,Black,USA,Hindu,missing,Heterosexual,No,Visual,English,majority,Senior Software Engineer,0,High School,Tier 3,0.8424372645072529,0.4572157477156514,Brown,Casey,2026-04-01,Indeed,Yes,0.8424372645072529,B9,0.9052907301929725
A00147,48,Female,Black,USA,Christian,Single,LGBTQ+,No,missing,English,majority,Sales Representative,6,Bachelor's,missing,0.6829444775757726,0.4074015168271005,Okafor,Jordan,2026-04-01,Referral,No,0.6829444775757726,B9,0.6752400989154719
A00148,49,Male,White,USA,missing,Married,LGBTQ+,No,missing,English,majority,Software Engineer,3,Associates,Tier 1,0.09119253468785371,0.797221215828255,Lee,Morgan,2026-04-01,Referral,No,0.09119253468785371,,0.13948861562429415
A00149,38,Female,Asian,USA,Christian,Married,Heterosexual,No,missing,Mandarin,minority,Sales Representative,0,Bachelor's,missing,0.6589073361047417,0.8375045942559368,Brown,Alex,2026-04-01,Direct,Yes,0.6589073361047417,,0.6595735659504047
A00150,21,Male,White,USA,Christian,Single,LGBTQ+,No,missing,English,majority,UX Designer,7,Bachelor's,Tier 3,0.2552187377895849,0.5015519871256937,Okafor,Sam,2026-04-01,Referral,No,0.2552187377895849,,0.2204985614044402
A00151,57,Female,Hispanic,USA,missing,missing,Heterosexual,No,missing,Spanish,majority,ML Engineer,9,Bachelor's,Tier 3,0.7249807117595758,0.29094974787925204,Ahmed,Sam,2026-04-01,Direct,No,0.7249807117595758,B9,0.7086464487594631
A00152,25,Female,White,USA,Jewish,Single,Heterosexual,No,missing,English,majority,ML Engineer,10,High School,Tier 1,0.6476055259824695,0.13893380212302842,Patel,Taylor,2026-04-01,Direct,No,0.6476055259824695,,0.6195939734573245
A00153,59,Male,Asian,USA,Christian,Single,LGBTQ+,No,missing,English,majority,Software Engineer,19,Master's,Tier 3,0.47855258781375043,0.19436201597517233,Johnson,Casey,2026-04-01,Direct,No,0.47855258781375043,,0.4789505427729961
A00154,24,Female,Black,USA,missing,Married,Heterosexual,No,missing,English,majority,Product Manager,1,Bachelor's,Tier 2,0.9678756420394301,0.37844280769625677,Lee,Skyler,2026-04-01,Indeed,Yes,0.9678756420394301,B9,0.9491123000555823
A00155,58,Female,White,USA,Christian,Married,Heterosexual,No,Visual,English,majority,UX Designer,3,High School,Tier 1,0.3938965034413603,0.4687325949486417,Brown,Taylor,2026-04-01,LinkedIn,No,0.3938965034413603,,0.37890041764427035
A00156,55,Male,White,USA,Muslim,Single,Heterosexual,No,Mobility,English,majority,DevOps Engineer,5,Bachelor's,Tier 2,0.3066536804694784,0.5989519240017656,Hernandez,Alex,2026-04-01,Direct,No,0.3066536804694784,,0.2377249462626827
A00157,47,Male,Hispanic,USA,Jewish,Divorced,Heterosexual,No,missing,English,minority,DevOps Engineer,1,Master's,Tier 2,0.080184322085878,0.07396213373171856,Chen,Alex,2026-04-01,Referral,No,0.080184322085878,B9,0.039842025704821975
A00158,33,Male,Hispanic,USA,Christian,Single,Heterosexual,Yes,missing,Spanish,minority,Data Scientist,18,Master's,Tier 3,0.5663701209815729,0.3425423091440115,Khan,Riley,2026-04-01,Indeed,No,0.5663701209815729,B9,0.6490729984215944
A00159,36,Male,Asian,Iran,Christian,missing,Heterosexual,No,missing,English,minority,Data Scientist,11,Associates,Tier 3,0.13835936697632767,0.15407442239383984,Lee,Jordan,2026-04-01,LinkedIn,No,0.13835936697632767,,0.1047977061637418
A00160,59,Male,Hispanic,Mexico,Christian,Single,Heterosexual,No,missing,English,minority,ML Engineer,9,Bachelor's,Tier 2,0.6976637723618359,0.06591114768989442,Diallo,Riley,2026-04-01,Referral,No,0.6976637723618359,B9,0.6449590829806612
A00161,40,Male,White,USA,Muslim,Married,Heterosexual,No,missing,English,minority,Data Scientist,14,Bachelor's,missing,0.5135953699059191,0.06041546467993664,Ahmed,Taylor,2026-04-01,Indeed,No,0.5135953699059191,,0.5304616865346707
A00162,34,Male,White,USA,Muslim,Married,Heterosexual,No,Hearing,English,majority,Product Manager,23,Associates,missing,0.2833995024865742,0.3487983121771522,Rodriguez,Morgan,2026-04-01,Indeed,No,0.2833995024865742,,0.3537631124644008
A00163,41,Male,White,USA,Christian,Single,Heterosexual,No,missing,English,majority,DevOps Engineer,10,Associates,Tier 2,0.8891139145701146,0.3695340765308254,Williams,Taylor,2026-04-01,Direct,Yes,0.8891139145701146,,0.8164126994460542
A00164,59,Male,Hispanic,USA,Christian,Single,Heterosexual,No,missing,English,minority,Marketing Manager,20,Bachelor's,Tier 3,0.38436084880600097,0.4484361032187826,Hernandez,Sam,2026-04-01,Direct,No,0.38436084880600097,B9,0.37393475639343743
A00165,33,Male,White,USA,missing,Single,Heterosexual,No,Visual,English,majority,Sales Representative,2,Associates,Tier 3,0.8321464192357764,0.4975922901225627,Cohen,Taylor,2026-04-01,Direct,Yes,0.8321464192357764,,0.800543791539031
A00166,42,Female,Asian,USA,Christian,Married,Heterosexual,No,missing,English,minority,ML Engineer,16,Bachelor's,Tier 1,0.6912941310457932,0.5814016318762542,Garcia,Casey,2026-04-01,Referral,Yes,0.6912941310457932,,0.603243157329423
A00167,34,Female,White,USA,missing,Divorced,Heterosexual,No,missing,English,majority,UX Designer,10,Master's,Tier 2,0.8943328020864082,0.6303817380917046,Brown,Morgan,2026-04-01,LinkedIn,Yes,0.8943328020864082,,0.9310791375493278
A00168,62,Female,Asian,USA,missing,Married,Heterosexual,No,missing,English,majority,Marketing Manager,22,Master's,Tier 2,0.5740674864666526,0.40842228216212473,Johnson,Skyler,2026-04-01,LinkedIn,No,0.5740674864666526,,0.5728952905389104
A00169,38,Male,Black,USA,Christian,Single,Heterosexual,No,missing,English,majority,Marketing Manager,1,Bachelor's,Tier 2,0.7889768405253272,0.31158221709134276,Okafor,Sam,2026-04-01,LinkedIn,No,0.7889768405253272,B9,0.7925489327399575
A00170,57,Female,Asian,USA,Hindu,Divorced,Heterosexual,No,Cognitive/Neurodivergent,English,majority,Software Engineer,0,Bachelor's,Tier 2,0.8783320869466563,0.2392219823846784,Diallo,Skyler,2026-04-01,Direct,No,0.8783320869466563,,0.8407165133243768
A00171,56,Male,Asian,USA,Christian,Married,Heterosexual,No,missing,English,majority,UX Designer,12,Bachelor's,Tier 3,0.3636768498231141,0.71085696885878,Ahmed,Alex,2026-04-01,LinkedIn,No,0.3636768498231141,,0.3864160579729599
A00172,57,Male,Middle Eastern,USA,missing,Single,Heterosexual,No,missing,Vietnamese,majority,Sales Representative,17,Bachelor's,Tier 1,0.7430231486141791,0.9195876491628474,Hernandez,Casey,2026-04-01,Referral,Yes,0.7430231486141791,,0.7160582811398131
A00173,44,Female,Asian,USA,missing,Single,Heterosexual,No,missing,English,minority,Senior Software Engineer,4,Bachelor's,Tier 1,0.5511291806260906,0.3183658398088107,Lee,Taylor,2026-04-01,Direct,No,0.5511291806260906,,0.5439840202012526
A00174,44,Female,White,USA,Christian,Divorced,Heterosexual,No,Mobility,English,majority,Sales Representative,23,Bachelor's,missing,0.7583063934413642,0.8147930570569543,Diallo,Riley,2026-04-01,Indeed,Yes,0.7583063934413642,,0.7028933538322886
A00175,30,Male,Asian,USA,Christian,Married,Heterosexual,No,missing,English,majority,Data Scientist,1,Bachelor's,Tier 2,0.37868619957633654,0.5757026163625361,Ahmed,Jordan,2026-04-01,Direct,No,0.37868619957633654,,0.31788106156592677
A00176,59,Male,Asian,USA,Muslim,Single,Heterosexual,No,missing,English,minority,Marketing Manager,1,Bachelor's,missing,0.044515645003861626,0.8323970633968548,Singh,Riley,2026-04-01,LinkedIn,No,0.044515645003861626,,0.11129223776886275
A00177,27,Male,White,USA,Christian,Single,Heterosexual,No,missing,English,majority,Sales Representative,4,PhD,Tier 1,0.7498749982767265,0.004955302122602534,Hernandez,Alex,2026-04-01,Referral,No,0.7498749982767265,,0.7245197630498028
A00178,39,Male,White,USA,missing,Single,LGBTQ+,No,missing,English,minority,Product Manager,4,Bachelor's,Tier 3,0.18262665700995695,0.7998024433032517,Diallo,Taylor,2026-04-01,LinkedIn,No,0.18262665700995695,,0.19721067482774704
A00179,38,Female,Asian,USA,Christian,Single,Heterosexual,No,missing,English,majority,ML Engineer,15,Master's,Tier 2,0.6781620843607143,0.09671718047676037,Williams,Sam,2026-04-01,Referral,No,0.6781620843607143,,0.6764725626223457
A00180,23,Male,Hispanic,USA,Christian,Single,Heterosexual,No,Mobility,English,minority,Product Manager,8,Bachelor's,Tier 2,0.3690254192012966,0.013276177631789843,Lee,Sam,2026-04-01,Referral,No,0.3690254192012966,B9,0.3469681590631874
A00181,58,Male,White,USA,Christian,Married,Heterosexual,No,missing,English,minority,Business Analyst,5,Bachelor's,Tier 1,0.01628350222862418,0.34737344342524656,Ahmed,Taylor,2026-04-01,LinkedIn,No,0.01628350222862418,,-0.009114546288236797
A00182,44,Female,Asian,USA,Christian,Single,Heterosexual,No,missing,English,minority,Business Analyst,16,Associates,Tier 3,0.2909588244404311,0.5661867754977745,Nguyen,Jordan,2026-04-01,Indeed,No,0.2909588244404311,,0.3224629540127104
A00183,24,Male,White,USA,Christian,Single,Heterosexual,No,missing,English,minority,DevOps Engineer,16,Master's,Tier 1,0.6783140931965657,0.8471163071150813,Hernandez,Sam,2026-04-01,LinkedIn,Yes,0.6783140931965657,,0.6632207129698702
A00184,56,Female,Hispanic,USA,missing,Divorced,Heterosexual,No,missing,Spanish,minority,Business Analyst,0,Master's,Tier 3,0.0733415215124692,0.08423426217560492,Kim,Riley,2026-04-01,Indeed,No,0.0733415215124692,B9,0.0657693391039046
A00185,60,Female,Black,USA,Hindu,Married,Heterosexual,No,missing,English,majority,ML Engineer,15,Associates,Tier 2,0.5347854378040272,0.4849022704291076,Chen,Taylor,2026-04-01,LinkedIn,No,0.5347854378040272,B9,0.5358965156637512
A00186,55,Male,White,USA,Christian,Single,LGBTQ+,No,missing,English,minority,ML Engineer,17,Master's,Tier 2,0.8122885200580662,0.2859134985819395,Diallo,Taylor,2026-04-01,Indeed,No,0.8122885200580662,,0.8711139360706662
A00187,24,Male,White,USA,Christian,Single,Heterosexual,No,missing,English,majority,Sales Representative,11,Bachelor's,missing,0.13347964797159162,0.19623978016868548,Kim,Jordan,2026-04-01,LinkedIn,No,0.13347964797159162,,0.16750519670324854
A00188,36,Female,Black,USA,Muslim,missing,Heterosexual,Yes,missing,English,majority,Data Scientist,16,Master's,Tier 3,0.3306792758474717,0.3663730233315842,Diallo,Jordan,2026-04-01,LinkedIn,No,0.3306792758474717,B9,0.34980928923387133
A00189,30,Female,White,USA,Hindu,missing,Heterosexual,No,missing,English,majority,Senior Software Engineer,15,Bachelor's,missing,0.15163121303308236,0.08961326034271888,Johnson,Skyler,2026-04-01,Indeed,No,0.15163121303308236,,0.12345264336542028
A00190,56,Female,Hispanic,USA,Christian,Single,Heterosexual,No,missing,English,majority,Sales Representative,16,Master's,Tier 2,0.12693919783775498,0.4817506471401316,Wang,Taylor,2026-04-01,Indeed,No,0.12693919783775498,B9,0.05784076183743171
A00191,53,Female,White,USA,missing,Single,LGBTQ+,No,missing,English,majority,Product Manager,22,Master's,Tier 2,0.38919818131735096,0.46037950215707724,Smith,Jordan,2026-04-01,Direct,No,0.38919818131735096,,0.43667467790411607
A00192,21,Male,White,USA,Christian,Single,Heterosexual,No,missing,English,majority,Data Scientist,0,Master's,Tier 3,0.3716331640158209,0.9051525936086732,Chen,Taylor,2026-04-01,LinkedIn,Yes,0.3716331640158209,,0.4199555207268647
A00193,36,Female,White,USA,Christian,Single,Heterosexual,No,missing,English,majority,Sales Representative,7,Bachelor's,Tier 1,0.9047379046902055,0.7311592813108251,Cohen,Riley,2026-04-01,LinkedIn,Yes,0.9047379046902055,,0.8977024847340386
A00194,31,Female,Black,India,Hindu,Married,Heterosexual,No,missing,English,majority,Marketing Manager,16,Bachelor's,missing,0.6834710228960938,0.4964022212543258,Kim,Jordan,2026-04-01,Direct,Yes,0.6834710228960938,B9,0.7105652149762698
A00195,21,Female,Black,Mexico,Christian,Married,Heterosexual,No,missing,English,majority,Sales Representative,4,Master's,Tier 1,0.9993675753330037,0.3681547789761536,Hernandez,Riley,2026-04-01,LinkedIn,Yes,0.9993675753330037,B9,1.038439728027274
A00196,30,Male,White,USA,missing,Single,Heterosexual,No,Cognitive/Neurodivergent,English,majority,Business Analyst,1,Bachelor's,Tier 2,0.19148234178235413,0.7026359903996394,Garcia,Jordan,2026-04-01,LinkedIn,No,0.19148234178235413,,0.23304156441560323
A00197,50,Female,White,USA,Christian,Single,Heterosexual,No,Visual,English,majority,Senior Software Engineer,15,Master's,Tier 1,0.021208638676433078,0.3749313422438507,Chen,Taylor,2026-04-01,Direct,No,0.021208638676433078,,0.06727781233875663
A00198,30,Male,White,USA,Buddhist,Single,Prefer not to say,Yes,missing,Spanish,majority,Senior Software Engineer,5,Bachelor's,Tier 3,0.6073459379712383,0.7976328810191907,Singh,Riley,2026-04-01,LinkedIn,Yes,0.6073459379712383,,0.5845650554381816
A00199,56,Female,White,USA,Buddhist,Single,Heterosexual,No,Visual,English,majority,Product Manager,1,PhD,Tier 2,0.005307838296224721,0.8886451833761363,Johnson,Riley,2026-04-01,Direct,No,0.005307838296224721,,0.0810564874294606
A00200,38,Female,Asian,USA,Buddhist,Married,Heterosexual,No,Visual,English,majority,ML Engineer,1,Bachelor's,Tier 1,0.559803646788181,0.4131040328936416,Diallo,Casey,2026-04-01,Direct,No,0.559803646788181,,0.4974739938738955
A00201,43,Male,White,USA,Christian,Married,Heterosexual,No,missing,English,majority,ML Engineer,17,Master's,Tier 3,0.4448861753075599,0.1252624860227367,Chen,Jordan,2026-04-01,Indeed,No,0.4448861753075599,,0.48797232915724237
A00202,33,Female,Asian,USA,Christian,missing,Heterosexual,Yes,missing,Mandarin,majority,Software Engineer,20,Bachelor's,Tier 2,0.7363521884592213,0.2591280008012863,Cohen,Skyler,2026-04-01,Direct,No,0.7363521884592213,,0.7610487924107593
A00203,22,Female,White,USA,Hindu,Married,Heterosexual,No,missing,English,majority,Software Engineer,16,Bachelor's,Tier 2,0.9047371632730488,0.09238625254251531,Garcia,Jordan,2026-04-01,LinkedIn,No,0.9047371632730488,,0.9484181189492739
A00204,56,Female,Middle Eastern,India,Christian,Single,Heterosexual,No,missing,English,majority,ML Engineer,4,Associates,Tier 2,0.8347822276789123,0.028740879181692436,Singh,Skyler,2026-04-01,LinkedIn,No,0.8347822276789123,,0.9287326430337491
A00205,54,Male,Black,USA,missing,Single,Heterosexual,No,missing,English,minority,Marketing Manager,24,Bachelor's,Tier 2,0.957074175679059,0.4660377487575444,Hernandez,Morgan,2026-04-01,Direct,Yes,0.957074175679059,B9,1.0312964493479915
A00206,55,Female,White,USA,Christian,Single,Heterosexual,No,missing,Mandarin,majority,Sales Representative,17,Bachelor's,Tier 2,0.17962545070553348,0.7871288603420927,Nguyen,Morgan,2026-04-01,LinkedIn,No,0.17962545070553348,,0.12236660534606723
A00207,24,Male,White,USA,missing,Single,Heterosexual,No,missing,Hindi,minority,Product Manager,24,Bachelor's,Tier 3,0.600624392994876,0.4521908965230086,Wang,Jordan,2026-04-01,LinkedIn,No,0.600624392994876,,0.5161908139814831
A00208,48,Male,Asian,USA,Muslim,Married,Heterosexual,No,missing,English,majority,Marketing Manager,2,Bachelor's,Tier 3,0.8316573269258554,0.9107159877758617,Cohen,Riley,2026-04-01,LinkedIn,Yes,0.8316573269258554,,0.8725017798785452
A00209,42,Male,White,USA,Christian,Married,Heterosexual,No,missing,English,minority,UX Designer,8,Bachelor's,Tier 3,0.4210923383854436,0.598871084408824,Patel,Sam,2026-04-01,Indeed,No,0.4210923383854436,,0.3703417175916474
A00210,35,Male,White,USA,Christian,Single,Heterosexual,No,missing,English,majority,Marketing Manager,23,Master's,Tier 3,0.6040308727757534,0.9701668575459547,Brown,Taylor,2026-04-01,Referral,Yes,0.6040308727757534,,0.6034106033433777
A00211,26,Male,Middle Eastern,Iran,Christian,Single,Heterosexual,No,missing,English,majority,DevOps Engineer,8,Master's,Tier 1,0.14916258908198476,0.9648778264336613,Diallo,Sam,2026-04-01,LinkedIn,No,0.14916258908198476,,0.19114896293224448
A00212,35,Male,White,USA,missing,Married,Heterosexual,No,Cognitive/Neurodivergent,English,majority,Business Analyst,18,Bachelor's,Tier 2,0.61146914661003,0.8555797262670367,Johnson,Sam,2026-04-01,Direct,Yes,0.61146914661003,,0.5292792790507508
A00213,60,Male,White,USA,missing,Single,Heterosexual,No,Hearing,English,minority,Business Analyst,3,Master's,Tier 2,0.9113363187393194,0.3208592127603699,Singh,Taylor,2026-04-01,LinkedIn,Yes,0.9113363187393194,,0.8058372960238455
A00214,47,Female,Hispanic,USA,missing,Married,LGBTQ+,No,missing,Farsi,majority,Product Manager,21,Master's,Tier 2,0.26883564409356187,0.009009346538898788,Diallo,Skyler,2026-04-01,Referral,No,0.26883564409356187,B9,0.2818005951104232
A00215,36,Female,Black,China,missing,Divorced,Heterosexual,No,missing,Vietnamese,majority,UX Designer,14,Bachelor's,Tier 1,0.28711253529682135,0.4985621411421392,Nguyen,Sam,2026-04-01,Direct,No,0.28711253529682135,B9,0.2893318297774862
A00216,25,Female,Black,USA,Jewish,Married,Heterosexual,No,missing,Farsi,majority,Software Engineer,6,Master's,Tier 3,0.030691811867636698,0.11871773361312693,Khan,Alex,2026-04-01,Direct,No,0.030691811867636698,B9,0.01840165829854057
A00217,44,Female,White,Egypt,Christian,Married,Heterosexual,No,Hearing,English,majority,Sales Representative,14,Associates,Tier 3,0.8054882995423549,0.5570406557386919,Nguyen,Riley,2026-04-01,Direct,Yes,0.8054882995423549,,0.8074150377308658
A00218,22,Female,White,Vietnam,Christian,Single,Heterosexual,No,Cognitive/Neurodivergent,English,majority,Sales Representative,17,Bachelor's,Tier 3,0.12093587279331763,0.640423794063043,Brown,Alex,2026-04-01,LinkedIn,No,0.12093587279331763,,0.07791009242495364
A00219,55,Male,White,USA,missing,Single,Heterosexual,No,Hearing,Hindi,majority,Sales Representative,24,Master's,missing,0.10092079576980384,0.39502466349527443,Singh,Morgan,2026-04-01,Direct,No,0.10092079576980384,,0.025246075406198498
A00220,27,Female,White,USA,Christian,Married,LGBTQ+,No,Cognitive/Neurodivergent,English,majority,Data Scientist,20,Bachelor's,Tier 3,0.8967986529520465,0.33390199202917936,Chen,Skyler,2026-04-01,LinkedIn,Yes,0.8967986529520465,,0.8884659104080305
A00221,49,Female,White,USA,Christian,Single,Heterosexual,No,missing,English,majority,Business Analyst,22,Bachelor's,Tier 3,0.14000241703739658,0.18212899050392295,Smith,Jordan,2026-04-01,Indeed,No,0.14000241703739658,,0.091416982484927
A00222,40,Male,White,USA,Christian,Married,Heterosexual,No,missing,English,majority,UX Designer,6,High School,Tier 2,0.6234416485440926,0.9847924522377746,Wang,Taylor,2026-04-01,Indeed,Yes,0.6234416485440926,,0.5412675824235372
A00223,34,Male,Hispanic,USA,Christian,Single,Heterosexual,No,Hearing,English,majority,Sales Representative,0,Bachelor's,Tier 1,0.39529921015550773,0.02583094580435291,Rodriguez,Jordan,2026-04-01,Indeed,No,0.39529921015550773,B9,0.4205832637251716
A00224,48,Female,White,USA,Christian,Single,Heterosexual,No,missing,English,majority,UX Designer,19,Bachelor's,Tier 3,0.75255224326521,0.5528974582887946,Nguyen,Skyler,2026-04-01,Direct,Yes,0.75255224326521,,0.7494823118441012
A00225,37,Male,White,USA,Christian,Married,Heterosexual,No,missing,English,minority,Senior Software Engineer,10,Master's,Tier 2,0.847376937810802,0.5616025157135702,Singh,Riley,2026-04-01,Referral,Yes,0.847376937810802,,0.8677033646424427
A00226,30,Male,White,Egypt,Muslim,Single,Heterosexual,No,missing,English,minority,UX Designer,0,Bachelor's,Tier 2,0.9240214311385143,0.6062633395569232,Kim,Skyler,2026-04-01,Indeed,Yes,0.9240214311385143,,0.8745566840672174
A00227,46,Female,Black,Egypt,Christian,Married,Heterosexual,Yes,Visual,Spanish,minority,DevOps Engineer,9,Bachelor's,Tier 2,0.951838479592908,0.32307048788728043,Garcia,Morgan,2026-04-01,Direct,Yes,0.951838479592908,B9,0.9189355400010751
A00228,20,Male,White,USA,Christian,Married,Prefer not to say,No,missing,Mandarin,majority,ML Engineer,8,Master's,Tier 3,0.904228316474101,0.749398147168807,Williams,Jordan,2026-04-01,LinkedIn,Yes,0.904228316474101,,0.8542761651130927
A00229,44,Male,Native American,India,missing,Single,Heterosexual,No,missing,English,majority,Marketing Manager,11,Master's,Tier 2,0.3923347656616776,0.47827650614532535,Nguyen,Skyler,2026-04-01,LinkedIn,No,0.3923347656616776,B9,0.3480026723087752
A00230,42,Female,White,USA,Christian,Married,Heterosexual,No,Hearing,English,majority,Senior Software Engineer,11,Bachelor's,Tier 3,0.5298039532844921,0.1968723552775108,Rodriguez,Skyler,2026-04-01,Direct,No,0.5298039532844921,,0.5395743491719622
A00231,32,Male,White,USA,Christian,missing,Heterosexual,No,missing,English,majority,ML Engineer,15,Master's,Tier 2,0.9675606817385594,0.04854655718137424,Brown,Jordan,2026-04-01,Direct,No,0.9675606817385594,,0.9284119509218121
A00232,35,Male,Hispanic,USA,missing,Married,Heterosexual,No,missing,English,minority,Product Manager,17,Master's,Tier 1,0.17745364821151732,0.22738808964009266,Kim,Sam,2026-04-01,Indeed,No,0.17745364821151732,B9,0.19525696265253106
A00233,20,Male,Black,USA,Christian,Single,Heterosexual,No,missing,Vietnamese,majority,Business Analyst,17,Bachelor's,Tier 2,0.6781281718313502,0.07099734262728408,Johnson,Morgan,2026-04-01,Indeed,No,0.6781281718313502,B9,0.6951159681022611
A00234,29,Non-binary,White,USA,Muslim,Married,Heterosexual,No,missing,Mandarin,majority,Sales Representative,9,Bachelor's,Tier 3,0.7602148669273031,0.11557464142350538,Garcia,Taylor,2026-04-01,Indeed,No,0.7602148669273031,,0.8614729162713083
A00235,49,Female,White,USA,Christian,Single,Heterosexual,No,missing,Farsi,majority,Business Analyst,22,Bachelor's,Tier 2,0.9526256935009108,0.7071659549895024,Johnson,Jordan,2026-04-01,Direct,Yes,0.9526256935009108,,0.8829862412075703
A00236,61,Female,Asian,USA,Muslim,Married,Heterosexual,No,missing,English,majority,ML Engineer,14,Bachelor's,Tier 2,0.1418675349608961,0.9257593798696625,Garcia,Morgan,2026-04-01,Referral,No,0.1418675349608961,,0.18626265385264837
A00237,50,Male,Asian,USA,Christian,Married,Heterosexual,No,missing,English,majority,Data Scientist,19,Bachelor's,Tier 2,0.21816826885989893,0.20715182832228884,Chen,Taylor,2026-04-01,LinkedIn,No,0.21816826885989893,,0.21369387076547802
A00238,62,Male,Asian,USA,Christian,Married,Heterosexual,No,missing,English,majority,Sales Representative,2,Master's,Tier 1,0.6608480177200874,0.6802243235580164,Williams,Taylor,2026-04-01,Referral,Yes,0.6608480177200874,,0.6601465312135375
A00239,30,Female,White,USA,Christian,Single,Heterosexual,No,missing,Farsi,majority,Software Engineer,9,Bachelor's,Tier 3,0.925463958643858,0.8091472585051692,Kim,Casey,2026-04-01,Direct,Yes,0.925463958643858,,0.8529707675485274
A00240,60,Male,Asian,USA,missing,Single,Heterosexual,No,Cognitive/Neurodivergent,English,majority,ML Engineer,21,Associates,Tier 1,0.7785522537027196,0.6030776892909537,Smith,Jordan,2026-04-01,Direct,Yes,0.7785522537027196,,0.7555425630664869
A00241,52,Female,White,USA,Christian,Divorced,Heterosexual,No,Visual,English,majority,UX Designer,12,Associates,Tier 2,0.6323822091060042,0.7380251615348462,Wang,Sam,2026-04-01,LinkedIn,Yes,0.6323822091060042,,0.6695420722782018
A00242,62,Male,White,USA,Christian,Married,Heterosexual,Yes,missing,English,majority,Software Engineer,1,Master's,Tier 2,0.5586993687268769,0.5039090332974456,Garcia,Riley,2026-04-01,Direct,No,0.5586993687268769,,0.5545754501260116
A00243,36,Male,White,Egypt,Buddhist,Married,Heterosexual,No,missing,Vietnamese,majority,DevOps Engineer,1,Bachelor's,Tier 2,0.686592956123069,0.6547946121067038,Rodriguez,Taylor,2026-04-01,Indeed,Yes,0.686592956123069,,0.6906456746436324
A00244,59,Female,White,USA,Hindu,Married,Heterosexual,No,missing,English,majority,Sales Representative,6,Associates,Tier 2,0.1490131724358903,0.7122319492690771,Khan,Morgan,2026-04-01,Indeed,No,0.1490131724358903,,0.13447733840586323
A00245,28,Female,White,USA,Christian,Married,Prefer not to say,No,missing,Mandarin,majority,Senior Software Engineer,20,Bachelor's,Tier 3,0.7405587439642242,0.9216627800171057,Lee,Sam,2026-04-01,Referral,Yes,0.7405587439642242,,0.7982872313135385
A00246,54,Female,White,USA,Christian,Single,Heterosexual,No,missing,English,minority,UX Designer,6,Master's,Tier 1,0.0551573986438586,0.031459535387869386,Brown,Sam,2026-04-01,LinkedIn,No,0.0551573986438586,,0.05408377029168386
A00247,56,Male,Native American,USA,Christian,Married,Heterosexual,No,missing,English,minority,UX Designer,12,Associates,missing,0.9959048965715541,0.44169703320466075,Wang,Alex,2026-04-01,Direct,Yes,0.9959048965715541,B9,0.8858841129474511
A00248,51,Male,White,USA,Christian,Single,Heterosexual,No,Mobility,English,majority,Software Engineer,5,Associates,Tier 2,0.2790976227741624,0.45111468801842936,Smith,Casey,2026-04-01,Direct,No,0.2790976227741624,,0.24449399525043786
A00249,44,Non-binary,Asian,USA,missing,Divorced,Heterosexual,Yes,Mobility,English,minority,Software Engineer,5,Bachelor's,Tier 2,0.2489814639931227,0.29728406643461003,Hernandez,Riley,2026-04-01,Indeed,No,0.2489814639931227,,0.15054163363911055
A00250,37,Male,Asian,USA,Christian,Married,Heterosexual,No,Hearing,English,minority,UX Designer,13,Bachelor's,Tier 2,0.8689726149412645,0.6811183536052756,Rodriguez,Skyler,2026-04-01,Indeed,Yes,0.8689726149412645,,0.7064006941664376
A00251,57,Female,Black,USA,Christian,Married,Heterosexual,No,missing,English,majority,Software Engineer,16,Bachelor's,Tier 3,0.5298037498205604,0.19066901872135106,Williams,Sam,2026-04-01,Indeed,No,0.5298037498205604,B9,0.5032979823319448
A00252,47,Female,Hispanic,USA,missing,Married,Heterosexual,No,missing,Hindi,majority,Data Scientist,11,PhD,Tier 3,0.29003192138800127,0.49730929212881303,Nguyen,Skyler,2026-04-01,LinkedIn,No,0.29003192138800127,B9,0.35670991389313744
A00253,39,Female,Middle Eastern,USA,Christian,Married,Heterosexual,No,Cognitive/Neurodivergent,English,majority,Data Scientist,17,Associates,Tier 3,0.08594858326728638,0.22489846047391515,Williams,Morgan,2026-04-01,Direct,No,0.08594858326728638,,0.08830457857381603
A00254,30,Male,White,USA,missing,Single,Heterosexual,No,Hearing,English,majority,Marketing Manager,0,High School,Tier 2,0.0020569196874141715,0.4187942406543673,Diallo,Taylor,2026-04-01,Referral,No,0.0020569196874141715,,-0.0565703656828348
A00255,52,Female,White,USA,Muslim,Married,Heterosexual,No,Hearing,English,majority,Senior Software Engineer,14,Bachelor's,Tier 1,0.7517878895040675,0.0002014053697025897,Johnson,Jordan,2026-04-01,Referral,No,0.7517878895040675,,0.7047528960939464
A00256,47,Female,White,USA,Christian,Married,LGBTQ+,No,missing,English,majority,UX Designer,21,Bachelor's,missing,0.277695482961014,0.5080443286731925,Ahmed,Jordan,2026-04-01,Referral,No,0.277695482961014,,0.3342261444735144
A00257,32,Female,White,USA,Muslim,Single,Heterosexual,No,missing,English,minority,Business Analyst,15,Bachelor's,Tier 2,0.507501700146849,0.9709358199328191,Kim,Sam,2026-04-01,Direct,Yes,0.507501700146849,,0.5153830313167723
A00258,60,Female,Black,USA,missing,missing,Heterosexual,No,missing,English,minority,Senior Software Engineer,22,Bachelor's,Tier 2,0.547304200649335,0.04072897266633002,Khan,Taylor,2026-04-01,Referral,No,0.547304200649335,B9,0.5497041627274379
A00259,21,Male,White,USA,Christian,Divorced,Heterosexual,No,Cognitive/Neurodivergent,Vietnamese,minority,Business Analyst,19,Bachelor's,Tier 2,0.6581483693771605,0.8664241347611298,Patel,Sam,2026-04-01,Direct,Yes,0.6581483693771605,,0.6554752799352577
A00260,32,Female,Asian,USA,Christian,Single,Heterosexual,No,missing,English,majority,UX Designer,16,Bachelor's,Tier 3,0.7620687208746381,0.6110507382518844,Smith,Alex,2026-04-01,Indeed,Yes,0.7620687208746381,,0.7639887339524054
A00261,31,Female,White,USA,Christian,Single,Heterosexual,No,missing,English,majority,Data Scientist,24,Bachelor's,Tier 2,0.7561477456014336,0.21629815878627912,Chen,Riley,2026-04-01,Referral,No,0.7561477456014336,,0.7964180279486235
A00262,22,Male,Black,USA,Christian,Single,LGBTQ+,No,Visual,Spanish,majority,UX Designer,2,Master's,Tier 1,0.5621963901258649,0.04023919182367913,Kim,Alex,2026-04-01,LinkedIn,No,0.5621963901258649,B9,0.5898247549936686
A00263,62,Male,Asian,USA,Christian,Single,Heterosexual,No,missing,English,majority,DevOps Engineer,10,Bachelor's,missing,0.20176387696778808,0.1480040935864554,Johnson,Skyler,2026-04-01,Indeed,No,0.20176387696778808,,0.2125491119690128
A00264,61,Male,White,Mexico,missing,Single,Heterosexual,No,Cognitive/Neurodivergent,English,majority,UX Designer,7,Associates,Tier 2,0.3401769780448145,0.44576431312469667,Okafor,Sam,2026-04-01,Direct,No,0.3401769780448145,,0.28803356016531395
A00265,20,Female,White,USA,Buddhist,Married,LGBTQ+,No,missing,Farsi,minority,UX Designer,13,Bachelor's,Tier 2,0.8743859073437905,0.7935157788601489,Patel,Sam,2026-04-01,Direct,Yes,0.8743859073437905,,0.8999413455892769
A00266,52,Male,White,USA,missing,Single,Heterosexual,No,missing,Mandarin,majority,ML Engineer,7,PhD,Tier 2,0.06872321235362766,0.25584749485941705,Williams,Casey,2026-04-01,Indeed,No,0.06872321235362766,,0.03451085845400296
A00267,26,Female,Asian,India,Hindu,Married,Heterosexual,No,missing,English,minority,Business Analyst,9,Bachelor's,Tier 3,0.35125794489153606,0.3991860765221753,Okafor,Taylor,2026-04-01,Referral,No,0.35125794489153606,,0.40595022868656
A00268,32,Female,Middle Eastern,USA,Christian,Married,Heterosexual,No,missing,English,minority,Business Analyst,9,Bachelor's,Tier 2,0.050216241943399464,0.22884218784017463,Okafor,Skyler,2026-04-01,Referral,No,0.050216241943399464,,-0.013336299142806915
A00269,51,Female,Black,USA,Christian,Divorced,LGBTQ+,Yes,missing,English,majority,ML Engineer,18,Master's,Tier 2,0.442416171928425,0.4881119878269258,Chen,Casey,2026-04-01,Indeed,No,0.442416171928425,B9,0.43553512311464554
A00270,58,Female,Middle Eastern,USA,Hindu,Married,Heterosexual,No,missing,English,majority,UX Designer,18,Bachelor's,Tier 1,0.9676291952926084,0.7219619438029988,Smith,Alex,2026-04-01,LinkedIn,Yes,0.9676291952926084,,0.9672612809780449
A00271,37,Male,White,USA,Christian,Divorced,Heterosexual,No,Hearing,English,minority,Marketing Manager,10,Bachelor's,Tier 3,0.24331971020804988,0.601104578306412,Johnson,Taylor,2026-04-01,Direct,No,0.24331971020804988,,0.17708743267584304
A00272,57,Male,White,USA,Christian,Divorced,LGBTQ+,No,missing,English,majority,Data Scientist,15,Bachelor's,Tier 2,0.6395973623248316,0.32238610196394524,Nguyen,Skyler,2026-04-01,Direct,No,0.6395973623248316,,0.7256959445176555
A00273,49,Male,White,USA,Christian,Single,Heterosexual,No,Visual,English,majority,UX Designer,14,Master's,missing,0.07544969745663588,0.35899804954694825,Wang,Riley,2026-04-01,Referral,No,0.07544969745663588,,0.1484700358196135
A00274,26,Female,Hispanic,USA,Christian,Divorced,Heterosexual,No,missing,Mandarin,majority,Senior Software Engineer,8,Bachelor's,Tier 2,0.9083432681999565,0.06166573911226997,Patel,Alex,2026-04-01,Referral,No,0.9083432681999565,B9,0.8851640801195023
A00275,60,Female,White,USA,Christian,Divorced,Heterosexual,No,missing,English,minority,UX Designer,6,Bachelor's,Tier 2,0.6280449175863895,0.02987736264492502,Ahmed,Morgan,2026-04-01,Indeed,No,0.6280449175863895,,0.6666309758646156
A00276,32,Male,White,USA,Muslim,Single,Heterosexual,No,missing,English,majority,Marketing Manager,8,Bachelor's,Tier 1,0.6557061416487415,0.3778745302356473,Chen,Riley,2026-04-01,Direct,No,0.6557061416487415,,0.6746399451322521
A00277,29,Female,Black,USA,Muslim,Single,Heterosexual,No,missing,English,majority,Senior Software Engineer,15,Bachelor's,missing,0.12159261446987935,0.3304755300563265,Kim,Alex,2026-04-01,Indeed,No,0.12159261446987935,B9,-0.009085358697383555
A00278,40,Male,White,USA,Christian,Single,Heterosexual,No,missing,English,majority,Business Analyst,11,Master's,Tier 2,0.23670969111716944,0.012878808534011355,Williams,Sam,2026-04-01,Direct,No,0.23670969111716944,,0.24922959193104896
A00279,27,Female,Asian,USA,Christian,Single,LGBTQ+,No,missing,English,majority,ML Engineer,24,Bachelor's,Tier 3,0.6405200410439073,0.9796174732580577,Wang,Alex,2026-04-01,Referral,Yes,0.6405200410439073,,0.6374528370522449
A00280,54,Male,White,USA,Christian,Single,Heterosexual,No,missing,English,majority,ML Engineer,11,Bachelor's,Tier 2,0.8082365892561248,0.7545361108221321,Patel,Casey,2026-04-01,Indeed,Yes,0.8082365892561248,,0.8123974569298513
A00281,61,Female,Asian,USA,missing,Divorced,Heterosexual,No,missing,English,majority,Senior Software Engineer,7,Bachelor's,Tier 1,0.7452900786889209,0.6470693833494101,Okafor,Alex,2026-04-01,Indeed,Yes,0.7452900786889209,,0.6914463326975621
A00282,62,Female,Asian,USA,Christian,Single,Heterosexual,No,missing,English,majority,Software Engineer,9,Master's,Tier 2,0.36112256281029276,0.6045458875642424,Ahmed,Sam,2026-04-01,Indeed,No,0.36112256281029276,,0.3476552104992725
A00283,52,Female,White,USA,missing,Single,Heterosexual,No,missing,English,majority,Sales Representative,2,Master's,Tier 3,0.05015968951041494,0.6803373942493752,Diallo,Morgan,2026-04-01,Indeed,No,0.05015968951041494,,0.041246751341300084
A00284,42,Male,Asian,USA,missing,Married,Heterosexual,No,Visual,English,majority,Software Engineer,24,Bachelor's,Tier 1,0.04567777674504225,0.2410659509130414,Lee,Skyler,2026-04-01,Referral,No,0.04567777674504225,,0.10508248760565819
A00285,39,Female,White,USA,Christian,Single,Heterosexual,No,Cognitive/Neurodivergent,English,majority,Product Manager,12,Bachelor's,Tier 1,0.8156828201397871,0.2308958295614768,Wang,Skyler,2026-04-01,Referral,No,0.8156828201397871,,0.8324041731593378
A00286,22,Male,Asian,USA,Christian,Single,Heterosexual,No,missing,Spanish,majority,ML Engineer,5,Master's,Tier 2,0.7008949186640508,0.4303054025541845,Williams,Alex,2026-04-01,Referral,Yes,0.7008949186640508,,0.7006171671539176
A00287,37,Male,Black,USA,Muslim,Single,Prefer not to say,No,Mobility,English,majority,Data Scientist,24,Associates,Tier 1,0.1778860158568928,0.10122416132579343,Nguyen,Taylor,2026-04-01,Referral,No,0.1778860158568928,B9,0.2543345157524398
A00288,34,Female,White,USA,missing,Single,Heterosexual,No,missing,Spanish,minority,ML Engineer,11,Bachelor's,Tier 2,0.8387324792793683,0.7265233545587021,Patel,Taylor,2026-04-01,Indeed,Yes,0.8387324792793683,,0.810970082791186
A00289,36,Female,Middle Eastern,USA,Christian,Married,Heterosexual,No,missing,Vietnamese,majority,Data Scientist,19,Bachelor's,Tier 3,0.26432605804885667,0.31525449010216233,Smith,Jordan,2026-04-01,Referral,No,0.26432605804885667,,0.24485454280508745
A00290,27,Female,Hispanic,USA,Christian,Single,LGBTQ+,No,missing,English,minority,Data Scientist,0,Bachelor's,Tier 3,0.024416100623692483,0.464260995741348,Hernandez,Morgan,2026-04-01,Referral,No,0.024416100623692483,B9,-0.06642164994326051
A00291,49,Male,White,USA,Christian,Single,Heterosexual,No,missing,English,minority,Software Engineer,12,Bachelor's,Tier 2,0.5177579959534712,0.2769897448573476,Garcia,Alex,2026-04-01,LinkedIn,No,0.5177579959534712,,0.5962132882676517
A00292,25,Female,White,China,Muslim,Single,Heterosexual,No,Visual,English,majority,DevOps Engineer,0,Bachelor's,Tier 1,0.8599711367815137,0.002369042712974112,Lee,Taylor,2026-04-01,LinkedIn,No,0.8599711367815137,,0.9081877551912352
A00293,24,Female,White,China,Christian,Single,Heterosexual,No,missing,English,majority,UX Designer,14,Associates,Tier 2,0.7799363119738755,0.9188345810056144,Patel,Jordan,2026-04-01,Referral,Yes,0.7799363119738755,,0.8257787141994608
A00294,51,Male,Middle Eastern,USA,Christian,Married,Heterosexual,No,missing,English,majority,Software Engineer,17,Bachelor's,Tier 3,0.2820576935075879,0.9727574077484364,Williams,Taylor,2026-04-01,Referral,Yes,0.2820576935075879,,0.3155026158299348
A00295,25,Female,Asian,USA,Christian,Single,Heterosexual,No,missing,Spanish,majority,DevOps Engineer,8,PhD,Tier 1,0.7226348537026911,0.2961050576499398,Wang,Taylor,2026-04-01,Direct,No,0.7226348537026911,,0.7281422830858737
A00296,58,Male,White,USA,Christian,Single,Heterosexual,No,missing,Spanish,minority,Senior Software Engineer,10,Bachelor's,Tier 3,0.14379227530899397,0.3759803647889136,Nguyen,Sam,2026-04-01,Referral,No,0.14379227530899397,,0.1545667222681104
A00297,33,Female,White,USA,Christian,Single,Heterosexual,No,missing,English,majority,Marketing Manager,18,Bachelor's,Tier 1,0.4815223022071152,0.677227815397293,Diallo,Skyler,2026-04-01,Direct,Yes,0.4815223022071152,,0.46892197269374986
A00298,59,Male,White,USA,Christian,Single,Heterosexual,No,missing,English,minority,Product Manager,13,Bachelor's,Tier 3,0.05687507908980771,0.2323593689485023,Brown,Riley,2026-04-01,Direct,No,0.05687507908980771,,0.0466950578036604
A00299,51,Female,White,USA,Christian,Single,Heterosexual,No,missing,English,majority,Senior Software Engineer,12,Master's,Tier 3,0.40737401053213285,0.8780382715470335,Khan,Jordan,2026-04-01,LinkedIn,Yes,0.40737401053213285,,0.41008919111781755
A00300,32,Female,White,USA,Christian,Divorced,LGBTQ+,No,missing,English,majority,Sales Representative,19,Master's,Tier 1,0.3217273734392533,0.012504335157272228,Garcia,Alex,2026-04-01,Direct,No,0.3217273734392533,,0.39731884901744213
A00301,58,Male,Asian,USA,Christian,Single,Heterosexual,Yes,missing,Spanish,majority,Business Analyst,16,Bachelor's,Tier 2,0.6691648223349811,0.0512398743225313,Khan,Taylor,2026-04-01,Direct,No,0.6691648223349811,,0.6969492174253851
A00302,62,Male,White,USA,Christian,Married,Heterosexual,No,Visual,English,majority,Software Engineer,1,Master's,Tier 3,0.6000680608132796,0.5919927322812764,Patel,Casey,2026-04-01,Referral,Yes,0.6000680608132796,,0.5971450545253365
A00303,37,Male,White,USA,Muslim,Divorced,Heterosexual,No,missing,Mandarin,majority,Sales Representative,20,Bachelor's,Tier 3,0.046961971230486954,0.5553644901258519,Smith,Taylor,2026-04-01,Indeed,No,0.046961971230486954,,0.017992368708317146
A00304,62,Male,White,USA,Christian,Married,Heterosexual,Yes,Hearing,English,majority,Marketing Manager,24,Associates,Tier 1,0.833754926747801,0.35599372472506907,Ahmed,Sam,2026-04-01,Referral,Yes,0.833754926747801,,0.8020050023772181
A00305,26,Male,White,USA,missing,Married,Heterosexual,No,Cognitive/Neurodivergent,Hindi,majority,Data Scientist,5,Master's,missing,0.4078362530828873,0.4038872743876617,Brown,Casey,2026-04-01,Direct,No,0.4078362530828873,,0.48797150364151176
A00306,25,Female,Asian,USA,Christian,Single,Heterosexual,No,missing,English,minority,Data Scientist,4,High School,Tier 1,0.05703444914327016,0.2896305635172134,Singh,Sam,2026-04-01,Referral,No,0.05703444914327016,,0.08236881435462536
A00307,32,Male,White,USA,Christian,Single,LGBTQ+,No,missing,English,majority,Data Scientist,23,Bachelor's,Tier 2,0.18348102196562055,0.09702693017836661,Wang,Morgan,2026-04-01,LinkedIn,No,0.18348102196562055,,0.18685854988115327
A00308,52,Female,White,USA,Muslim,Single,Heterosexual,No,missing,Vietnamese,majority,Business Analyst,12,High School,Tier 3,0.3951338202101149,0.762817069759139,Singh,Morgan,2026-04-01,Indeed,Yes,0.3951338202101149,,0.37782472810247875
A00309,46,Non-binary,Asian,USA,Christian,Married,Heterosexual,No,missing,English,majority,Senior Software Engineer,0,Bachelor's,Tier 1,0.003613084682472789,0.8314068619182672,Kim,Morgan,2026-04-01,Indeed,No,0.003613084682472789,,-0.0518395859025536
A00310,43,Male,Black,Mexico,Muslim,Married,Heterosexual,No,missing,English,minority,Marketing Manager,23,Associates,Tier 2,0.7453730310806891,0.22234711640993665,Singh,Taylor,2026-04-01,Direct,No,0.7453730310806891,B9,0.7420299532071943
A00311,51,Female,White,USA,Christian,Single,Heterosexual,No,Hearing,English,majority,Product Manager,8,Master's,Tier 2,0.9625100911352433,0.9321783937011272,Johnson,Casey,2026-04-01,LinkedIn,Yes,0.9625100911352433,,1.0061929928587534
A00312,24,Female,Hispanic,USA,Muslim,Single,Heterosexual,No,Hearing,English,majority,ML Engineer,18,PhD,Tier 2,0.11157446347612254,0.16723812637040086,Hernandez,Taylor,2026-04-01,LinkedIn,No,0.11157446347612254,B9,0.09194760113424805
A00313,35,Female,Middle Eastern,USA,Christian,Single,Heterosexual,No,missing,English,majority,Product Manager,20,Bachelor's,Tier 3,0.47948684939786734,0.15339017758828377,Lee,Morgan,2026-04-01,Referral,No,0.47948684939786734,,0.46812472024783935
A00314,29,Male,White,USA,Christian,Single,Heterosexual,No,Hearing,English,minority,Senior Software Engineer,12,Bachelor's,Tier 3,0.01713137709811574,0.07638349520323373,Cohen,Riley,2026-04-01,LinkedIn,No,0.01713137709811574,,0.006079659526166821
A00315,31,Female,White,USA,Muslim,Single,Heterosexual,No,missing,Hindi,majority,ML Engineer,12,Bachelor's,Tier 1,0.7015553862453765,0.8765899871223782,Khan,Sam,2026-04-01,LinkedIn,Yes,0.7015553862453765,,0.707035104645285
A00316,52,Male,Hispanic,USA,Christian,missing,Heterosexual,No,missing,English,majority,Data Scientist,0,Bachelor's,missing,0.5865696990476946,0.18176447467495,Lee,Alex,2026-04-01,Direct,No,0.5865696990476946,B9,0.5069191551104142
A00317,33,Male,Black,USA,Christian,Single,Prefer not to say,No,missing,English,majority,Sales Representative,22,PhD,Tier 3,0.0017968435989537124,0.16432041255824714,Singh,Alex,2026-04-01,Referral,No,0.0017968435989537124,B9,-0.009973073999300839
A00318,23,Female,White,USA,missing,Married,Heterosexual,No,missing,English,majority,Senior Software Engineer,11,Bachelor's,Tier 3,0.9664265994822093,0.47676422830449383,Singh,Morgan,2026-04-01,Direct,Yes,0.9664265994822093,,0.9237068235745057
A00319,51,Male,Asian,USA,missing,Divorced,LGBTQ+,No,missing,English,minority,Sales Representative,22,Bachelor's,Tier 3,0.794083042346941,0.6459089336005026,Patel,Alex,2026-04-01,LinkedIn,Yes,0.794083042346941,,0.8383122939750713
A00320,61,Male,Black,USA,missing,Single,Heterosexual,No,missing,English,majority,ML Engineer,11,Bachelor's,Tier 3,0.6011777591425888,0.48372688440941697,Lee,Riley,2026-04-01,Direct,No,0.6011777591425888,B9,0.5626478253143458
A00321,61,Male,Asian,Mexico,Christian,Single,Heterosexual,No,missing,English,minority,Product Manager,24,Bachelor's,Tier 2,0.8948055426471947,0.7283353142511522,Khan,Morgan,2026-04-01,Direct,Yes,0.8948055426471947,,0.9236578800122295
A00322,41,Female,Asian,China,Christian,Single,Heterosexual,No,missing,English,minority,UX Designer,16,Bachelor's,Tier 2,0.9271973066442623,0.8663557832607576,Brown,Alex,2026-04-01,Referral,Yes,0.9271973066442623,,1.0034191792806002
A00323,56,Female,White,USA,Christian,Married,Heterosexual,No,missing,English,minority,ML Engineer,13,Associates,Tier 2,0.3565526504948552,0.756279764133358,Okafor,Jordan,2026-04-01,Indeed,No,0.3565526504948552,,0.3408728374307739
A00324,61,Female,White,USA,Christian,Divorced,Heterosexual,No,missing,English,majority,Senior Software Engineer,3,Bachelor's,Tier 2,0.2897284802546185,0.4892444476554335,Wang,Taylor,2026-04-01,Indeed,No,0.2897284802546185,,0.2596496676484452
A00325,48,Male,Asian,India,missing,Single,Heterosexual,No,missing,English,minority,Senior Software Engineer,20,PhD,Tier 2,0.9208096286312523,0.37675666141884756,Chen,Riley,2026-04-01,Indeed,Yes,0.9208096286312523,,0.9303812415875569
A00326,51,Male,Hispanic,China,Christian,Married,Heterosexual,No,missing,English,majority,Software Engineer,24,PhD,Tier 3,0.02982057602820487,0.08439160966014753,Brown,Riley,2026-04-01,Indeed,No,0.02982057602820487,B9,0.02971912464775344
A00327,38,Male,White,USA,Muslim,Married,Heterosexual,No,missing,English,majority,DevOps Engineer,13,Bachelor's,Tier 2,0.7108746991660613,0.1567572139845178,Singh,Casey,2026-04-01,Indeed,No,0.7108746991660613,,0.6611938817990757
A00328,31,Male,White,USA,Muslim,Single,Heterosexual,No,missing,English,minority,UX Designer,15,Bachelor's,Tier 2,0.8322165711921968,0.4216123120072476,Brown,Sam,2026-04-01,Referral,Yes,0.8322165711921968,,0.8552625419778658
A00329,40,Male,Asian,USA,Christian,Single,Heterosexual,No,missing,English,majority,Software Engineer,22,Associates,Tier 3,0.10799864494774936,0.7572570805997767,Garcia,Skyler,2026-04-01,Direct,No,0.10799864494774936,,0.20877444762151975
A00330,41,Male,White,USA,Muslim,Single,LGBTQ+,No,missing,Mandarin,minority,Product Manager,22,Bachelor's,Tier 2,0.9157090313282782,0.7898730417167087,Wang,Casey,2026-04-01,Referral,Yes,0.9157090313282782,,0.902803431564992
A00331,48,Female,White,USA,missing,Single,Heterosexual,No,missing,English,majority,Data Scientist,5,Master's,Tier 2,0.6322333661740566,0.4856868901011173,Smith,Sam,2026-04-01,Indeed,No,0.6322333661740566,,0.6220895563708234
A00332,57,Female,White,USA,missing,Single,LGBTQ+,No,missing,English,majority,Marketing Manager,15,Bachelor's,Tier 1,0.6323876340482253,0.7005011306909072,Chen,Taylor,2026-04-01,Referral,Yes,0.6323876340482253,,0.580141032869771
A00333,52,Female,Middle Eastern,USA,Christian,Divorced,Heterosexual,No,missing,Mandarin,minority,Marketing Manager,9,Bachelor's,Tier 2,0.6287557811701918,0.9562896563672834,Brown,Taylor,2026-04-01,Direct,Yes,0.6287557811701918,,0.6447102037545192
A00334,22,Female,White,USA,Christian,Single,Heterosexual,No,Cognitive/Neurodivergent,Hindi,majority,ML Engineer,5,Bachelor's,Tier 1,0.3020199547725144,0.8459906661326155,Wang,Riley,2026-04-01,LinkedIn,Yes,0.3020199547725144,,0.239671143537133
A00335,31,Male,White,USA,Christian,missing,Heterosexual,No,missing,Farsi,minority,Business Analyst,10,Master's,Tier 3,0.3955932106131761,0.2022761702788447,Kim,Sam,2026-04-01,Direct,No,0.3955932106131761,,0.3402466593956019
A00336,52,Male,White,USA,Christian,missing,Prefer not to say,No,missing,English,minority,Product Manager,9,Bachelor's,missing,0.6594693884446136,0.2582346771529328,Lee,Alex,2026-04-01,Referral,No,0.6594693884446136,,0.723452752036803
A00337,30,Female,White,USA,Hindu,Single,Heterosexual,No,missing,English,majority,DevOps Engineer,19,Master's,Tier 2,0.6173536685524056,0.5011867615173904,Okafor,Skyler,2026-04-01,Direct,No,0.6173536685524056,,0.5720810155826734
A00338,58,Male,White,USA,Christian,Single,Heterosexual,No,missing,English,majority,Senior Software Engineer,16,Bachelor's,Tier 3,0.6099438100812745,0.8206544453662896,Hernandez,Alex,2026-04-01,Indeed,Yes,0.6099438100812745,,0.6640116885478414
A00339,52,Female,Asian,USA,Christian,Single,Heterosexual,No,missing,English,majority,Software Engineer,19,Master's,Tier 2,0.05624090238564716,0.8306460631150862,Ahmed,Riley,2026-04-01,Indeed,No,0.05624090238564716,,0.13245880257478754
A00340,49,Female,White,USA,Christian,Single,Heterosexual,No,missing,Spanish,majority,Senior Software Engineer,3,Bachelor's,Tier 3,0.500308030479469,0.6162621605139591,Okafor,Jordan,2026-04-01,LinkedIn,No,0.500308030479469,,0.5132743533533062
A00341,56,Female,Hispanic,USA,Christian,Single,Heterosexual,Yes,missing,English,majority,Senior Software Engineer,10,Master's,Tier 2,0.752391261309811,0.23286685606077556,Ahmed,Taylor,2026-04-01,Indeed,No,0.752391261309811,B9,0.7800608314523523
A00342,30,Female,White,USA,Christian,Divorced,Heterosexual,No,missing,English,majority,Senior Software Engineer,17,Bachelor's,Tier 1,0.6931619931371591,0.08901678907218713,Diallo,Taylor,2026-04-01,LinkedIn,No,0.6931619931371591,,0.7907745403214981
A00343,42,Female,White,USA,Muslim,Single,Heterosexual,No,missing,English,majority,Data Scientist,22,Bachelor's,Tier 2,0.5313514562384394,0.6016431503329801,Okafor,Morgan,2026-04-01,Referral,Yes,0.5313514562384394,,0.5215150361351536
A00344,60,Female,White,USA,Muslim,Divorced,LGBTQ+,No,missing,English,minority,UX Designer,22,Master's,Tier 3,0.7071410939278113,0.7565196125837443,Smith,Jordan,2026-04-01,Referral,Yes,0.7071410939278113,,0.6774908040807306
A00345,23,Male,White,USA,Jewish,Single,Heterosexual,No,Visual,English,majority,Product Manager,8,Master's,missing,0.6665547218597153,0.6330525654442963,Hernandez,Alex,2026-04-01,Referral,Yes,0.6665547218597153,,0.5988931686205682
A00346,46,Male,Black,USA,Christian,Married,Heterosexual,No,Visual,English,majority,DevOps Engineer,9,Bachelor's,Tier 2,0.612706306145133,0.3366886457644801,Khan,Sam,2026-04-01,LinkedIn,No,0.612706306145133,B9,0.6147916601624503
A00347,48,Female,Asian,USA,Christian,Single,LGBTQ+,No,missing,Spanish,majority,Marketing Manager,22,Bachelor's,Tier 2,0.8777770352793061,0.26324888459787144,Chen,Riley,2026-04-01,Referral,Yes,0.8777770352793061,,0.9517342458252214
A00348,25,Male,Black,USA,missing,Married,Heterosexual,No,missing,English,minority,Data Scientist,18,Master's,Tier 2,0.42172120678480207,0.29643647943006224,Johnson,Riley,2026-04-01,Referral,No,0.42172120678480207,B9,0.4697009758548453
A00349,58,Female,Hispanic,USA,Christian,Single,Heterosexual,No,missing,Spanish,majority,Senior Software Engineer,21,Master's,Tier 2,0.440915956941379,0.43189470214570935,Okafor,Alex,2026-04-01,Referral,No,0.440915956941379,B9,0.3938113948704811
A00350,46,Female,White,USA,Christian,Married,Heterosexual,No,missing,English,majority,Marketing Manager,1,Master's,Tier 3,0.6821811703243477,0.6509876708152276,Nguyen,Sam,2026-04-01,LinkedIn,Yes,0.6821811703243477,,0.6394124011327178
A00351,20,Female,Asian,USA,Buddhist,Married,Heterosexual,No,Visual,English,majority,Data Scientist,3,PhD,Tier 1,0.5961737428273097,0.33743743480374155,Cohen,Morgan,2026-04-01,Referral,No,0.5961737428273097,,0.5709651813602615
A00352,54,Male,White,USA,missing,Single,Heterosexual,No,missing,English,majority,ML Engineer,2,Associates,Tier 3,0.47132241863826674,0.7550647456996771,Nguyen,Morgan,2026-04-01,Indeed,Yes,0.47132241863826674,,0.4859358227630338
A00353,51,Male,Hispanic,USA,Christian,Single,LGBTQ+,No,missing,Vietnamese,majority,Marketing Manager,0,Bachelor's,Tier 1,0.35522158685607286,0.4676860273201652,Wang,Taylor,2026-04-01,Indeed,No,0.35522158685607286,B9,0.34495601550088867
A00354,44,Male,Hispanic,China,missing,Divorced,Heterosexual,Yes,Mobility,English,majority,Sales Representative,23,Bachelor's,Tier 3,0.8532183978648848,0.29618906788602267,Hernandez,Jordan,2026-04-01,LinkedIn,Yes,0.8532183978648848,B9,0.8639410951370389
A00355,33,Male,White,USA,Buddhist,Single,LGBTQ+,No,Visual,English,minority,Sales Representative,10,High School,Tier 2,0.2918945013956774,0.7438209562170199,Singh,Riley,2026-04-01,Referral,No,0.2918945013956774,,0.3067314702979498
A00356,61,Male,Black,USA,Christian,Married,Heterosexual,No,missing,English,minority,ML Engineer,11,Master's,missing,0.42785830153124604,0.4788375682075265,Okafor,Sam,2026-04-01,Referral,No,0.42785830153124604,B9,0.41291962219732364
A00357,26,Female,White,USA,Muslim,Single,Heterosexual,No,missing,English,minority,Software Engineer,0,Bachelor's,Tier 3,0.9341590425826635,0.4630959014830034,Khan,Skyler,2026-04-01,Referral,Yes,0.9341590425826635,,0.9321503455025163
A00358,35,Female,Black,USA,Christian,Married,Heterosexual,No,missing,English,majority,UX Designer,8,Bachelor's,Tier 3,0.8468931346511128,0.39843232963572534,Khan,Morgan,2026-04-01,Direct,Yes,0.8468931346511128,B9,0.8572227535119146
A00359,41,Male,White,USA,Christian,missing,Heterosexual,No,missing,Mandarin,majority,Product Manager,3,Master's,Tier 1,0.4299230533008641,0.6677957797849308,Williams,Taylor,2026-04-01,Referral,No,0.4299230533008641,,0.4257245681242053
A00360,23,Male,White,USA,Muslim,Married,Heterosexual,No,missing,English,majority,Product Manager,8,Bachelor's,Tier 2,0.007720981327991261,0.6130929040097783,Okafor,Skyler,2026-04-01,Indeed,No,0.007720981327991261,,0.032897024577693806
A00361,25,Female,Asian,USA,missing,Married,Heterosexual,No,missing,English,majority,Product Manager,15,Master's,Tier 2,0.47230152951421545,0.49133003583733625,Khan,Taylor,2026-04-01,Direct,No,0.47230152951421545,,0.5658453181806157
A00362,54,Male,Hispanic,USA,Muslim,Divorced,Heterosexual,No,missing,Mandarin,majority,Product Manager,13,Bachelor's,Tier 3,0.3788345351519443,0.48825907805321517,Singh,Skyler,2026-04-01,Indeed,No,0.3788345351519443,B9,0.40843314939048586
A00363,27,Female,White,USA,Muslim,missing,Heterosexual,No,missing,English,minority,Sales Representative,21,Master's,Tier 1,0.4116016646919417,0.5151614622030204,Rodriguez,Sam,2026-04-01,Referral,No,0.4116016646919417,,0.4143921920123693
A00364,41,Male,White,USA,Christian,Single,Heterosexual,No,missing,English,majority,Senior Software Engineer,24,Bachelor's,Tier 3,0.8889512952105799,0.573642427121402,Smith,Alex,2026-04-01,Referral,Yes,0.8889512952105799,,0.8046453640424842
A00365,25,Female,White,USA,Christian,Married,Heterosexual,No,missing,English,majority,ML Engineer,10,Master's,Tier 2,0.1322523637662828,0.6864664572773994,Williams,Riley,2026-04-01,Direct,No,0.1322523637662828,,0.15165021806704287
A00366,22,Male,White,USA,missing,Married,Heterosexual,No,missing,English,majority,Data Scientist,6,Bachelor's,Tier 3,0.5703223020340122,0.8405897285372719,Ahmed,Alex,2026-04-01,Indeed,Yes,0.5703223020340122,,0.47298838144565186
A00367,57,Female,White,USA,missing,Single,Heterosexual,No,missing,English,majority,ML Engineer,19,Bachelor's,Tier 2,0.09445353538847834,0.5546176723805901,Khan,Jordan,2026-04-01,Referral,No,0.09445353538847834,,0.024001831080672234
A00368,34,Male,White,USA,Christian,Single,Heterosexual,No,missing,English,minority,Software Engineer,19,Master's,Tier 3,0.5288368994634224,0.2567537207585048,Cohen,Alex,2026-04-01,Referral,No,0.5288368994634224,,0.5715688620868606
A00369,32,Male,Hispanic,USA,Christian,Single,Heterosexual,No,missing,Spanish,majority,UX Designer,23,Bachelor's,Tier 2,0.0200396072589325,0.08343083721228167,Kim,Skyler,2026-04-01,Referral,No,0.0200396072589325,B9,0.05535136026576572
A00370,30,Female,Asian,USA,Christian,Single,Heterosexual,No,missing,English,majority,Business Analyst,10,Bachelor's,Tier 2,0.22050593049512746,0.7532717372752507,Williams,Casey,2026-04-01,LinkedIn,No,0.22050593049512746,,0.21300898057768322
A00371,22,Female,White,USA,missing,Single,Heterosexual,No,missing,English,majority,UX Designer,16,Master's,Tier 2,0.45628227056879944,0.08659384518815205,Brown,Morgan,2026-04-01,LinkedIn,No,0.45628227056879944,,0.37078171526118864
A00372,49,Male,Middle Eastern,China,missing,Married,LGBTQ+,No,missing,English,majority,Business Analyst,24,Bachelor's,Tier 1,0.4989062016662522,0.7561098142667428,Kim,Skyler,2026-04-01,Referral,Yes,0.4989062016662522,,0.4803387758217097
A00373,42,Male,Hispanic,India,Christian,Single,Heterosexual,No,Visual,English,majority,Sales Representative,20,Bachelor's,Tier 2,0.31816752963773953,0.3365433357195051,Garcia,Casey,2026-04-01,LinkedIn,No,0.31816752963773953,B9,0.2842306137269383
A00374,52,Female,Hispanic,USA,Muslim,Married,Heterosexual,No,missing,English,majority,Product Manager,18,Bachelor's,Tier 1,0.6488996663405724,0.41556400005674843,Garcia,Skyler,2026-04-01,Indeed,No,0.6488996663405724,B9,0.6807417036470829
A00375,34,Female,Native American,USA,Christian,Single,Heterosexual,No,missing,English,majority,UX Designer,4,Bachelor's,Tier 3,0.24582548389322634,0.24218939856030958,Smith,Taylor,2026-04-01,LinkedIn,No,0.24582548389322634,B9,0.3587120105146029
A00376,20,Female,Hispanic,USA,Hindu,Single,Heterosexual,No,missing,English,minority,Senior Software Engineer,0,Bachelor's,Tier 3,0.63648131545405,0.32483338474350965,Lee,Morgan,2026-04-01,Indeed,No,0.63648131545405,B9,0.6473278398517828
A00377,58,Male,White,USA,Hindu,Married,Heterosexual,No,missing,Vietnamese,majority,Software Engineer,16,Bachelor's,Tier 2,0.01516344695038574,0.8306226574362316,Nguyen,Casey,2026-04-01,Referral,No,0.01516344695038574,,-0.023802109451220105
A00378,23,Female,Black,USA,missing,Single,Heterosexual,No,missing,English,minority,Sales Representative,4,Bachelor's,Tier 3,0.21846871461295592,0.2841826271717927,Okafor,Skyler,2026-04-01,Referral,No,0.21846871461295592,B9,0.15994113809779492
A00379,39,Male,White,USA,Muslim,Single,Heterosexual,No,missing,English,majority,ML Engineer,17,Master's,Tier 3,0.184284890455796,0.30779925340531644,Williams,Taylor,2026-04-01,Indeed,No,0.184284890455796,,0.18148017641738237
A00380,29,Female,Hispanic,USA,Christian,Single,LGBTQ+,No,missing,Spanish,minority,Senior Software Engineer,24,Master's,Tier 3,0.3120997289878442,0.24975276287054327,Okafor,Sam,2026-04-01,LinkedIn,No,0.3120997289878442,B9,0.3032600693121648
A00381,44,Female,White,USA,missing,Married,Heterosexual,No,Cognitive/Neurodivergent,English,majority,Data Scientist,13,Associates,Tier 3,0.07715974363770961,0.14939457824141522,Ahmed,Alex,2026-04-01,LinkedIn,No,0.07715974363770961,,0.019583785661336027
A00382,55,Female,Asian,USA,Christian,Single,Prefer not to say,No,missing,English,majority,Sales Representative,17,High School,Tier 1,0.6454313052328289,0.38130680542192485,Rodriguez,Jordan,2026-04-01,LinkedIn,No,0.6454313052328289,,0.6512490670174381
A00383,49,Male,White,USA,Christian,Single,Heterosexual,No,Hearing,English,majority,UX Designer,13,Bachelor's,Tier 2,0.04933798762687347,0.6010570435785636,Okafor,Skyler,2026-04-01,Indeed,No,0.04933798762687347,,-0.00820768843866962
A00384,43,Female,Middle Eastern,Iran,Christian,Single,Heterosexual,No,missing,English,majority,Business Analyst,17,Bachelor's,Tier 2,0.29887088068646395,0.8506125517148763,Garcia,Taylor,2026-04-01,Referral,Yes,0.29887088068646395,,0.354476244272929
A00385,31,Female,Black,USA,Christian,Single,Heterosexual,No,missing,Farsi,minority,ML Engineer,17,Bachelor's,Tier 3,0.7676890440518137,0.4738583107412086,Hernandez,Jordan,2026-04-01,LinkedIn,Yes,0.7676890440518137,B9,0.8208215743412215
A00386,33,Male,Black,USA,Christian,Married,LGBTQ+,No,missing,Vietnamese,majority,Senior Software Engineer,2,Bachelor's,Tier 1,0.09823672865747313,0.1643409874062834,Rodriguez,Riley,2026-04-01,Indeed,No,0.09823672865747313,B9,0.15247429192229417
A00387,36,Male,White,USA,missing,Single,Heterosexual,No,missing,Mandarin,majority,Senior Software Engineer,24,Master's,Tier 3,0.40254401418562413,0.46049759763538445,Khan,Sam,2026-04-01,Referral,No,0.40254401418562413,,0.37884149065519773
A00388,39,Male,White,USA,missing,Married,Heterosexual,No,Cognitive/Neurodivergent,English,majority,Marketing Manager,18,Master's,Tier 3,0.8842927017346188,0.4404427046940397,Nguyen,Sam,2026-04-01,Indeed,Yes,0.8842927017346188,,0.9100187299005232
A00389,24,Female,White,USA,missing,Divorced,Heterosexual,No,Cognitive/Neurodivergent,English,minority,UX Designer,1,Bachelor's,Tier 2,0.1663192569290095,0.31113311862650694,Smith,Alex,2026-04-01,Direct,No,0.1663192569290095,,0.15971578166804168
A00390,50,Female,White,USA,Christian,Single,Heterosexual,No,Visual,English,minority,ML Engineer,21,Associates,Tier 3,0.45931155493155473,0.02029267163951376,Cohen,Morgan,2026-04-01,Referral,No,0.45931155493155473,,0.43987095186143066
A00391,30,Male,Asian,Mexico,Christian,Divorced,Heterosexual,No,missing,English,majority,ML Engineer,13,Bachelor's,Tier 2,0.2188716968525779,0.36252039550590875,Chen,Riley,2026-04-01,Direct,No,0.2188716968525779,,0.2019144139954746
A00392,40,Male,Black,USA,Muslim,missing,Heterosexual,No,missing,Mandarin,minority,Data Scientist,16,Bachelor's,Tier 2,0.7089925784585798,0.0890153367140264,Kim,Casey,2026-04-01,Indeed,No,0.7089925784585798,B9,0.6440068148068723
A00393,49,Male,White,USA,Christian,Divorced,Heterosexual,No,Hearing,English,minority,Business Analyst,23,Master's,Tier 2,0.6894380267531457,0.5568116261169134,Khan,Sam,2026-04-01,Referral,Yes,0.6894380267531457,,0.6172448419583896
A00394,62,Female,White,China,Christian,Married,Heterosexual,No,missing,English,majority,Marketing Manager,17,Bachelor's,Tier 2,0.7843130035156323,0.030351367070237445,Patel,Alex,2026-04-01,Indeed,No,0.7843130035156323,,0.8240287430594345
A00395,56,Female,White,USA,Hindu,Single,Prefer not to say,No,missing,English,majority,Product Manager,6,Master's,Tier 1,0.4547592082914096,0.8313823022130524,Garcia,Jordan,2026-04-01,Referral,Yes,0.4547592082914096,,0.4451974380954336
A00396,27,Non-binary,White,Vietnam,Christian,Single,Heterosexual,No,missing,Spanish,majority,Software Engineer,3,Bachelor's,Tier 3,0.08387193954733452,0.6801503463345916,Chen,Taylor,2026-04-01,Indeed,No,0.08387193954733452,,0.09469318210371568
A00397,25,Male,White,USA,missing,Married,Heterosexual,No,missing,English,majority,Business Analyst,18,Master's,Tier 3,0.3261046967185096,0.1397341283283685,Rodriguez,Skyler,2026-04-01,LinkedIn,No,0.3261046967185096,,0.3761902161412156
A00398,26,Male,Asian,USA,Muslim,Married,Heterosexual,No,missing,English,majority,Data Scientist,10,Bachelor's,Tier 2,0.32200534705092443,0.3143869708555619,Cohen,Jordan,2026-04-01,Indeed,No,0.32200534705092443,,0.23534872230012072
A00399,45,Female,White,USA,Christian,Single,Heterosexual,Yes,missing,Vietnamese,majority,Sales Representative,11,Bachelor's,missing,0.025307830469862513,0.2306364278045694,Brown,Riley,2026-04-01,Direct,No,0.025307830469862513,,-0.01389867322093219
A00400,50,Male,White,USA,Christian,Married,Heterosexual,No,Hearing,English,majority,UX Designer,23,Master's,Tier 2,0.895210507051822,0.7544627695272604,Patel,Skyler,2026-04-01,LinkedIn,Yes,0.895210507051822,,0.9039772492250756
A00401,43,Male,Hispanic,USA,missing,Divorced,Heterosexual,No,missing,English,majority,Software Engineer,10,Master's,Tier 2,0.800918314482302,0.2847436865327208,Patel,Morgan,2026-04-01,Indeed,No,0.800918314482302,B9,0.8205230538155807
A00402,46,Female,Asian,USA,missing,Single,Heterosexual,No,Cognitive/Neurodivergent,Farsi,majority,Product Manager,14,Master's,Tier 3,0.6512553015178965,0.8879121161989658,Okafor,Jordan,2026-04-01,Referral,Yes,0.6512553015178965,,0.6324015789978417
A00403,58,Male,White,USA,Christian,Single,Heterosexual,No,missing,English,minority,Product Manager,22,Bachelor's,Tier 1,0.9411130279340323,0.5678917347640559,Hernandez,Alex,2026-04-01,LinkedIn,Yes,0.9411130279340323,,0.9925719895689247
A00404,36,Male,Asian,USA,Christian,Married,Heterosexual,No,missing,English,minority,DevOps Engineer,3,Bachelor's,missing,0.0866375853994481,0.7590447297577493,Okafor,Taylor,2026-04-01,Indeed,No,0.0866375853994481,,0.09715733234092995
A00405,42,Male,Native American,USA,Christian,missing,Heterosexual,No,missing,Hindi,majority,Software Engineer,15,Bachelor's,Tier 3,0.06339325333658263,0.36591525619131926,Diallo,Sam,2026-04-01,Referral,No,0.06339325333658263,B9,0.0027241463951896416
A00406,28,Female,White,USA,Christian,Single,Heterosexual,No,missing,Hindi,minority,Sales Representative,15,Master's,Tier 1,0.9850287988894363,0.5461596576415805,Brown,Taylor,2026-04-01,Referral,Yes,0.9850287988894363,,0.938490610089904
A00407,21,Female,White,USA,Muslim,Married,LGBTQ+,No,missing,English,majority,Marketing Manager,24,Bachelor's,Tier 3,0.7153425661091921,0.2746770131371091,Hernandez,Morgan,2026-04-01,LinkedIn,No,0.7153425661091921,,0.7556161191339232
A00408,43,Female,White,Mexico,missing,Single,Heterosexual,No,missing,Spanish,minority,Sales Representative,16,Bachelor's,Tier 3,0.14084490895883495,0.19686652683588846,Ahmed,Taylor,2026-04-01,Referral,No,0.14084490895883495,,0.16403648178163793
A00409,27,Female,White,USA,Christian,Married,Heterosexual,No,Cognitive/Neurodivergent,English,majority,Product Manager,13,Bachelor's,Tier 1,0.19409332194704332,0.5285186577851764,Johnson,Sam,2026-04-01,Referral,No,0.19409332194704332,,0.09914025999671326
A00410,23,Male,White,USA,Christian,Single,Heterosexual,No,missing,English,minority,DevOps Engineer,15,Bachelor's,missing,0.11199857613310693,0.7766709502083375,Ahmed,Alex,2026-04-01,Indeed,No,0.11199857613310693,,0.17938419132622738
A00411,37,Female,Hispanic,USA,Christian,Divorced,Heterosexual,No,missing,English,minority,ML Engineer,9,Bachelor's,Tier 2,0.8689650510016471,0.14332821087215042,Johnson,Riley,2026-04-01,Referral,No,0.8689650510016471,B9,0.8988664025563415
A00412,60,Female,Asian,USA,Christian,Single,Heterosexual,No,missing,English,majority,Marketing Manager,10,Bachelor's,Tier 1,0.6655400919121525,0.10427129095699472,Chen,Riley,2026-04-01,Direct,No,0.6655400919121525,,0.7327072412969774
A00413,22,Female,Middle Eastern,USA,Muslim,Single,Heterosexual,No,missing,English,majority,UX Designer,7,Bachelor's,Tier 1,0.7818113542000426,0.5568426634206894,Kim,Sam,2026-04-01,Direct,Yes,0.7818113542000426,,0.7626263101462883
A00414,52,Female,White,USA,Muslim,Married,Heterosexual,No,missing,English,majority,Sales Representative,0,Master's,Tier 2,0.23977118411105236,0.6991532297820149,Okafor,Alex,2026-04-01,Indeed,No,0.23977118411105236,,0.22498587304443607
A00415,21,Female,White,USA,missing,Married,Heterosexual,No,missing,English,minority,Data Scientist,10,Bachelor's,Tier 1,0.039386618276947116,0.10805956347165502,Wang,Riley,2026-04-01,Referral,No,0.039386618276947116,,-0.01693623596061883
A00416,57,Female,White,Iran,Christian,Married,Heterosexual,Yes,Hearing,English,minority,Software Engineer,0,Bachelor's,Tier 3,0.8485633218549645,0.5548507267211779,Wang,Jordan,2026-04-01,LinkedIn,Yes,0.8485633218549645,,0.9754098003615589
A00417,23,Female,White,USA,Christian,Single,Heterosexual,No,missing,Hindi,majority,Business Analyst,9,Bachelor's,Tier 1,0.7204606626444487,0.44358316213886917,Nguyen,Alex,2026-04-01,Direct,Yes,0.7204606626444487,,0.7116879513740914
A00418,55,Female,Black,Egypt,missing,Married,Heterosexual,No,missing,English,majority,Marketing Manager,6,Bachelor's,Tier 2,0.29342959738253815,0.24374551626220076,Patel,Jordan,2026-04-01,Direct,No,0.29342959738253815,B9,0.37280625698663544
A00419,38,Male,White,USA,Christian,Divorced,Heterosexual,No,Visual,English,majority,Business Analyst,5,Bachelor's,Tier 2,0.05501314906023913,0.9112073800748062,Okafor,Riley,2026-04-01,Indeed,No,0.05501314906023913,,0.022648526490875155
A00420,44,Male,Middle Eastern,Vietnam,Christian,missing,Heterosexual,No,missing,English,majority,ML Engineer,17,Bachelor's,Tier 2,0.04210048403946676,0.37773706754021596,Patel,Taylor,2026-04-01,Indeed,No,0.04210048403946676,,0.05029254365612179
A00421,34,Female,White,USA,Christian,Single,Heterosexual,No,missing,English,majority,Senior Software Engineer,18,Bachelor's,Tier 3,0.05768005994418168,0.23602118270510353,Chen,Skyler,2026-04-01,LinkedIn,No,0.05768005994418168,,-0.025887564384322326
A00422,45,Female,White,USA,Christian,Married,Heterosexual,No,missing,Spanish,majority,UX Designer,22,Bachelor's,Tier 1,0.5245736038130085,0.7692173681020761,Garcia,Riley,2026-04-01,Indeed,Yes,0.5245736038130085,,0.50543024637467
A00423,40,Male,Black,USA,Christian,Single,Heterosexual,No,Hearing,English,majority,Product Manager,11,Master's,Tier 3,0.9481708065324271,0.23998106187367207,Ahmed,Alex,2026-04-01,LinkedIn,Yes,0.9481708065324271,B9,0.9973585519524285
A00424,36,Female,White,Egypt,Christian,Single,LGBTQ+,No,missing,English,majority,Product Manager,0,Bachelor's,missing,0.20047090496215714,0.6018519881517393,Khan,Casey,2026-04-01,Referral,No,0.20047090496215714,,0.13788371418343232
A00425,30,Female,Asian,USA,Buddhist,Single,Heterosexual,Yes,missing,English,minority,UX Designer,8,Bachelor's,missing,0.7171309059661941,0.7434762897853273,Smith,Casey,2026-04-01,Direct,Yes,0.7171309059661941,,0.7707422832129247
A00426,22,Female,White,USA,Muslim,Single,Heterosexual,No,Cognitive/Neurodivergent,Vietnamese,minority,Product Manager,6,Bachelor's,Tier 2,0.4726641087499539,0.7691841422147584,Rodriguez,Casey,2026-04-01,LinkedIn,Yes,0.4726641087499539,,0.489525999542377
A00427,43,Male,White,China,Buddhist,Single,Heterosexual,No,missing,English,majority,Senior Software Engineer,14,Master's,Tier 3,0.7666391968031278,0.7436554261194177,Williams,Alex,2026-04-01,Direct,Yes,0.7666391968031278,,0.714441650553915
A00428,42,Male,White,USA,Muslim,Single,Heterosexual,No,Hearing,English,minority,Software Engineer,16,High School,Tier 3,0.15790813967191752,0.23777257481989433,Nguyen,Taylor,2026-04-01,Referral,No,0.15790813967191752,,0.13282827610063386
A00429,42,Female,White,USA,Christian,Married,Heterosexual,No,missing,English,majority,Senior Software Engineer,18,PhD,Tier 2,0.5329161583488913,0.5012232585748224,Cohen,Sam,2026-04-01,LinkedIn,No,0.5329161583488913,,0.5099628745136207
A00430,45,Male,Hispanic,USA,Christian,Divorced,Heterosexual,No,Visual,English,majority,Data Scientist,13,Bachelor's,missing,0.6952970234962146,0.02594258480069833,Rodriguez,Jordan,2026-04-01,Referral,No,0.6952970234962146,B9,0.6928210565990894
A00431,43,Male,Black,USA,Christian,Single,Heterosexual,Yes,missing,Farsi,majority,ML Engineer,22,Bachelor's,Tier 1,0.3816309903773816,0.16177574187307753,Patel,Riley,2026-04-01,LinkedIn,No,0.3816309903773816,B9,0.35482379208022696
A00432,41,Female,Hispanic,USA,Christian,Single,Heterosexual,No,missing,Spanish,minority,Product Manager,13,Master's,Tier 2,0.555716916341759,0.06928913257881619,Patel,Riley,2026-04-01,LinkedIn,No,0.555716916341759,B9,0.5143525213015322
A00433,58,Male,White,Egypt,Christian,Single,Heterosexual,No,missing,English,majority,Sales Representative,24,Bachelor's,Tier 1,0.596906861628292,0.49877158481100026,Hernandez,Morgan,2026-04-01,Direct,No,0.596906861628292,,0.5816774765025511
A00434,28,Male,Hispanic,USA,Christian,Divorced,Heterosexual,No,missing,English,majority,Business Analyst,4,Master's,Tier 3,0.3214854379573139,0.35941337912785043,Johnson,Taylor,2026-04-01,Indeed,No,0.3214854379573139,B9,0.2701409510268614
A00435,53,Male,Asian,USA,Muslim,Divorced,Heterosexual,No,missing,English,majority,Business Analyst,1,Bachelor's,Tier 2,0.19895961488057967,0.5346941368544157,Chen,Riley,2026-04-01,Referral,No,0.19895961488057967,,0.13448328624842582
A00436,47,Female,White,USA,Christian,Single,Heterosexual,No,missing,English,minority,Marketing Manager,8,Bachelor's,Tier 2,0.8117828713841888,0.8098442404489051,Ahmed,Alex,2026-04-01,Referral,Yes,0.8117828713841888,,0.8093740472588209
A00437,21,Female,White,USA,Christian,Married,Heterosexual,No,missing,English,majority,Marketing Manager,17,Bachelor's,Tier 1,0.23142875059042445,0.8780557098289465,Garcia,Alex,2026-04-01,Referral,No,0.23142875059042445,,0.2755724618681529
A00438,48,Male,White,Egypt,missing,Married,Heterosexual,No,missing,English,minority,Marketing Manager,23,High School,Tier 3,0.09624677230907441,0.6791825945136726,Smith,Morgan,2026-04-01,Direct,No,0.09624677230907441,,0.019778187053206164
A00439,32,Female,White,Iran,Christian,Single,Heterosexual,No,missing,English,minority,Product Manager,21,Associates,Tier 1,0.41236580909013754,0.0824946300184548,Okafor,Jordan,2026-04-01,Referral,No,0.41236580909013754,,0.41254121666333554
A00440,43,Female,White,USA,missing,missing,Heterosexual,No,missing,English,majority,Marketing Manager,0,PhD,Tier 3,0.21128530063254147,0.677759237294663,Ahmed,Riley,2026-04-01,Indeed,No,0.21128530063254147,,0.1787874908924767
A00441,46,Female,Asian,USA,missing,Married,Heterosexual,No,missing,English,minority,Business Analyst,1,Bachelor's,Tier 2,0.24804795859838846,0.5143939888272887,Williams,Riley,2026-04-01,Referral,No,0.24804795859838846,,0.19919068674165397
A00442,46,Male,White,USA,Christian,Single,Heterosexual,No,missing,English,minority,Business Analyst,18,Bachelor's,Tier 2,0.7369052199864353,0.10668470521872797,Hernandez,Morgan,2026-04-01,Indeed,No,0.7369052199864353,,0.7795771026221663
A00443,49,Female,Middle Eastern,USA,Christian,Single,Heterosexual,No,Hearing,English,minority,Marketing Manager,20,Bachelor's,Tier 2,0.36524871070040144,0.13404693019532032,Lee,Jordan,2026-04-01,Indeed,No,0.36524871070040144,,0.3393402262458681
A00444,38,Female,White,USA,Christian,Married,Heterosexual,No,missing,English,minority,Sales Representative,3,Bachelor's,Tier 3,0.70968386359895,0.9120761239983425,Chen,Taylor,2026-04-01,LinkedIn,Yes,0.70968386359895,,0.784598947752194
A00445,59,Male,White,USA,Christian,Single,Prefer not to say,No,Cognitive/Neurodivergent,Mandarin,majority,DevOps Engineer,13,Bachelor's,Tier 3,0.627217872903436,0.5251223090991645,Rodriguez,Sam,2026-04-01,LinkedIn,Yes,0.627217872903436,,0.5882259046961164
A00446,31,Female,White,USA,Hindu,Married,Heterosexual,No,missing,English,minority,Software Engineer,15,Master's,Tier 3,0.4648407616835796,0.38925555027165526,Smith,Taylor,2026-04-01,Direct,No,0.4648407616835796,,0.4841658613648712
A00447,34,Male,White,USA,Hindu,Single,Heterosexual,No,missing,English,majority,UX Designer,11,Bachelor's,Tier 3,0.15963188479583834,0.7651637390602958,Diallo,Sam,2026-04-01,LinkedIn,No,0.15963188479583834,,0.1482677344679782
A00448,61,Female,Asian,USA,missing,Single,Heterosexual,No,missing,English,majority,Marketing Manager,17,PhD,Tier 3,0.823107463996579,0.33466112085309974,Khan,Jordan,2026-04-01,LinkedIn,Yes,0.823107463996579,,0.7854063735402608
A00449,22,Male,Asian,USA,Christian,Single,LGBTQ+,No,missing,English,majority,Product Manager,15,Bachelor's,Tier 2,0.7260117938847703,0.9703692562910227,Rodriguez,Sam,2026-04-01,Indeed,Yes,0.7260117938847703,,0.755395546013658
A00450,52,Female,White,Mexico,missing,Single,Heterosexual,No,missing,English,majority,Data Scientist,9,Bachelor's,Tier 2,0.2623824776531851,0.021610528684060548,Smith,Alex,2026-04-01,Referral,No,0.2623824776531851,,0.25463334899944473
A00451,60,Male,Asian,USA,Hindu,Married,Heterosexual,No,Visual,English,minority,UX Designer,12,Bachelor's,Tier 1,0.9621786352150409,0.05845959688359226,Johnson,Alex,2026-04-01,Referral,No,0.9621786352150409,,0.9923391642507232
A00452,38,Female,White,USA,missing,Single,Heterosexual,No,missing,English,majority,Senior Software Engineer,7,Bachelor's,Tier 2,0.0816719679631871,0.3998841352295448,Patel,Skyler,2026-04-01,LinkedIn,No,0.0816719679631871,,0.0793073926023373
A00453,52,Male,Hispanic,USA,missing,Single,Heterosexual,Yes,missing,English,majority,Data Scientist,20,PhD,Tier 3,0.81980803970921,0.19293983258897246,Smith,Skyler,2026-04-01,LinkedIn,No,0.81980803970921,B9,0.7655172269441382
A00454,59,Male,Hispanic,USA,Muslim,Married,Heterosexual,No,missing,Vietnamese,majority,UX Designer,2,Bachelor's,Tier 2,0.39086762094847727,0.3978131121029104,Nguyen,Sam,2026-04-01,LinkedIn,No,0.39086762094847727,B9,0.3857641587890319
A00455,39,Female,Hispanic,USA,Hindu,Married,LGBTQ+,No,Cognitive/Neurodivergent,Spanish,majority,ML Engineer,9,PhD,Tier 3,0.46971308511150944,0.40708385640297384,Williams,Taylor,2026-04-01,Indeed,No,0.46971308511150944,B9,0.47231084358731645
A00456,48,Male,Asian,USA,Christian,Single,Heterosexual,Yes,missing,English,minority,UX Designer,4,Bachelor's,Tier 3,0.09789806086680786,0.2669131472328654,Lee,Riley,2026-04-01,Indeed,No,0.09789806086680786,,0.14582120856086772
A00457,31,Male,Asian,USA,Christian,Married,Heterosexual,No,missing,English,majority,Business Analyst,3,Bachelor's,Tier 3,0.5320261925348548,0.17570110767305058,Cohen,Taylor,2026-04-01,LinkedIn,No,0.5320261925348548,,0.4867127421680959
A00458,61,Female,Hispanic,USA,Hindu,Married,Heterosexual,No,missing,English,majority,Software Engineer,23,Bachelor's,Tier 3,0.37736097355790954,0.14286716863607846,Diallo,Casey,2026-04-01,LinkedIn,No,0.37736097355790954,B9,0.37539448089454425
A00459,32,Male,White,USA,Christian,Single,Heterosexual,No,Mobility,English,majority,UX Designer,16,Bachelor's,Tier 2,0.670646497437881,0.4678454855066706,Hernandez,Sam,2026-04-01,LinkedIn,Yes,0.670646497437881,,0.584552560926379
A00460,25,Male,Black,China,Muslim,Single,Heterosexual,No,missing,English,majority,Marketing Manager,2,Bachelor's,Tier 2,0.8946554772159423,0.4186370761023903,Chen,Alex,2026-04-01,Referral,Yes,0.8946554772159423,B9,0.9272301302331081
A00461,42,Female,Hispanic,USA,Christian,Single,Heterosexual,No,missing,English,majority,Sales Representative,3,Bachelor's,Tier 2,0.3832759550066831,0.302372112262715,Nguyen,Alex,2026-04-01,Indeed,No,0.3832759550066831,B9,0.3292018062746508
A00462,59,Female,Native American,India,Christian,Married,Heterosexual,No,Cognitive/Neurodivergent,English,minority,ML Engineer,20,Bachelor's,Tier 3,0.5592841877195798,0.4007466932105516,Khan,Casey,2026-04-01,Indeed,No,0.5592841877195798,B9,0.4689662116653995
A00463,42,Female,White,USA,missing,Single,Heterosexual,No,missing,English,minority,Software Engineer,10,Master's,Tier 2,0.20248180588556464,0.7716057825568947,Singh,Sam,2026-04-01,Referral,No,0.20248180588556464,,0.19952096417182777
A00464,42,Male,Asian,USA,Christian,Divorced,Heterosexual,No,missing,English,minority,Sales Representative,23,Master's,Tier 2,0.8155651202333757,0.3145911648793208,Williams,Casey,2026-04-01,LinkedIn,No,0.8155651202333757,,0.870849368166518
A00465,43,Male,White,USA,Christian,Married,Heterosexual,No,missing,English,majority,UX Designer,4,Master's,Tier 1,0.6924814470625491,0.3143889077625672,Hernandez,Alex,2026-04-01,Direct,No,0.6924814470625491,,0.6162590996519554
A00466,56,Male,White,USA,Buddhist,Single,Heterosexual,No,Mobility,English,majority,Sales Representative,10,Master's,Tier 1,0.8138935993498423,0.7838891378449536,Okafor,Morgan,2026-04-01,Referral,Yes,0.8138935993498423,,0.7594918200804209
A00467,50,Male,Hispanic,USA,Christian,Divorced,Heterosexual,No,missing,Spanish,minority,Business Analyst,13,Master's,Tier 3,0.15300042312882034,0.22465886446726108,Kim,Sam,2026-04-01,Indeed,No,0.15300042312882034,B9,0.11583667857615627
A00468,61,Female,White,USA,Christian,Single,Heterosexual,No,missing,English,majority,UX Designer,10,Bachelor's,Tier 2,0.20532490857102415,0.6946755002960753,Chen,Casey,2026-04-01,Direct,No,0.20532490857102415,,0.148850076253924
A00469,28,Female,White,USA,Christian,Single,Heterosexual,No,missing,English,majority,UX Designer,8,Bachelor's,missing,0.42751454726794047,0.18775248854183768,Cohen,Sam,2026-04-01,LinkedIn,No,0.42751454726794047,,0.4464859416846697
A00470,42,Male,Hispanic,USA,Christian,Single,LGBTQ+,No,Hearing,English,majority,ML Engineer,9,Bachelor's,Tier 3,0.27072703779805685,0.18119498259305927,Wang,Sam,2026-04-01,Direct,No,0.27072703779805685,B9,0.23035866554583256
A00471,31,Female,White,USA,Christian,Single,Heterosexual,No,missing,Mandarin,majority,UX Designer,11,Master's,missing,0.13229261700616946,0.07114056283035708,Williams,Taylor,2026-04-01,Indeed,No,0.13229261700616946,,0.09621688018315935
A00472,60,Female,Hispanic,USA,Christian,Married,Heterosexual,No,Cognitive/Neurodivergent,English,majority,Business Analyst,13,Bachelor's,Tier 3,0.8237451831474908,0.44423428489483224,Singh,Casey,2026-04-01,Referral,Yes,0.8237451831474908,B9,0.8529104530816063
A00473,57,Female,White,USA,missing,Single,Heterosexual,No,missing,English,minority,Software Engineer,1,Associates,Tier 2,0.6103582759367026,0.4730926864785783,Hernandez,Casey,2026-04-01,Direct,No,0.6103582759367026,,0.5725825443882684
A00474,58,Male,Middle Eastern,USA,Muslim,Married,Heterosexual,No,missing,English,majority,Product Manager,14,Bachelor's,Tier 2,0.34777686733929636,0.5028931431547149,Brown,Jordan,2026-04-01,LinkedIn,No,0.34777686733929636,,0.3694158722283325
A00475,49,Male,White,USA,Christian,Single,Heterosexual,No,Visual,Spanish,majority,ML Engineer,11,Bachelor's,Tier 2,0.8119829381429389,0.9037741972347354,Diallo,Morgan,2026-04-01,Indeed,Yes,0.8119829381429389,,0.7634136795488367
A00476,51,Male,Black,USA,Christian,Divorced,Heterosexual,No,missing,Mandarin,minority,ML Engineer,20,Bachelor's,Tier 2,0.11527616440080535,0.05138049245717741,Diallo,Alex,2026-04-01,Direct,No,0.11527616440080535,B9,0.054669238690040874
A00477,40,Male,White,USA,Muslim,Divorced,Heterosexual,No,missing,Spanish,minority,DevOps Engineer,14,Master's,Tier 2,0.4199628617270911,0.40648004158073225,Ahmed,Skyler,2026-04-01,LinkedIn,No,0.4199628617270911,,0.32819039726754495
A00478,24,Female,White,USA,Christian,Single,Heterosexual,No,missing,English,majority,Data Scientist,19,Master's,Tier 2,0.3195802962929277,0.4263373009125734,Diallo,Casey,2026-04-01,Indeed,No,0.3195802962929277,,0.41264043563851416
A00479,61,Female,White,USA,Christian,Single,Prefer not to say,No,Cognitive/Neurodivergent,English,minority,Data Scientist,21,Master's,Tier 2,0.6146583322748159,0.4671640558612078,Williams,Taylor,2026-04-01,Referral,No,0.6146583322748159,,0.5986453806682661
A00480,36,Female,White,USA,missing,missing,Heterosexual,No,missing,English,majority,Sales Representative,17,Bachelor's,Tier 1,0.9758542281733145,0.11059361276993418,Khan,Alex,2026-04-01,LinkedIn,No,0.9758542281733145,,0.988050896570736
A00481,42,Male,White,USA,Muslim,Married,Heterosexual,Yes,missing,English,majority,Business Analyst,12,Bachelor's,Tier 2,0.0016666814788977025,0.055165936539200544,Chen,Morgan,2026-04-01,Referral,No,0.0016666814788977025,,0.00011420602985774252
A00482,60,Female,Asian,USA,missing,Married,Heterosexual,No,missing,Vietnamese,majority,Sales Representative,24,Bachelor's,Tier 3,0.11576167736563225,0.11519787089157196,Okafor,Jordan,2026-04-01,Indeed,No,0.11576167736563225,,0.1237597652159954
A00483,49,Female,Black,Iran,Muslim,Single,Heterosexual,No,Hearing,English,majority,Software Engineer,0,Master's,Tier 3,0.34813569279295975,0.019267268955409644,Rodriguez,Taylor,2026-04-01,LinkedIn,No,0.34813569279295975,B9,0.35062001676167837
A00484,46,Male,Hispanic,USA,Christian,Married,Heterosexual,No,missing,English,majority,Sales Representative,2,Master's,missing,0.09511082702915274,0.4809719302416459,Johnson,Morgan,2026-04-01,Direct,No,0.09511082702915274,B9,0.19052167898928768
A00485,37,Female,White,USA,Christian,Single,Heterosexual,No,Cognitive/Neurodivergent,Mandarin,minority,UX Designer,24,Master's,Tier 2,0.2296726744468247,0.47438483625419137,Singh,Riley,2026-04-01,Referral,No,0.2296726744468247,,0.17772634489896735
A00486,32,Male,White,Mexico,Muslim,Divorced,Heterosexual,No,missing,English,majority,Marketing Manager,14,Bachelor's,Tier 3,0.8427519463138728,0.7283707083982703,Singh,Sam,2026-04-01,LinkedIn,Yes,0.8427519463138728,,0.764878841008964
A00487,54,Male,White,USA,Jewish,Married,Heterosexual,No,missing,English,majority,Senior Software Engineer,4,Master's,Tier 3,0.6841010655201626,0.97176454180359,Garcia,Sam,2026-04-01,Referral,Yes,0.6841010655201626,,0.6335030820959449
A00488,22,Male,White,USA,Muslim,Married,Heterosexual,No,missing,English,majority,Marketing Manager,20,Master's,Tier 1,0.3076247729535728,0.6135835049038977,Diallo,Sam,2026-04-01,Referral,No,0.3076247729535728,,0.2408893224656455
A00489,49,Female,White,USA,Christian,Divorced,Prefer not to say,No,Cognitive/Neurodivergent,English,minority,Senior Software Engineer,14,Bachelor's,missing,0.04095682399036793,0.3195058592391491,Chen,Skyler,2026-04-01,Direct,No,0.04095682399036793,,0.07830492661446506
A00490,50,Female,Middle Eastern,USA,Christian,Single,Heterosexual,No,missing,English,majority,Data Scientist,17,Bachelor's,Tier 2,0.3770157150254173,0.0002231900300233569,Lee,Casey,2026-04-01,Indeed,No,0.3770157150254173,,0.41803462550230513
A00491,58,Non-binary,Asian,USA,Christian,Married,Heterosexual,No,missing,English,minority,Business Analyst,23,Bachelor's,Tier 1,0.9522659143089378,0.9090705294907974,Wang,Alex,2026-04-01,Indeed,Yes,0.9522659143089378,,0.9042001370514214
A00492,25,Male,White,USA,missing,Married,Heterosexual,No,Visual,English,minority,UX Designer,11,Bachelor's,Tier 1,0.6914637496362822,0.19863294335233894,Kim,Riley,2026-04-01,Indeed,No,0.6914637496362822,,0.6219419608131326
A00493,38,Female,Hispanic,USA,Christian,Married,Heterosexual,No,missing,English,minority,UX Designer,19,Bachelor's,missing,0.3246632724241375,0.4429354777641597,Rodriguez,Riley,2026-04-01,Direct,No,0.3246632724241375,B9,0.30692343976708275
A00494,25,Female,White,China,Christian,Single,Prefer not to say,No,missing,English,majority,Data Scientist,12,Bachelor's,Tier 2,0.8180068949590079,0.6193350780247793,Khan,Riley,2026-04-01,Referral,Yes,0.8180068949590079,,0.8875630888528276
A00495,23,Non-binary,White,USA,missing,Married,LGBTQ+,No,missing,English,majority,Marketing Manager,19,Bachelor's,Tier 3,0.8320586447616318,0.4716690325935955,Singh,Casey,2026-04-01,Direct,Yes,0.8320586447616318,,0.691080173871716
A00496,46,Female,Black,Mexico,Christian,Married,Heterosexual,No,missing,English,majority,Product Manager,12,Associates,Tier 2,0.0016913255481414424,0.10738950292166477,Patel,Skyler,2026-04-01,Indeed,No,0.0016913255481414424,B9,0.028022663998935177
A00497,29,Male,Black,USA,Muslim,Married,Heterosexual,No,missing,English,majority,DevOps Engineer,4,Bachelor's,Tier 2,0.9186883455082311,0.054191476288135365,Rodriguez,Casey,2026-04-01,Indeed,No,0.9186883455082311,B9,0.8649005841358018
A00498,41,Male,Asian,USA,missing,Single,Heterosexual,No,missing,English,majority,Sales Representative,2,Master's,Tier 3,0.4121681434494502,0.26556243099664856,Diallo,Jordan,2026-04-01,Indeed,No,0.4121681434494502,,0.4641865007765139
A00499,51,Male,White,USA,Christian,Married,Heterosexual,No,missing,English,majority,Marketing Manager,16,Master's,Tier 1,0.3532662699201531,0.2648060452045392,Hernandez,Riley,2026-04-01,Indeed,No,0.3532662699201531,,0.29937007287631545
