applicant_id,age,gender,race_ethnicity,national_origin,religion,marital_status,sexual_orientation,veteran_status,disability_status,primary_language,zip_minority_majority,role_applied,years_experience,education_level,university_tier,skill_match_score,photo_attractiveness_score,last_name,first_name,application_date,source,invite_decision,true_qualification_score,_bias_flags,model_score
A00000,47,Male,White,USA,Muslim,Married,Prefer not to say,No,missing,English,majority,Product Manager,17,Bachelor's,missing,0.38821163813874837,0.15525620362452586,Khan,Morgan,2026-04-01,Direct,No,0.38821163813874837,,0.3882731458066225
A00001,40,Male,White,USA,missing,Married,Heterosexual,No,missing,English,majority,Marketing Manager,15,Bachelor's,Tier 3,0.9603886587380357,0.6843455377147005,Kim,Riley,2026-04-01,Referral,Yes,0.9603886587380357,,0.9753259356134591
A00002,61,Female,Native American,USA,Christian,Divorced,Heterosexual,No,missing,Spanish,minority,Product Manager,0,Bachelor's,Tier 3,0.30307873885407555,0.25071186913970456,Khan,Riley,2026-04-01,Direct,No,0.30307873885407555,,0.28937184608596467
A00003,49,Female,Asian,USA,Christian,missing,LGBTQ+,No,missing,English,majority,Product Manager,16,Bachelor's,Tier 2,0.5144284760434797,0.3495581221003532,Singh,Jordan,2026-04-01,LinkedIn,No,0.5144284760434797,,0.46989888410561603
A00004,47,Non-binary,White,USA,Muslim,Single,Heterosexual,No,missing,English,majority,Sales Representative,11,Master's,Tier 1,0.9139083545696466,0.794544326763806,Chen,Jordan,2026-04-01,LinkedIn,Yes,0.9139083545696466,,0.8911748153110605
A00005,51,Female,Hispanic,USA,Christian,Married,Heterosexual,No,missing,Spanish,minority,Sales Representative,21,Bachelor's,Tier 3,0.5895545425472127,0.6163907260375058,Brown,Jordan,2026-04-01,Indeed,No,0.5895545425472127,B2,0.5399722147973897
A00006,38,Female,White,USA,missing,Single,Heterosexual,No,missing,Farsi,minority,Data Scientist,19,PhD,Tier 2,0.6727371721782673,0.9980771555729863,Williams,Jordan,2026-04-01,Direct,No,0.6727371721782673,,0.6757443523081392
A00007,39,Male,White,USA,Christian,Married,Heterosexual,No,missing,English,minority,Marketing Manager,5,Bachelor's,missing,0.39066328224624847,0.8379669823074802,Diallo,Riley,2026-04-01,Indeed,No,0.39066328224624847,,0.45767404452397514
A00008,43,Female,Asian,USA,missing,Married,Heterosexual,No,missing,English,minority,Senior Software Engineer,5,Bachelor's,Tier 3,0.036041235676077754,0.6519371263749862,Diallo,Casey,2026-04-01,LinkedIn,No,0.036041235676077754,,0.01143090974851127
A00009,27,Female,White,USA,missing,Divorced,Heterosexual,No,missing,English,majority,Marketing Manager,24,Associates,Tier 2,0.6076261207637588,0.38317118340713685,Johnson,Sam,2026-04-01,LinkedIn,No,0.6076261207637588,,0.5766023757727617
A00010,29,Female,White,USA,Jewish,Married,Heterosexual,No,missing,English,minority,Software Engineer,21,Bachelor's,Tier 2,0.7280975309214035,0.043687966972132064,Rodriguez,Taylor,2026-04-01,Indeed,Yes,0.7280975309214035,,0.7525896334306634
A00011,60,Female,Hispanic,USA,Christian,Single,Heterosexual,No,missing,English,majority,UX Designer,13,High School,Tier 1,0.865832714608461,0.4223121010776776,Okafor,Jordan,2026-04-01,Indeed,No,0.865832714608461,B2,0.883677065016464
A00012,49,Male,White,USA,missing,Married,Heterosexual,No,missing,English,minority,Marketing Manager,3,Bachelor's,Tier 2,0.839338389330234,0.018682279772354704,Smith,Casey,2026-04-01,Indeed,Yes,0.839338389330234,,0.8446091017801289
A00013,22,Male,White,USA,Christian,Divorced,Heterosexual,No,Visual,English,majority,Business Analyst,17,Bachelor's,missing,0.5585571608677135,0.566791449921313,Okafor,Casey,2026-04-01,Indeed,No,0.5585571608677135,,0.5120337586323032
A00014,34,Male,Black,USA,Christian,Married,Heterosexual,No,missing,English,minority,Marketing Manager,10,Master's,Tier 3,0.438013760297982,0.5061213162216418,Wang,Morgan,2026-04-01,Referral,No,0.438013760297982,B2,0.43655116917481834
A00015,55,Male,White,Mexico,Christian,Married,Heterosexual,No,missing,English,majority,Software Engineer,18,Associates,missing,0.6901789314714486,0.22901752844626522,Hernandez,Sam,2026-04-01,Direct,No,0.6901789314714486,,0.724944091194363
A00016,49,Male,White,USA,missing,Single,Heterosexual,No,Mobility,English,majority,Product Manager,4,Bachelor's,Tier 1,0.9778070728948695,0.13544738980095328,Williams,Taylor,2026-04-01,Direct,Yes,0.9778070728948695,,0.9105963455306154
A00017,34,Male,White,Mexico,Christian,Divorced,Heterosexual,No,missing,English,majority,Senior Software Engineer,22,Bachelor's,Tier 1,0.4329581234110209,0.03052951986653296,Williams,Skyler,2026-04-01,LinkedIn,No,0.4329581234110209,,0.41007733535901003
A00018,43,Female,White,USA,Christian,Single,Heterosexual,No,missing,English,majority,DevOps Engineer,23,Bachelor's,Tier 1,0.1708305061583988,0.017041876527253863,Diallo,Alex,2026-04-01,Direct,No,0.1708305061583988,,0.07576936916835658
A00019,30,Female,Black,USA,Christian,Married,Heterosexual,No,missing,English,majority,Data Scientist,12,High School,missing,0.26475171054114865,0.2365903973891702,Ahmed,Skyler,2026-04-01,Indeed,No,0.26475171054114865,B2,0.20027482355189985
A00020,42,Male,Hispanic,Egypt,Hindu,Married,Heterosexual,No,missing,Vietnamese,majority,Sales Representative,24,Bachelor's,missing,0.911772088842102,0.5444314364730702,Johnson,Taylor,2026-04-01,Referral,Yes,0.911772088842102,B2,0.8196853369525154
A00021,56,Male,White,USA,Muslim,Single,LGBTQ+,No,missing,Spanish,majority,Sales Representative,17,Master's,Tier 3,0.17613627529386133,0.006055253540809602,Brown,Sam,2026-04-01,Indeed,No,0.17613627529386133,,0.16438171874012728
A00022,48,Male,Asian,USA,missing,Single,Heterosexual,No,missing,English,majority,Business Analyst,0,Bachelor's,Tier 3,0.7775952510294473,0.7323264118743863,Williams,Sam,2026-04-01,Referral,Yes,0.7775952510294473,,0.7142229269572621
A00023,47,Male,White,USA,missing,Married,Heterosexual,No,missing,English,majority,Data Scientist,21,Master's,Tier 3,0.27493056815643635,0.22209638802793363,Lee,Jordan,2026-04-01,Indeed,No,0.27493056815643635,,0.2884937860975214
A00024,27,Male,White,USA,Christian,Married,Heterosexual,No,missing,English,minority,Sales Representative,9,Bachelor's,Tier 3,0.880387662928568,0.6495648242575224,Johnson,Morgan,2026-04-01,LinkedIn,Yes,0.880387662928568,,0.8882252172597792
A00025,23,Female,White,USA,Christian,Married,Heterosexual,No,missing,English,minority,DevOps Engineer,22,Master's,Tier 2,0.003022708614658587,0.4461432447094307,Chen,Casey,2026-04-01,LinkedIn,No,0.003022708614658587,,-0.006323838616839132
A00026,38,Male,Asian,USA,Christian,Single,Heterosexual,No,missing,English,majority,UX Designer,12,Bachelor's,Tier 2,0.6391193572336372,0.44055727107129916,Khan,Casey,2026-04-01,Direct,No,0.6391193572336372,,0.5132813716926116
A00027,23,Female,White,India,missing,Married,Prefer not to say,No,missing,English,majority,Software Engineer,5,Associates,Tier 3,0.7703078158482871,0.49250831777174575,Khan,Taylor,2026-04-01,LinkedIn,Yes,0.7703078158482871,,0.7433731710559552
A00028,41,Male,White,Mexico,Christian,Single,Heterosexual,No,missing,English,minority,Marketing Manager,17,Master's,Tier 2,0.6448303028531122,0.6952197937548905,Diallo,Skyler,2026-04-01,Referral,No,0.6448303028531122,,0.6424052555830586
A00029,24,Male,White,USA,Muslim,missing,Heterosexual,No,missing,English,majority,Software Engineer,18,Bachelor's,Tier 2,0.1563871668253144,0.2956936653753931,Lee,Alex,2026-04-01,Indeed,No,0.1563871668253144,,0.16205261612547978
A00030,37,Non-binary,Asian,USA,Hindu,Married,Heterosexual,No,missing,English,majority,DevOps Engineer,7,Master's,Tier 1,0.4495778899488516,0.38388310630633127,Hernandez,Riley,2026-04-01,Indeed,No,0.4495778899488516,,0.37307110167358193
A00031,61,Male,Hispanic,USA,Christian,Married,Heterosexual,No,missing,Mandarin,minority,Product Manager,10,Bachelor's,missing,0.15839042666339076,0.33810754597924364,Ahmed,Alex,2026-04-01,Referral,No,0.15839042666339076,B2,0.13450276286169421
A00032,24,Female,White,USA,Jewish,Married,Heterosexual,No,Mobility,English,minority,UX Designer,15,Master's,Tier 2,0.19492757113102066,0.12653500902987058,Rodriguez,Casey,2026-04-01,Direct,No,0.19492757113102066,,0.1460016172281887
A00033,60,Female,White,Egypt,missing,Married,Heterosexual,No,missing,Spanish,majority,DevOps Engineer,6,High School,Tier 1,0.9629488774038482,0.5114961325860788,Nguyen,Alex,2026-04-01,Indeed,Yes,0.9629488774038482,,0.9225070154325682
A00034,29,Male,White,USA,Muslim,Married,Heterosexual,No,missing,English,majority,Product Manager,14,Bachelor's,Tier 2,0.10595024059466629,0.3027854288524494,Cohen,Riley,2026-04-01,Referral,No,0.10595024059466629,,0.1589951717639702
A00035,37,Female,Hispanic,USA,Christian,Single,Heterosexual,No,missing,English,majority,Product Manager,3,Master's,Tier 1,0.9310867457082669,0.35577542939667894,Nguyen,Morgan,2026-04-01,LinkedIn,No,0.9310867457082669,B2,0.8907100119416721
A00036,37,Female,Black,USA,Christian,Married,Heterosexual,No,missing,English,minority,UX Designer,19,Bachelor's,missing,0.8993626914333408,0.8066721212614409,Kim,Taylor,2026-04-01,Indeed,No,0.8993626914333408,B2,0.8977366061860648
A00037,42,Male,White,USA,Christian,Single,Heterosexual,No,missing,English,majority,DevOps Engineer,10,PhD,Tier 2,0.9945852132180714,0.6765652025022513,Diallo,Taylor,2026-04-01,LinkedIn,Yes,0.9945852132180714,,1.0388047065872301
A00038,36,Male,Hispanic,USA,Muslim,Married,Heterosexual,No,missing,English,majority,DevOps Engineer,2,Bachelor's,Tier 2,0.3054528310428185,0.89017662741804,Singh,Skyler,2026-04-01,Referral,No,0.3054528310428185,B2,0.2762728094056534
A00039,30,Non-binary,White,USA,Christian,Single,Heterosexual,No,missing,English,majority,Data Scientist,3,Bachelor's,Tier 2,0.992708455593538,0.039956694932529846,Garcia,Alex,2026-04-01,LinkedIn,Yes,0.992708455593538,,0.98712335811433
A00040,24,Female,White,USA,Christian,Married,Heterosexual,No,Cognitive/Neurodivergent,English,majority,DevOps Engineer,18,Master's,Tier 3,0.2991534591070282,0.45338889302918994,Ahmed,Morgan,2026-04-01,LinkedIn,No,0.2991534591070282,,0.3046766662695022
A00041,38,Female,Hispanic,China,Christian,Married,Heterosexual,No,missing,English,minority,ML Engineer,9,Bachelor's,Tier 2,0.47083398801933984,0.6638235245812012,Williams,Skyler,2026-04-01,Referral,No,0.47083398801933984,B2,0.47402307673209293
A00042,59,Male,White,USA,missing,Single,Heterosexual,No,Visual,English,majority,Marketing Manager,5,Bachelor's,Tier 1,0.40730516081141965,0.15551273439335822,Nguyen,Casey,2026-04-01,Referral,No,0.40730516081141965,,0.346052369490535
A00043,50,Female,Asian,China,Hindu,Married,Heterosexual,No,Visual,English,minority,ML Engineer,9,Bachelor's,Tier 2,0.9896653496835884,0.6369474370263137,Hernandez,Taylor,2026-04-01,LinkedIn,Yes,0.9896653496835884,,0.9934723612024389
A00044,60,Male,Asian,USA,Christian,Married,Heterosexual,No,Mobility,English,majority,Senior Software Engineer,8,High School,Tier 3,0.27915710617248823,0.9999223882650441,Garcia,Taylor,2026-04-01,Indeed,No,0.27915710617248823,,0.3470982772595651
A00045,27,Female,White,USA,Hindu,Single,Heterosexual,No,missing,Mandarin,majority,UX Designer,12,Bachelor's,Tier 3,0.24638179968666363,0.0640651336653888,Smith,Morgan,2026-04-01,Direct,No,0.24638179968666363,,0.1690245657802395
A00046,62,Male,White,USA,Muslim,Married,Heterosexual,No,missing,English,majority,Marketing Manager,1,Bachelor's,Tier 2,0.8127234987824179,0.7408386557105049,Cohen,Jordan,2026-04-01,Direct,Yes,0.8127234987824179,,0.8556926331834978
A00047,32,Female,Black,USA,Muslim,Married,Heterosexual,No,Visual,English,majority,Data Scientist,16,Associates,Tier 3,0.6943693654900225,0.44063793185641376,Chen,Alex,2026-04-01,LinkedIn,No,0.6943693654900225,B2,0.7003370667748515
A00048,61,Male,Asian,USA,missing,Single,LGBTQ+,No,missing,Vietnamese,majority,Software Engineer,21,Bachelor's,Tier 3,0.6491832712680468,0.423407727940467,Diallo,Jordan,2026-04-01,Indeed,No,0.6491832712680468,,0.6171097515626857
A00049,40,Male,Asian,USA,Christian,Single,Heterosexual,No,missing,English,majority,Software Engineer,5,Bachelor's,Tier 2,0.7122075914012271,0.3424478489571753,Garcia,Taylor,2026-04-01,LinkedIn,Yes,0.7122075914012271,,0.8122284187183483
A00050,36,Female,White,USA,Hindu,Single,Heterosexual,No,missing,Mandarin,majority,Data Scientist,17,Bachelor's,Tier 1,0.13560506019850915,0.46968706280323613,Singh,Taylor,2026-04-01,Direct,No,0.13560506019850915,,0.17371804580274475
A00051,28,Male,White,USA,Christian,Married,Heterosexual,Yes,Cognitive/Neurodivergent,English,majority,Senior Software Engineer,3,Bachelor's,Tier 2,0.5112797230588494,0.21470165387237528,Ahmed,Casey,2026-04-01,Direct,No,0.5112797230588494,,0.4513152779535882
A00052,20,Male,White,USA,Christian,Single,Heterosexual,No,missing,English,majority,UX Designer,9,Bachelor's,Tier 3,0.6041540634806942,0.8722784088515874,Hernandez,Sam,2026-04-01,Indeed,No,0.6041540634806942,,0.6078798749192674
A00053,56,Female,White,USA,Christian,Married,LGBTQ+,No,missing,English,majority,UX Designer,22,PhD,Tier 2,0.445135385266619,0.1426516020021349,Ahmed,Morgan,2026-04-01,Indeed,No,0.445135385266619,,0.4739698644501283
A00054,48,Female,White,China,missing,Single,Heterosexual,No,Hearing,English,majority,Product Manager,20,Bachelor's,Tier 2,0.6244106754879424,0.7641136366684265,Smith,Jordan,2026-04-01,LinkedIn,No,0.6244106754879424,,0.614971569220405
A00055,36,Female,White,USA,Jewish,Single,Heterosexual,No,Cognitive/Neurodivergent,English,majority,Business Analyst,23,Bachelor's,Tier 3,0.6751353486916484,0.29399689855804667,Rodriguez,Morgan,2026-04-01,Referral,No,0.6751353486916484,,0.7092808620514087
A00056,42,Male,Asian,USA,missing,Married,Heterosexual,No,missing,Farsi,majority,Marketing Manager,5,PhD,Tier 3,0.18734339722123428,0.15182945099505285,Ahmed,Riley,2026-04-01,Direct,No,0.18734339722123428,,0.1840175312137635
A00057,36,Non-binary,Black,USA,missing,Single,Heterosexual,No,missing,English,minority,DevOps Engineer,2,Bachelor's,Tier 3,0.8325958938984479,0.8871775946315907,Johnson,Riley,2026-04-01,Referral,No,0.8325958938984479,B2,0.8659582719401643
A00058,39,Male,White,USA,Christian,Single,Heterosexual,No,missing,English,majority,UX Designer,20,Bachelor's,Tier 2,0.4112499236187067,0.5712850439392391,Chen,Taylor,2026-04-01,Indeed,No,0.4112499236187067,,0.4831760532015143
A00059,27,Male,White,USA,Muslim,Single,Heterosexual,No,Cognitive/Neurodivergent,English,majority,ML Engineer,15,Bachelor's,Tier 2,0.5802738082920484,0.05345259737530039,Brown,Alex,2026-04-01,Referral,No,0.5802738082920484,,0.5464906957417658
A00060,35,Female,White,USA,Christian,Married,Heterosexual,No,missing,English,majority,DevOps Engineer,17,Master's,Tier 2,0.422091100546765,0.759675660706579,Johnson,Morgan,2026-04-01,LinkedIn,No,0.422091100546765,,0.4322480310662455
A00061,30,Female,White,USA,Christian,Married,Heterosexual,No,missing,Mandarin,majority,DevOps Engineer,18,Master's,Tier 3,0.5196878799375833,0.6107757830358094,Brown,Alex,2026-04-01,Referral,No,0.5196878799375833,,0.4965225011106625
A00062,46,Male,Native American,USA,missing,Single,Heterosexual,No,missing,English,majority,Product Manager,12,Bachelor's,Tier 2,0.636035185827505,0.5274535447871974,Khan,Morgan,2026-04-01,Direct,No,0.636035185827505,,0.6423986063887965
A00063,58,Female,White,USA,Muslim,Single,Prefer not to say,No,missing,Spanish,majority,Software Engineer,16,Bachelor's,Tier 3,0.33698948158310704,0.9414300551480235,Rodriguez,Casey,2026-04-01,Direct,No,0.33698948158310704,,0.27762975519060007
A00064,46,Male,White,USA,Christian,Single,Heterosexual,No,missing,English,majority,Data Scientist,8,High School,missing,0.9690392819236708,0.9514097751896028,Brown,Skyler,2026-04-01,Direct,Yes,0.9690392819236708,,0.9400742020985372
A00065,40,Non-binary,Middle Eastern,USA,Christian,Single,Heterosexual,No,missing,English,minority,Product Manager,20,Bachelor's,Tier 3,0.5724668256158479,0.895502022600664,Cohen,Alex,2026-04-01,Referral,No,0.5724668256158479,,0.5626570269756231
A00066,30,Male,Black,USA,Christian,Single,Heterosexual,No,missing,English,majority,Sales Representative,12,High School,Tier 2,0.14045855945522823,0.26193418966991167,Brown,Taylor,2026-04-01,Referral,No,0.14045855945522823,B2,0.1853967530602486
A00067,59,Male,Middle Eastern,USA,Christian,Married,Heterosexual,No,missing,Mandarin,minority,Sales Representative,5,Bachelor's,missing,0.7143107671062493,0.3874164623603925,Okafor,Casey,2026-04-01,Indeed,Yes,0.7143107671062493,,0.7715718674789559
A00068,38,Female,White,USA,missing,Single,Heterosexual,No,missing,English,majority,DevOps Engineer,3,Master's,Tier 1,0.9056619522098035,0.7848725710613255,Cohen,Alex,2026-04-01,Direct,Yes,0.9056619522098035,,0.8394855625855907
A00069,32,Female,White,USA,Christian,Married,Heterosexual,No,missing,English,majority,Product Manager,22,Master's,Tier 2,0.08806622058894653,0.711385430964473,Singh,Jordan,2026-04-01,Indeed,No,0.08806622058894653,,0.048334102289594054
A00070,40,Male,Middle Eastern,USA,Christian,Married,Heterosexual,No,missing,English,majority,DevOps Engineer,6,Master's,Tier 2,0.06495436903264629,0.33122722315939723,Brown,Jordan,2026-04-01,Direct,No,0.06495436903264629,,0.09729954016131738
A00071,31,Male,Hispanic,USA,Hindu,Married,Heterosexual,No,missing,English,majority,DevOps Engineer,9,Bachelor's,Tier 1,0.19962553214238976,0.30722259764935345,Williams,Taylor,2026-04-01,LinkedIn,No,0.19962553214238976,B2,0.10000454293366504
A00072,33,Female,Hispanic,USA,missing,Married,Heterosexual,No,missing,Mandarin,minority,Marketing Manager,5,Bachelor's,Tier 2,0.21118159609641352,0.9994320924120169,Diallo,Alex,2026-04-01,LinkedIn,No,0.21118159609641352,B2,0.18802310284879517
A00073,36,Male,White,Vietnam,Christian,Single,Heterosexual,No,missing,English,majority,Software Engineer,8,Associates,Tier 2,0.8859927664970846,0.7081397950844008,Rodriguez,Morgan,2026-04-01,Indeed,Yes,0.8859927664970846,,0.8811284202135802
A00074,45,Male,White,USA,Muslim,Married,Heterosexual,No,Visual,English,majority,Senior Software Engineer,9,Master's,Tier 3,0.4039702892709153,0.8611632961246508,Smith,Alex,2026-04-01,Indeed,No,0.4039702892709153,,0.46682103813525627
A00075,62,Male,Hispanic,USA,Christian,Divorced,Heterosexual,No,Mobility,English,majority,UX Designer,6,Bachelor's,Tier 3,0.7368398235842789,0.02583918460922574,Chen,Jordan,2026-04-01,Referral,Yes,0.7368398235842789,B2,0.7713100186128167
A00076,31,Male,White,USA,Christian,Divorced,Heterosexual,No,missing,English,majority,DevOps Engineer,18,Associates,Tier 2,0.6028206998059845,0.5095543240858805,Smith,Riley,2026-04-01,LinkedIn,No,0.6028206998059845,,0.5864600287948746
A00077,45,Male,White,USA,missing,Married,Prefer not to say,No,missing,English,majority,ML Engineer,22,Bachelor's,Tier 3,0.5867042018614422,0.06523910646276976,Garcia,Sam,2026-04-01,Indeed,No,0.5867042018614422,,0.5682754071564443
A00078,61,Male,Black,USA,missing,Single,Heterosexual,Yes,Hearing,Spanish,majority,Data Scientist,0,Bachelor's,Tier 3,0.7444855088412239,0.20320148396882298,Singh,Casey,2026-04-01,Direct,No,0.7444855088412239,B2,0.7319757388153276
A00079,54,Male,Asian,USA,Christian,Single,Heterosexual,No,missing,English,majority,Software Engineer,10,Bachelor's,Tier 3,0.8601344605971186,0.45455458088627276,Ahmed,Casey,2026-04-01,Referral,Yes,0.8601344605971186,,0.9363109306199267
A00080,45,Male,White,USA,missing,Married,LGBTQ+,No,missing,Vietnamese,majority,ML Engineer,23,PhD,Tier 2,0.4581010061622597,0.8119058282643212,Smith,Jordan,2026-04-01,Referral,No,0.4581010061622597,,0.4366997590336163
A00081,39,Male,White,India,Muslim,Single,LGBTQ+,No,missing,English,majority,Business Analyst,7,Bachelor's,Tier 3,0.2759006987684045,0.7028108095484064,Okafor,Sam,2026-04-01,LinkedIn,No,0.2759006987684045,,0.260716679350168
A00082,45,Female,Asian,USA,Christian,Single,Heterosexual,No,missing,English,majority,ML Engineer,2,Bachelor's,Tier 1,0.7078850040304885,0.7004317608282058,Cohen,Riley,2026-04-01,Direct,Yes,0.7078850040304885,,0.7255144573947517
A00083,33,Female,Middle Eastern,USA,Christian,Single,Heterosexual,Yes,missing,English,majority,DevOps Engineer,5,Associates,Tier 2,0.4043903633258611,0.3731584123149777,Okafor,Riley,2026-04-01,LinkedIn,No,0.4043903633258611,,0.3983518410715383
A00084,54,Female,White,USA,Christian,Married,Heterosexual,No,missing,English,majority,Data Scientist,9,Bachelor's,Tier 1,0.2839485278689281,0.23567768861564886,Williams,Jordan,2026-04-01,LinkedIn,No,0.2839485278689281,,0.27408431647064196
A00085,61,Male,White,USA,Christian,Single,Heterosexual,No,missing,English,majority,Marketing Manager,13,Bachelor's,Tier 2,0.6889456064101891,0.10465915419896465,Ahmed,Taylor,2026-04-01,LinkedIn,No,0.6889456064101891,,0.6332422492526363
A00086,60,Female,Black,Mexico,missing,Married,Heterosexual,No,Cognitive/Neurodivergent,English,majority,Business Analyst,24,High School,Tier 3,0.729620048684144,0.40256594337167284,Nguyen,Skyler,2026-04-01,LinkedIn,No,0.729620048684144,B2,0.7290439752822165
A00087,38,Female,White,USA,Hindu,Single,Heterosexual,No,missing,English,majority,Senior Software Engineer,3,Bachelor's,Tier 1,0.34790687923720887,0.9327001020822395,Diallo,Taylor,2026-04-01,LinkedIn,No,0.34790687923720887,,0.3257278180884879
A00088,33,Male,White,China,missing,missing,Heterosexual,No,missing,Spanish,majority,DevOps Engineer,23,Master's,Tier 1,0.8594169779051406,0.7318839053352049,Johnson,Skyler,2026-04-01,Referral,Yes,0.8594169779051406,,0.9177233667146517
A00089,37,Male,Middle Eastern,Iran,missing,Divorced,Heterosexual,No,missing,English,majority,Software Engineer,19,Bachelor's,Tier 3,0.6716557910934319,0.36151989634359705,Kim,Skyler,2026-04-01,Indeed,No,0.6716557910934319,,0.7043102162284901
A00090,27,Male,Asian,USA,missing,Married,Heterosexual,No,missing,Spanish,majority,Data Scientist,7,Associates,Tier 2,0.988760216437478,0.04579105807475681,Nguyen,Taylor,2026-04-01,Indeed,Yes,0.988760216437478,,0.9875530357869814
A00091,24,Female,Asian,USA,Jewish,Single,Heterosexual,No,missing,English,majority,Product Manager,1,Master's,missing,0.19060346496021086,0.5848346404318737,Cohen,Morgan,2026-04-01,LinkedIn,No,0.19060346496021086,,0.22402251612357804
A00092,51,Male,White,USA,Christian,Married,Heterosexual,No,missing,English,majority,Senior Software Engineer,23,Master's,Tier 3,0.3740765765408024,0.421199767989194,Patel,Morgan,2026-04-01,Direct,No,0.3740765765408024,,0.35708309895514495
A00093,52,Male,Hispanic,Vietnam,Christian,Divorced,Heterosexual,No,missing,English,majority,ML Engineer,21,Bachelor's,Tier 2,0.13538958374014443,0.43614145361861034,Singh,Morgan,2026-04-01,Direct,No,0.13538958374014443,B2,0.18799590166149177
A00094,52,Male,Asian,USA,Christian,Single,LGBTQ+,No,missing,Spanish,majority,Senior Software Engineer,16,Master's,Tier 2,0.09093265146632512,0.26590970499649613,Rodriguez,Taylor,2026-04-01,Indeed,No,0.09093265146632512,,0.09066267343274378
A00095,26,Female,Hispanic,USA,Christian,Married,Heterosexual,No,missing,English,majority,DevOps Engineer,22,Bachelor's,Tier 1,0.34328325676655913,0.6344563810387582,Johnson,Skyler,2026-04-01,Direct,No,0.34328325676655913,B2,0.37245237447557983
A00096,46,Male,Asian,Mexico,Muslim,Single,Heterosexual,No,Mobility,Mandarin,majority,DevOps Engineer,14,Bachelor's,Tier 1,0.8410947841590842,0.22066961076977443,Diallo,Sam,2026-04-01,Indeed,Yes,0.8410947841590842,,0.7765501218929098
A00097,27,Female,Black,USA,missing,Single,Heterosexual,No,missing,English,minority,UX Designer,13,Bachelor's,Tier 2,0.5143049113566345,0.06955416522251512,Okafor,Taylor,2026-04-01,Direct,No,0.5143049113566345,B2,0.531638913800556
A00098,28,Non-binary,White,USA,Christian,Single,Heterosexual,No,missing,English,majority,ML Engineer,5,Bachelor's,Tier 1,0.36045124464928024,0.33700985488301927,Cohen,Taylor,2026-04-01,Referral,No,0.36045124464928024,,0.27604103878095315
A00099,42,Female,White,USA,missing,Single,Heterosexual,No,missing,English,majority,Business Analyst,23,Bachelor's,Tier 3,0.3901781229313982,0.894453915760462,Lee,Taylor,2026-04-01,Direct,No,0.3901781229313982,,0.28841167568440157
A00100,41,Male,White,USA,Christian,Single,Heterosexual,No,missing,English,majority,Sales Representative,13,Master's,Tier 1,0.7588155679937173,0.04524879724174802,Ahmed,Morgan,2026-04-01,Direct,Yes,0.7588155679937173,,0.7435917241081454
A00101,58,Female,Native American,USA,missing,missing,Heterosexual,No,missing,Spanish,majority,Data Scientist,21,Associates,Tier 2,0.868313679380645,0.7304509203860459,Rodriguez,Jordan,2026-04-01,Indeed,Yes,0.868313679380645,,0.8233172990007152
A00102,29,Male,White,USA,Christian,Married,Heterosexual,No,missing,English,majority,Software Engineer,3,Bachelor's,Tier 3,0.6966762265928723,0.07474235934187934,Chen,Casey,2026-04-01,Direct,Yes,0.6966762265928723,,0.7048788663784834
A00103,58,Male,Asian,USA,Christian,Married,Heterosexual,No,missing,Farsi,majority,Sales Representative,14,Bachelor's,Tier 2,0.1034729510048834,0.9573770674436458,Rodriguez,Alex,2026-04-01,LinkedIn,No,0.1034729510048834,,0.2157107823291859
A00104,51,Female,Black,USA,Christian,Single,Heterosexual,No,missing,English,majority,Marketing Manager,23,Master's,Tier 2,0.8161934153420088,0.6365055010533073,Smith,Alex,2026-04-01,Direct,Yes,0.8161934153420088,B2,0.7746072562714048
A00105,29,Female,White,USA,Christian,Single,Heterosexual,No,Visual,English,majority,Senior Software Engineer,13,Bachelor's,Tier 1,0.9033640848968726,0.8152933911659428,Smith,Morgan,2026-04-01,Referral,Yes,0.9033640848968726,,0.8721669055746772
A00106,24,Female,Asian,USA,Christian,Married,Heterosexual,No,missing,English,majority,Software Engineer,11,Bachelor's,Tier 1,0.8447142697168143,0.17793189751127025,Brown,Taylor,2026-04-01,Referral,Yes,0.8447142697168143,,0.8549844670200493
A00107,42,Non-binary,Hispanic,USA,Christian,Single,Heterosexual,No,Hearing,English,majority,Product Manager,5,Master's,Tier 3,0.052133806545322514,0.06660771218223294,Cohen,Morgan,2026-04-01,LinkedIn,No,0.052133806545322514,B2,0.07678447111594033
A00108,20,Female,White,USA,Christian,Single,LGBTQ+,Yes,missing,Mandarin,minority,UX Designer,2,Master's,Tier 1,0.8836088882296398,0.9334119190672706,Chen,Jordan,2026-04-01,Indeed,Yes,0.8836088882296398,,0.8747885849343519
A00109,23,Female,White,USA,Christian,Single,Heterosexual,No,missing,English,majority,Sales Representative,9,Master's,Tier 3,0.37366628283034087,0.2737543825085095,Chen,Skyler,2026-04-01,LinkedIn,No,0.37366628283034087,,0.36336976631768003
A00110,27,Non-binary,Black,USA,Christian,Divorced,Heterosexual,No,missing,English,minority,ML Engineer,14,Master's,Tier 2,0.11591365510049478,0.6218792045080517,Hernandez,Taylor,2026-04-01,Direct,No,0.11591365510049478,B2,0.151036802856522
A00111,37,Female,White,USA,Christian,Married,Heterosexual,No,Mobility,English,majority,Sales Representative,19,Bachelor's,Tier 3,0.6128540007946185,0.1778206524996404,Diallo,Morgan,2026-04-01,LinkedIn,No,0.6128540007946185,,0.6388493826463134
A00112,32,Male,White,USA,Christian,Single,Heterosexual,No,missing,English,majority,ML Engineer,20,PhD,missing,0.8917175383787423,0.5335712680528759,Patel,Skyler,2026-04-01,LinkedIn,Yes,0.8917175383787423,,0.8400337467750579
A00113,55,Male,White,USA,Christian,Divorced,LGBTQ+,No,Hearing,English,majority,Marketing Manager,11,Associates,Tier 2,0.46049444417308416,0.2539437161659337,Smith,Jordan,2026-04-01,Referral,No,0.46049444417308416,,0.45653537824229207
A00114,55,Female,White,USA,Muslim,Married,Heterosexual,Yes,missing,English,minority,ML Engineer,14,Master's,Tier 2,0.7798682305861936,0.4785400782106155,Brown,Morgan,2026-04-01,Indeed,Yes,0.7798682305861936,,0.7816325730192673
A00115,24,Male,White,India,Christian,Married,Heterosexual,No,missing,English,minority,Software Engineer,6,Bachelor's,Tier 1,0.047288361729307615,0.32636518700762696,Khan,Alex,2026-04-01,Direct,No,0.047288361729307615,,-0.005435869373147911
A00116,33,Male,White,USA,Christian,Single,Heterosexual,No,missing,Spanish,majority,Business Analyst,24,Bachelor's,Tier 2,0.12628242045194682,0.0667900055996633,Patel,Jordan,2026-04-01,Direct,No,0.12628242045194682,,0.139274375485665
A00117,60,Male,Black,USA,missing,Married,Heterosexual,No,missing,English,minority,Marketing Manager,4,Master's,Tier 3,0.42055689507219907,0.2904621397709085,Garcia,Riley,2026-04-01,LinkedIn,No,0.42055689507219907,B2,0.3776590712133719
A00118,32,Male,Black,USA,Christian,Single,Heterosexual,No,missing,Farsi,majority,Sales Representative,11,Master's,Tier 2,0.6798569659966786,0.2549032190803262,Williams,Morgan,2026-04-01,LinkedIn,No,0.6798569659966786,B2,0.7284603013925307
A00119,44,Female,White,USA,Christian,Married,Heterosexual,No,Visual,English,majority,ML Engineer,12,Bachelor's,Tier 2,0.04108475040529436,0.13260256828570471,Chen,Casey,2026-04-01,Direct,No,0.04108475040529436,,0.050722046035547974
A00120,25,Female,White,USA,Christian,Single,Heterosexual,No,Visual,English,minority,Senior Software Engineer,16,Bachelor's,Tier 1,0.06622519447911013,0.5106551867154377,Singh,Riley,2026-04-01,Referral,No,0.06622519447911013,,0.07069051876756265
A00121,30,Female,Hispanic,USA,Muslim,Single,Heterosexual,No,missing,English,majority,Business Analyst,2,Bachelor's,Tier 1,0.5572951325795827,0.29028153481992136,Williams,Morgan,2026-04-01,LinkedIn,No,0.5572951325795827,B2,0.5277437149367691
A00122,56,Female,White,USA,Hindu,Single,Heterosexual,No,Hearing,English,majority,Marketing Manager,22,Bachelor's,Tier 2,0.8582737829131463,0.689988656471921,Smith,Jordan,2026-04-01,Direct,Yes,0.8582737829131463,,0.8523432917192616
A00123,36,Female,Black,India,Christian,Single,Heterosexual,No,missing,English,majority,Senior Software Engineer,3,Associates,Tier 2,0.31365307611906434,0.45091054861216906,Lee,Morgan,2026-04-01,Referral,No,0.31365307611906434,B2,0.2137657614737116
A00124,27,Female,White,Mexico,Christian,Single,Heterosexual,No,Hearing,English,majority,Product Manager,6,Bachelor's,Tier 2,0.7271083162599901,0.42495222311726566,Nguyen,Riley,2026-04-01,Indeed,Yes,0.7271083162599901,,0.6705379427338372
A00125,43,Male,Hispanic,USA,Hindu,Single,Heterosexual,No,missing,English,minority,Sales Representative,1,Master's,Tier 2,0.03630521458309788,0.005837551967613264,Khan,Skyler,2026-04-01,Referral,No,0.03630521458309788,B2,0.0544472045425356
A00126,21,Male,White,USA,missing,Single,Heterosexual,No,missing,English,majority,Data Scientist,10,PhD,missing,0.8902693289280486,0.11244508931941755,Hernandez,Riley,2026-04-01,Referral,Yes,0.8902693289280486,,0.7838409768369413
A00127,53,Male,Black,USA,Christian,Single,Heterosexual,No,missing,Spanish,majority,Data Scientist,21,Master's,missing,0.9226189256550159,0.046834042624315564,Hernandez,Casey,2026-04-01,Direct,Yes,0.9226189256550159,B2,0.964949351729074
A00128,56,Male,Asian,Mexico,Muslim,Married,Heterosexual,No,Hearing,English,minority,Software Engineer,1,Master's,Tier 2,0.679403613380536,0.5968790053211313,Lee,Riley,2026-04-01,Direct,No,0.679403613380536,,0.5920987896118406
A00129,35,Male,Hispanic,USA,missing,Single,LGBTQ+,No,missing,English,majority,Marketing Manager,14,Bachelor's,Tier 3,0.5057224446126922,0.2215369915591997,Patel,Taylor,2026-04-01,Referral,No,0.5057224446126922,B2,0.5435593697459056
A00130,60,Female,White,USA,missing,Single,LGBTQ+,No,Mobility,English,minority,Product Manager,6,Associates,Tier 3,0.7048108938150532,0.412784725979363,Chen,Morgan,2026-04-01,Indeed,Yes,0.7048108938150532,,0.6625360421710871
A00131,55,Female,White,USA,Christian,Married,Heterosexual,No,missing,English,majority,Business Analyst,20,Bachelor's,Tier 3,0.4584082009292484,0.06566927743056983,Johnson,Jordan,2026-04-01,LinkedIn,No,0.4584082009292484,,0.4973577551463715
A00132,38,Male,White,USA,Christian,Single,Heterosexual,No,Hearing,English,majority,Marketing Manager,20,Master's,missing,0.191027519683461,0.6227286133456389,Brown,Skyler,2026-04-01,Indeed,No,0.191027519683461,,0.19757508006270097
A00133,45,Female,White,Egypt,Christian,Divorced,Heterosexual,Yes,Hearing,English,minority,Marketing Manager,7,Master's,Tier 3,0.5942423162864221,0.6566127102768206,Diallo,Riley,2026-04-01,Direct,No,0.5942423162864221,,0.5174005692718476
A00134,38,Male,Hispanic,Iran,Christian,Single,Heterosexual,No,missing,English,minority,Software Engineer,5,Bachelor's,Tier 1,0.9339247627938186,0.6326570081745652,Chen,Alex,2026-04-01,LinkedIn,No,0.9339247627938186,B2,0.9963822002717414
A00135,61,Female,White,USA,Christian,Single,Heterosexual,No,missing,English,minority,Senior Software Engineer,20,Associates,Tier 1,0.37674447390889854,0.4295713119990423,Smith,Taylor,2026-04-01,LinkedIn,No,0.37674447390889854,,0.4488298316850291
A00136,38,Female,White,USA,missing,Single,Heterosexual,No,missing,English,majority,Business Analyst,16,Bachelor's,Tier 3,0.963693532495641,0.6186099835079119,Garcia,Morgan,2026-04-01,Indeed,Yes,0.963693532495641,,0.9604032871956307
A00137,24,Female,White,USA,Hindu,Married,Heterosexual,No,Hearing,Spanish,majority,Business Analyst,17,Bachelor's,Tier 2,0.3113285288690617,0.7429190141958237,Singh,Taylor,2026-04-01,Indeed,No,0.3113285288690617,,0.2976327152604457
A00138,26,Male,Hispanic,USA,missing,Married,Heterosexual,No,missing,English,minority,DevOps Engineer,17,Bachelor's,Tier 1,0.15720178952365305,0.2522562369156105,Ahmed,Alex,2026-04-01,LinkedIn,No,0.15720178952365305,B2,0.14920844122512122
A00139,43,Male,White,India,Christian,Single,Heterosexual,No,missing,English,majority,Marketing Manager,4,Bachelor's,Tier 2,0.6382303858881597,0.7292321767344536,Diallo,Casey,2026-04-01,Direct,No,0.6382303858881597,,0.5894727697492224
A00140,48,Male,Black,USA,missing,missing,Heterosexual,No,missing,English,majority,Marketing Manager,13,Master's,Tier 3,0.7537345654246628,0.4243091714731628,Diallo,Riley,2026-04-01,Indeed,Yes,0.7537345654246628,B2,0.8086639034125087
A00141,57,Male,White,Mexico,missing,Divorced,Heterosexual,No,missing,English,majority,Product Manager,4,Master's,Tier 2,0.11825692371679108,0.40703187101208016,Lee,Morgan,2026-04-01,Direct,No,0.11825692371679108,,0.09111232713028175
A00142,42,Male,Hispanic,USA,Muslim,Single,Heterosexual,No,missing,English,minority,Marketing Manager,15,Associates,missing,0.11522995172212391,0.486536534861822,Hernandez,Skyler,2026-04-01,Indeed,No,0.11522995172212391,B2,0.11267043108754009
A00143,28,Male,White,USA,Christian,Divorced,LGBTQ+,No,Mobility,English,majority,Product Manager,3,Bachelor's,Tier 2,0.4734986628536004,0.4307211215277509,Diallo,Taylor,2026-04-01,LinkedIn,No,0.4734986628536004,,0.43383384269344827
A00144,43,Non-binary,Hispanic,USA,Christian,Married,Heterosexual,No,missing,English,majority,Product Manager,11,Bachelor's,Tier 3,0.3267173843932075,0.9818473654377317,Singh,Morgan,2026-04-01,LinkedIn,No,0.3267173843932075,B2,0.2954137294071977
A00145,25,Female,White,USA,missing,Married,Heterosexual,No,missing,English,minority,Senior Software Engineer,23,Bachelor's,Tier 2,0.2250638250584942,0.9834756718529428,Rodriguez,Taylor,2026-04-01,Referral,No,0.2250638250584942,,0.16117756747593567
A00146,36,Male,White,USA,Christian,Single,Heterosexual,Yes,missing,Spanish,majority,Product Manager,11,Master's,Tier 3,0.06744812368014352,0.7473519328274413,Brown,Morgan,2026-04-01,Referral,No,0.06744812368014352,,0.13030158936586317
A00147,35,Male,Black,USA,Christian,Single,Heterosexual,No,missing,Hindi,minority,Sales Representative,6,High School,Tier 1,0.8364791629211868,0.4662109105642731,Lee,Jordan,2026-04-01,Direct,Yes,0.8364791629211868,B2,0.8287747842608861
A00148,56,Female,White,USA,Christian,Single,Prefer not to say,No,missing,English,majority,Business Analyst,20,Bachelor's,Tier 2,0.10595147296785634,0.6624415525965002,Lee,Casey,2026-04-01,Direct,No,0.10595147296785634,,0.15424755390429679
A00149,38,Male,White,USA,Christian,Married,Heterosexual,No,missing,English,majority,Marketing Manager,23,Bachelor's,missing,0.023782680629371944,0.9519147005989095,Johnson,Riley,2026-04-01,Referral,No,0.023782680629371944,,0.024448910475034932
A00150,40,Female,Hispanic,Mexico,Hindu,Single,Heterosexual,No,missing,Spanish,minority,DevOps Engineer,7,Master's,Tier 1,0.647733700056818,0.6285754019094534,Diallo,Sam,2026-04-01,Referral,No,0.647733700056818,B2,0.6130135236716733
A00151,52,Male,Hispanic,USA,Christian,Single,Heterosexual,No,missing,English,minority,Product Manager,22,High School,Tier 1,0.23462648100605876,0.5641850351070815,Williams,Jordan,2026-04-01,Direct,No,0.23462648100605876,B2,0.21829221800594614
A00152,37,Male,Hispanic,USA,Christian,Single,Heterosexual,No,Visual,Hindi,majority,Business Analyst,20,High School,Tier 1,0.4652838766729305,0.4905911308815495,Khan,Skyler,2026-04-01,Direct,No,0.4652838766729305,B2,0.4372723241477855
A00153,47,Male,White,USA,Christian,Married,Heterosexual,No,missing,English,majority,Marketing Manager,20,Bachelor's,Tier 3,0.6181224596207845,0.5734930608832067,Singh,Casey,2026-04-01,Indeed,No,0.6181224596207845,,0.6185204145800302
A00154,50,Female,Asian,USA,Christian,Divorced,Heterosexual,No,missing,English,majority,Senior Software Engineer,13,Master's,Tier 1,0.6556807569481381,0.5060295105330561,Kim,Alex,2026-04-01,Referral,No,0.6556807569481381,,0.6369174149642903
A00155,26,Female,White,USA,Muslim,Single,Heterosexual,No,missing,English,minority,UX Designer,11,Master's,Tier 2,0.08582259121460112,0.30079357655984174,Johnson,Taylor,2026-04-01,Indeed,No,0.08582259121460112,,0.0708265054175112
A00156,45,Female,Middle Eastern,USA,missing,Single,Heterosexual,No,missing,English,minority,UX Designer,11,Bachelor's,Tier 2,0.08228634030496729,0.11563017559900324,Kim,Sam,2026-04-01,Referral,No,0.08228634030496729,,0.013357606098171604
A00157,29,Female,Black,USA,missing,Single,Heterosexual,No,missing,English,majority,Software Engineer,13,Bachelor's,Tier 2,0.7850888923678765,0.14188811157417125,Wang,Casey,2026-04-01,Direct,No,0.7850888923678765,B2,0.7447465959868205
A00158,57,Male,Hispanic,USA,Christian,Married,Heterosexual,No,missing,English,minority,Business Analyst,5,Bachelor's,Tier 3,0.5390291298114636,0.5051735973897369,Brown,Casey,2026-04-01,Direct,No,0.5390291298114636,B2,0.621732007251485
A00159,23,Male,Asian,USA,Christian,Divorced,Heterosexual,No,Visual,English,majority,ML Engineer,10,Bachelor's,Tier 2,0.5303108073179172,0.4603837414169021,Diallo,Casey,2026-04-01,LinkedIn,No,0.5303108073179172,,0.49674914650533136
A00160,33,Female,White,USA,missing,Single,Heterosexual,No,Mobility,English,minority,Marketing Manager,4,Associates,Tier 2,0.5681314799127718,0.8044188395061177,Smith,Sam,2026-04-01,Referral,No,0.5681314799127718,,0.5154267905315971
A00161,55,Male,White,USA,missing,Divorced,LGBTQ+,No,missing,English,majority,Sales Representative,18,Master's,Tier 1,0.7845945232853208,0.35749223143922726,Chen,Skyler,2026-04-01,LinkedIn,Yes,0.7845945232853208,,0.8014608399140724
A00162,62,Female,Black,USA,Christian,Married,Heterosexual,No,missing,English,majority,Marketing Manager,13,Master's,Tier 3,0.8832403919483013,0.6626089003780266,Patel,Sam,2026-04-01,LinkedIn,Yes,0.8832403919483013,B2,0.9536040019261279
A00163,47,Female,Asian,USA,Christian,Single,Heterosexual,No,missing,Mandarin,majority,Business Analyst,24,PhD,Tier 1,0.00426736919042825,0.3820136688424569,Chen,Alex,2026-04-01,LinkedIn,No,0.00426736919042825,,-0.06843384593363215
A00164,54,Female,White,USA,Christian,Single,Heterosexual,No,missing,English,majority,Sales Representative,8,Bachelor's,Tier 2,0.055796990382472766,0.5030915737606242,Nguyen,Jordan,2026-04-01,Indeed,No,0.055796990382472766,,0.04537089796990923
A00165,20,Male,White,USA,missing,Single,Heterosexual,No,missing,English,majority,DevOps Engineer,15,Master's,Tier 2,0.19074914991284853,0.9604864782019102,Johnson,Morgan,2026-04-01,Indeed,No,0.19074914991284853,,0.15914652221610315
A00166,55,Female,White,USA,Christian,Single,Heterosexual,No,Cognitive/Neurodivergent,English,minority,Product Manager,23,Bachelor's,missing,0.25123301696321965,0.5230794105789949,Johnson,Alex,2026-04-01,Indeed,No,0.25123301696321965,,0.16318204324684948
A00167,46,Male,White,USA,Muslim,Single,Heterosexual,No,Cognitive/Neurodivergent,English,minority,Sales Representative,6,Master's,missing,0.11264609741406617,0.5996879191295299,Lee,Skyler,2026-04-01,Referral,No,0.11264609741406617,,0.14939243287698575
A00168,44,Female,Middle Eastern,USA,Muslim,Single,Heterosexual,No,missing,English,majority,UX Designer,10,Bachelor's,Tier 2,0.8834972606637032,0.46391695783494546,Lee,Taylor,2026-04-01,Indeed,Yes,0.8834972606637032,,0.882325064735961
A00169,22,Male,Hispanic,India,Christian,Married,Heterosexual,Yes,missing,Spanish,majority,Senior Software Engineer,12,Bachelor's,Tier 3,0.35772327228207557,0.588518636270853,Rodriguez,Taylor,2026-04-01,LinkedIn,No,0.35772327228207557,B2,0.36129536449670585
A00170,32,Female,Black,USA,Buddhist,missing,Heterosexual,No,Cognitive/Neurodivergent,English,majority,Marketing Manager,1,Associates,Tier 2,0.3509012174060131,0.39192827410028563,Patel,Sam,2026-04-01,Referral,No,0.3509012174060131,B2,0.31328564378373364
A00171,41,Male,White,USA,missing,Single,Heterosexual,No,Visual,English,minority,Product Manager,20,Master's,Tier 2,0.8642881998987719,0.28118287914734996,Garcia,Riley,2026-04-01,LinkedIn,Yes,0.8642881998987719,,0.8870274080486178
A00172,48,Male,Hispanic,USA,Christian,Single,Heterosexual,No,Cognitive/Neurodivergent,English,majority,DevOps Engineer,9,Master's,Tier 2,0.7760343294459424,0.3480470502362857,Garcia,Riley,2026-04-01,Direct,Yes,0.7760343294459424,B2,0.7490694619715763
A00173,34,Male,White,USA,Muslim,Single,Heterosexual,Yes,Visual,English,majority,ML Engineer,18,Bachelor's,Tier 2,0.30602453528754925,0.19902718127140595,Chen,Riley,2026-04-01,Indeed,No,0.30602453528754925,,0.2988793748627112
A00174,42,Male,Black,China,missing,Single,Heterosexual,No,missing,English,majority,Product Manager,9,Bachelor's,Tier 2,0.05171609717904202,0.9437308402596075,Chen,Alex,2026-04-01,Indeed,No,0.05171609717904202,B2,-0.0036969424300336354
A00175,24,Male,White,China,Christian,Married,LGBTQ+,No,missing,English,majority,UX Designer,2,Bachelor's,Tier 3,0.5775591978072703,0.03362161587185164,Hernandez,Jordan,2026-04-01,LinkedIn,No,0.5775591978072703,,0.5167540597968605
A00176,22,Female,White,USA,missing,Single,Heterosexual,No,missing,English,majority,ML Engineer,21,Master's,Tier 3,0.8838204865785436,0.2421849537862698,Johnson,Jordan,2026-04-01,Referral,Yes,0.8838204865785436,,0.9505970793435448
A00177,62,Female,White,Iran,Muslim,Single,Heterosexual,No,missing,English,majority,UX Designer,6,High School,Tier 2,0.09514794032660334,0.2104571950774612,Rodriguez,Sam,2026-04-01,Referral,No,0.09514794032660334,,0.06979270509967958
A00178,57,Male,Native American,USA,Christian,Single,Heterosexual,No,missing,English,minority,Software Engineer,14,Bachelor's,Tier 2,0.05207577065152724,0.8137201364923232,Patel,Riley,2026-04-01,Direct,No,0.05207577065152724,,0.06665978846931733
A00179,21,Female,Hispanic,USA,Muslim,Married,Heterosexual,No,missing,Hindi,majority,ML Engineer,11,Bachelor's,Tier 3,0.7283052524491586,0.21477547003241604,Diallo,Jordan,2026-04-01,Indeed,No,0.7283052524491586,B2,0.7266157307107899
A00180,61,Male,White,USA,Christian,Single,Heterosexual,No,missing,Spanish,minority,Marketing Manager,4,Associates,Tier 3,0.9832930596063042,0.06340638377028984,Johnson,Skyler,2026-04-01,Direct,Yes,0.9832930596063042,,0.961235799468195
A00181,21,Female,White,USA,Christian,Single,Heterosexual,No,Cognitive/Neurodivergent,English,majority,Software Engineer,22,Bachelor's,Tier 2,0.6923992542402028,0.6154261254063482,Williams,Riley,2026-04-01,Referral,No,0.6923992542402028,,0.6670012057233418
A00182,44,Male,Asian,USA,Christian,Married,Heterosexual,No,missing,English,majority,Marketing Manager,10,Bachelor's,missing,0.7048225505050104,0.9438717069462541,Johnson,Skyler,2026-04-01,Indeed,Yes,0.7048225505050104,,0.7363266800772897
A00183,44,Female,White,USA,Christian,Married,Heterosexual,No,Cognitive/Neurodivergent,English,minority,Product Manager,0,Bachelor's,Tier 2,0.20949548489844982,0.5442033724150733,Hernandez,Alex,2026-04-01,Indeed,No,0.20949548489844982,,0.19440210467175434
A00184,21,Female,White,USA,missing,missing,Heterosexual,No,missing,English,minority,Marketing Manager,3,Bachelor's,Tier 2,0.9779414334407494,0.8122776270671512,Nguyen,Riley,2026-04-01,Referral,Yes,0.9779414334407494,,0.9703692510321847
A00185,47,Female,Middle Eastern,USA,Christian,Married,Heterosexual,No,missing,Mandarin,majority,ML Engineer,23,Master's,Tier 1,0.8113236381976633,0.4235356392516967,Kim,Sam,2026-04-01,Referral,Yes,0.8113236381976633,,0.8124347160573873
A00186,60,Male,White,USA,Christian,Single,Heterosexual,No,missing,Mandarin,majority,Sales Representative,17,Bachelor's,Tier 2,0.4386340265460862,0.03362393745168901,Patel,Alex,2026-04-01,Referral,No,0.4386340265460862,,0.49745944255868624
A00187,47,Female,White,USA,missing,Single,Heterosexual,No,missing,English,majority,Data Scientist,24,Bachelor's,Tier 2,0.8603934122001228,0.44537495816968553,Patel,Alex,2026-04-01,LinkedIn,Yes,0.8603934122001228,,0.8944189609317796
A00188,60,Male,White,China,Christian,Married,Prefer not to say,No,missing,English,minority,Software Engineer,0,Bachelor's,Tier 2,0.4090118894575424,0.47632582318257877,Garcia,Jordan,2026-04-01,Referral,No,0.4090118894575424,,0.42814190284394205
A00189,31,Female,Hispanic,USA,Christian,Single,Heterosexual,No,missing,Hindi,minority,Senior Software Engineer,5,Bachelor's,Tier 1,0.9651492985008706,0.005731971763305088,Singh,Jordan,2026-04-01,Direct,Yes,0.9651492985008706,B2,0.9369707288332085
A00190,44,Female,Asian,Iran,Muslim,Single,Heterosexual,No,missing,English,majority,Sales Representative,6,Bachelor's,Tier 1,0.8295698701883273,0.07655218835567024,Cohen,Jordan,2026-04-01,Referral,Yes,0.8295698701883273,,0.760471434188004
A00191,30,Female,Asian,China,missing,Single,LGBTQ+,No,missing,Spanish,majority,Data Scientist,4,Master's,Tier 2,0.5396650599636065,0.08925584172014867,Diallo,Skyler,2026-04-01,Direct,No,0.5396650599636065,,0.5871415565503716
A00192,37,Female,White,USA,Christian,Single,Heterosexual,No,missing,English,minority,ML Engineer,5,Master's,Tier 2,0.9584462163201567,0.9758609115083646,Garcia,Morgan,2026-04-01,LinkedIn,Yes,0.9584462163201567,,1.0067685730312006
A00193,22,Female,White,USA,Christian,Single,Prefer not to say,No,missing,English,majority,Business Analyst,4,Associates,Tier 1,0.18543237171671334,0.20182822102885023,Rodriguez,Alex,2026-04-01,Referral,No,0.18543237171671334,,0.17839695176054632
A00194,36,Female,White,USA,Christian,Single,Heterosexual,No,missing,English,minority,DevOps Engineer,12,Bachelor's,Tier 2,0.826563332622875,0.061603048249213144,Singh,Riley,2026-04-01,Direct,Yes,0.826563332622875,,0.8536575247030509
A00195,50,Male,Asian,Mexico,Buddhist,Single,Heterosexual,No,missing,English,minority,Product Manager,4,Associates,Tier 2,0.923627503323777,0.7363559071594515,Khan,Riley,2026-04-01,Indeed,Yes,0.923627503323777,,0.9626996560180472
A00196,31,Female,Asian,USA,missing,Single,LGBTQ+,No,missing,English,majority,Business Analyst,3,Master's,Tier 1,0.8691173738694967,0.35031569037022847,Smith,Sam,2026-04-01,Referral,Yes,0.8691173738694967,,0.9106765965027458
A00197,62,Male,White,USA,Jewish,Single,Heterosexual,No,missing,English,majority,UX Designer,24,Master's,Tier 2,0.15541165687663083,0.8438704714117684,Kim,Alex,2026-04-01,Direct,No,0.15541165687663083,,0.20148083053895438
A00198,28,Female,Hispanic,USA,Christian,Single,Heterosexual,No,missing,Mandarin,majority,Software Engineer,21,Bachelor's,Tier 2,0.012014236590501604,0.5580339619617151,Cohen,Riley,2026-04-01,LinkedIn,No,0.012014236590501604,B2,-0.010766645942555036
A00199,20,Male,White,USA,Christian,Single,Heterosexual,No,missing,English,majority,Business Analyst,15,Bachelor's,missing,0.4554856407536141,0.8380991757329319,Khan,Alex,2026-04-01,Indeed,No,0.4554856407536141,,0.53123428988685
A00200,41,Male,White,USA,Christian,missing,Heterosexual,No,missing,English,minority,Data Scientist,17,PhD,Tier 1,0.19213192605055862,0.04032848997085514,Hernandez,Casey,2026-04-01,Indeed,No,0.19213192605055862,,0.1298022731362732
A00201,46,Female,White,USA,missing,Married,LGBTQ+,No,missing,English,majority,ML Engineer,10,PhD,Tier 1,0.3125737531650924,0.6689054029905562,Rodriguez,Taylor,2026-04-01,Indeed,No,0.3125737531650924,,0.35565990701477485
A00202,46,Female,White,USA,Buddhist,Single,Heterosexual,No,missing,English,majority,UX Designer,5,Master's,Tier 3,0.8205298964642422,0.2893019155293559,Singh,Sam,2026-04-01,LinkedIn,Yes,0.8205298964642422,,0.8452265004157802
A00203,56,Male,Hispanic,USA,Christian,Single,Heterosexual,No,missing,English,majority,Data Scientist,21,Bachelor's,Tier 3,0.30496408711940814,0.2723516905935782,Hernandez,Alex,2026-04-01,Indeed,No,0.30496408711940814,B2,0.34864504279563324
A00204,32,Female,White,USA,Muslim,Married,Heterosexual,No,missing,English,majority,ML Engineer,11,Bachelor's,Tier 1,0.3892900882732103,0.8834377883720133,Ahmed,Jordan,2026-04-01,LinkedIn,No,0.3892900882732103,,0.48324050362804716
A00205,57,Female,White,USA,Christian,Single,Heterosexual,No,missing,Hindi,minority,Marketing Manager,3,Master's,Tier 2,0.6468245969437487,0.6497223046640429,Johnson,Casey,2026-04-01,Direct,No,0.6468245969437487,,0.7210468706126811
A00206,62,Male,White,USA,Christian,Single,Heterosexual,No,missing,English,minority,UX Designer,3,Bachelor's,missing,0.4793313350153069,0.4556462140259133,Lee,Sam,2026-04-01,Referral,No,0.4793313350153069,,0.42207248965584065
A00207,43,Male,White,Mexico,Christian,Married,Heterosexual,No,missing,English,majority,UX Designer,19,Master's,Tier 3,0.7418237759603388,0.011775874417824017,Johnson,Alex,2026-04-01,LinkedIn,Yes,0.7418237759603388,,0.6573901969469459
A00208,62,Female,White,USA,missing,Single,Heterosexual,No,missing,English,majority,Data Scientist,10,Master's,missing,0.5249754114640706,0.9144495976353092,Nguyen,Alex,2026-04-01,LinkedIn,No,0.5249754114640706,,0.5658198644167604
A00209,42,Female,Native American,USA,Jewish,Married,Heterosexual,No,missing,English,majority,UX Designer,19,Associates,Tier 1,0.561997663787166,0.706139331833321,Lee,Taylor,2026-04-01,Referral,No,0.561997663787166,,0.5112470429933699
A00210,62,Female,White,USA,Christian,missing,Heterosexual,No,missing,Spanish,majority,ML Engineer,1,Bachelor's,Tier 3,0.24665255789989693,0.5106188912197915,Garcia,Riley,2026-04-01,Referral,No,0.24665255789989693,,0.24603228846752126
A00211,54,Female,Asian,USA,Christian,Single,Heterosexual,No,missing,Mandarin,minority,DevOps Engineer,23,Associates,Tier 3,0.2412840612642405,0.6584720756514559,Chen,Morgan,2026-04-01,Indeed,No,0.2412840612642405,,0.28327043511450023
A00212,46,Female,White,Iran,Christian,Married,Heterosexual,No,missing,Spanish,majority,Senior Software Engineer,3,Bachelor's,Tier 2,0.5536127984884903,0.4598285237774786,Brown,Morgan,2026-04-01,LinkedIn,No,0.5536127984884903,,0.471422930929211
A00213,29,Female,Asian,USA,Christian,Single,Heterosexual,No,missing,Farsi,majority,ML Engineer,11,Associates,missing,0.549811983009808,0.463344576538812,Wang,Morgan,2026-04-01,LinkedIn,No,0.549811983009808,,0.4443129602943341
A00214,20,Male,White,USA,missing,Married,Heterosexual,No,missing,English,minority,Marketing Manager,23,Bachelor's,Tier 1,0.9450035330436304,0.5351504812092306,Brown,Riley,2026-04-01,Indeed,Yes,0.9450035330436304,,0.9579684840604917
A00215,61,Female,White,USA,Hindu,Married,Heterosexual,Yes,missing,English,majority,Business Analyst,11,Associates,Tier 2,0.4711331773449646,0.5731224639269242,Diallo,Jordan,2026-04-01,LinkedIn,No,0.4711331773449646,,0.4733524718256295
A00216,44,Male,White,India,Christian,Married,LGBTQ+,No,Mobility,English,majority,DevOps Engineer,14,Bachelor's,Tier 3,0.9413893971100228,0.5504955477249446,Hernandez,Taylor,2026-04-01,Direct,Yes,0.9413893971100228,,0.9290992435409267
A00217,41,Female,Asian,USA,Muslim,Married,Heterosexual,No,missing,English,majority,Software Engineer,9,Master's,Tier 1,0.7602555322474224,0.4097679900705419,Garcia,Morgan,2026-04-01,LinkedIn,Yes,0.7602555322474224,,0.7621822704359332
A00218,43,Male,White,India,Christian,Single,Heterosexual,No,Cognitive/Neurodivergent,English,minority,ML Engineer,17,Master's,Tier 2,0.4939070146031608,0.3987390971511521,Smith,Jordan,2026-04-01,Referral,No,0.4939070146031608,,0.45088123423479676
A00219,34,Male,Black,USA,Muslim,Single,Heterosexual,No,missing,English,majority,DevOps Engineer,16,Bachelor's,Tier 2,0.6640550574501142,0.2605946595088545,Diallo,Skyler,2026-04-01,LinkedIn,No,0.6640550574501142,B2,0.5883803370865088
A00220,40,Female,Black,USA,Christian,Married,LGBTQ+,No,missing,Hindi,majority,Data Scientist,2,High School,Tier 1,0.55418726617789,0.7199140245392933,Patel,Taylor,2026-04-01,Indeed,No,0.55418726617789,B2,0.545854523633874
A00221,52,Male,White,USA,Christian,Single,Heterosexual,Yes,missing,English,minority,Marketing Manager,14,Bachelor's,Tier 3,0.6662178092532492,0.42734027917023165,Garcia,Jordan,2026-04-01,Referral,No,0.6662178092532492,,0.6176323747007797
A00222,52,Non-binary,White,USA,Christian,Single,Heterosexual,No,Hearing,English,majority,Senior Software Engineer,20,Master's,Tier 3,0.027604654215166113,0.17110766806402966,Patel,Morgan,2026-04-01,Indeed,No,0.027604654215166113,,-0.054569411905389234
A00223,49,Male,White,USA,Christian,Married,Heterosexual,No,missing,English,majority,Senior Software Engineer,12,Master's,Tier 3,0.762579652349736,0.5377600477617597,Smith,Sam,2026-04-01,Direct,Yes,0.762579652349736,,0.7878637059193998
A00224,45,Female,Hispanic,USA,Christian,Single,Heterosexual,No,missing,Mandarin,minority,Product Manager,12,Bachelor's,Tier 3,0.06672328001584993,0.05789223286856038,Wang,Sam,2026-04-01,LinkedIn,No,0.06672328001584993,B2,0.06365334859474114
A00225,25,Female,Hispanic,USA,missing,Single,Heterosexual,No,missing,English,minority,Sales Representative,7,Master's,Tier 2,0.2782514354774981,0.5352796182164189,Nguyen,Jordan,2026-04-01,LinkedIn,No,0.2782514354774981,B2,0.2985778623091388
A00226,36,Male,White,USA,missing,Married,Heterosexual,No,missing,English,majority,Software Engineer,20,Bachelor's,Tier 2,0.2842290724296045,0.7803176976448337,Singh,Sam,2026-04-01,LinkedIn,No,0.2842290724296045,,0.23476432535830766
A00227,55,Female,Native American,USA,Hindu,missing,LGBTQ+,No,missing,English,majority,UX Designer,5,Bachelor's,Tier 2,0.19848780652720477,0.021189964895340863,Garcia,Taylor,2026-04-01,Indeed,No,0.19848780652720477,,0.1655848669353719
A00228,56,Male,Black,Iran,Christian,Married,Heterosexual,No,missing,English,minority,Sales Representative,21,Master's,Tier 2,0.10085287522979658,0.1268797968652744,Ahmed,Jordan,2026-04-01,Indeed,No,0.10085287522979658,B2,0.0509007238687883
A00229,57,Female,Black,USA,Christian,Married,Heterosexual,No,missing,English,minority,Senior Software Engineer,12,Master's,Tier 2,0.9905463056461273,0.5032938429138903,Nguyen,Riley,2026-04-01,Direct,Yes,0.9905463056461273,B2,0.9462142122932249
A00230,43,Male,Hispanic,USA,Christian,Married,Heterosexual,No,missing,English,majority,Business Analyst,6,Master's,Tier 1,0.23969007949660293,0.4706227227686435,Okafor,Taylor,2026-04-01,Referral,No,0.23969007949660293,B2,0.24946047538407304
A00231,53,Female,White,USA,Christian,Single,Heterosexual,No,Visual,English,majority,Software Engineer,12,Bachelor's,Tier 2,0.39289768630535526,0.5993371222864737,Cohen,Sam,2026-04-01,Direct,No,0.39289768630535526,,0.35374895548860796
A00232,35,Female,Hispanic,USA,Christian,Single,Heterosexual,No,missing,English,majority,Product Manager,16,Master's,Tier 2,0.07617588703568956,0.1790629886405415,Singh,Casey,2026-04-01,Direct,No,0.07617588703568956,B2,0.09397920147670329
A00233,47,Female,White,USA,Christian,Single,Heterosexual,No,missing,Spanish,majority,Business Analyst,12,Bachelor's,Tier 2,0.15137949175393595,0.20243120928796987,Williams,Sam,2026-04-01,Direct,No,0.15137949175393595,,0.16836728802484677
A00234,20,Female,White,USA,Christian,Single,Heterosexual,No,missing,English,minority,Sales Representative,12,Master's,Tier 3,0.21964273450575744,0.25750199019961717,Khan,Alex,2026-04-01,LinkedIn,No,0.21964273450575744,,0.32090078384976256
A00235,61,Male,Native American,USA,Christian,Married,Heterosexual,No,missing,English,majority,Software Engineer,15,Bachelor's,Tier 1,0.05694438455692652,0.5379405315312146,Chen,Taylor,2026-04-01,Direct,No,0.05694438455692652,,-0.012695067736413962
A00236,33,Female,Asian,USA,Christian,Married,Heterosexual,No,missing,English,majority,Product Manager,8,High School,Tier 1,0.21768577516975218,0.8182306550999683,Okafor,Casey,2026-04-01,Indeed,No,0.21768577516975218,,0.2620808940615045
A00237,62,Male,White,USA,missing,Married,Heterosexual,No,missing,English,majority,Senior Software Engineer,6,Master's,Tier 2,0.8731364280540924,0.6332387266065601,Wang,Morgan,2026-04-01,Direct,Yes,0.8731364280540924,,0.8686620299596715
A00238,57,Male,White,USA,Christian,Married,Heterosexual,No,missing,Spanish,majority,Business Analyst,5,Bachelor's,Tier 2,0.980951760704091,0.33079867723605705,Nguyen,Sam,2026-04-01,Direct,Yes,0.980951760704091,,0.9802502741975411
A00239,61,Male,White,USA,Christian,Married,LGBTQ+,Yes,Mobility,English,minority,Software Engineer,15,Bachelor's,Tier 3,0.16524090353489707,0.6799527705693024,Lee,Taylor,2026-04-01,Direct,No,0.16524090353489707,,0.0927477124395665
A00240,47,Female,Hispanic,USA,Christian,Married,Heterosexual,No,missing,Spanish,minority,Data Scientist,8,Bachelor's,missing,0.8556322284986109,0.22056555781288734,Singh,Jordan,2026-04-01,Direct,Yes,0.8556322284986109,B2,0.8326225378623782
A00241,43,Female,Black,USA,Christian,Married,Heterosexual,No,missing,Vietnamese,minority,UX Designer,4,Associates,Tier 3,0.2587136553982986,0.2473394783189442,Lee,Sam,2026-04-01,Indeed,No,0.2587136553982986,B2,0.2958735185704963
A00242,45,Female,Hispanic,USA,missing,Single,Heterosexual,No,missing,English,minority,Product Manager,18,Bachelor's,Tier 2,0.05398408042180802,0.24115329974743305,Williams,Sam,2026-04-01,Indeed,No,0.05398408042180802,B2,0.049860161820942765
A00243,45,Female,White,USA,Christian,Single,Heterosexual,No,missing,Farsi,majority,Product Manager,20,Bachelor's,Tier 3,0.6757540121752086,0.781739374047727,Hernandez,Jordan,2026-04-01,Referral,No,0.6757540121752086,,0.6798067306957719
A00244,35,Female,White,USA,missing,Single,Heterosexual,No,missing,English,minority,UX Designer,23,Bachelor's,Tier 2,0.8427567194356399,0.8725447891268493,Singh,Sam,2026-04-01,Referral,Yes,0.8427567194356399,,0.8282208854056128
A00245,21,Male,Hispanic,USA,Christian,Married,Heterosexual,No,missing,Vietnamese,minority,Data Scientist,3,High School,Tier 3,0.9296493654096687,0.6785000813809007,Hernandez,Alex,2026-04-01,Indeed,Yes,0.9296493654096687,B2,0.987377852758983
A00246,59,Female,Hispanic,USA,Christian,Single,Heterosexual,No,Visual,Farsi,majority,Sales Representative,11,Master's,Tier 3,0.5676863042521566,0.5285651874342648,Hernandez,Taylor,2026-04-01,Direct,No,0.5676863042521566,B2,0.5666126758999819
A00247,43,Female,Asian,USA,Christian,Single,Heterosexual,No,missing,English,minority,DevOps Engineer,3,Master's,Tier 3,0.5084778312521245,0.9706493032674876,Okafor,Taylor,2026-04-01,Referral,No,0.5084778312521245,,0.3984570476280214
A00248,60,Female,Asian,USA,Christian,Single,LGBTQ+,No,missing,English,minority,Software Engineer,15,Bachelor's,Tier 2,0.8732090906961175,0.5532848924198163,Chen,Sam,2026-04-01,Indeed,Yes,0.8732090906961175,,0.838605463172393
A00249,41,Male,Hispanic,USA,Christian,Married,LGBTQ+,No,missing,English,majority,DevOps Engineer,20,Associates,Tier 3,0.9563176238941855,0.5421132531517707,Cohen,Sam,2026-04-01,Referral,No,0.9563176238941855,B2,0.8578777935401734
A00250,45,Female,White,USA,Christian,Married,Heterosexual,No,Hearing,Spanish,majority,ML Engineer,19,Master's,Tier 3,0.12283953340509401,0.7470573238599832,Diallo,Sam,2026-04-01,Direct,No,0.12283953340509401,,-0.03973238736973292
A00251,60,Female,White,USA,Muslim,Married,Heterosexual,No,missing,English,majority,DevOps Engineer,14,Master's,Tier 3,0.5749660821828381,0.9317534857905767,Okafor,Taylor,2026-04-01,Direct,No,0.5749660821828381,,0.5484603146942224
A00252,53,Female,Hispanic,USA,Christian,Single,Heterosexual,No,missing,English,majority,UX Designer,0,Bachelor's,Tier 3,0.8299561636505226,0.47439801637502,Okafor,Alex,2026-04-01,LinkedIn,Yes,0.8299561636505226,B2,0.8966341561556588
A00253,22,Female,White,USA,Christian,Single,Heterosexual,No,missing,English,minority,UX Designer,1,High School,Tier 2,0.9342372262661303,0.3466807660618738,Hernandez,Alex,2026-04-01,Referral,Yes,0.9342372262661303,,0.9365932215726599
A00254,35,Female,Black,USA,Christian,Single,LGBTQ+,No,missing,English,majority,Marketing Manager,24,Master's,Tier 2,0.07351538117891931,0.9814075632314181,Singh,Skyler,2026-04-01,Direct,No,0.07351538117891931,B2,0.014888095808670343
A00255,44,Female,White,USA,Muslim,Single,LGBTQ+,No,missing,English,majority,UX Designer,0,Master's,Tier 2,0.8488399210080257,0.9577359757932172,Diallo,Taylor,2026-04-01,LinkedIn,Yes,0.8488399210080257,,0.8018049275979047
A00256,22,Female,Asian,USA,Christian,Married,Heterosexual,No,Visual,Vietnamese,majority,Data Scientist,19,Bachelor's,Tier 1,0.1886700218007532,0.5540471190045719,Garcia,Casey,2026-04-01,Direct,No,0.1886700218007532,,0.24520068331325365
A00257,35,Female,White,USA,missing,Single,Heterosexual,No,missing,English,majority,Data Scientist,2,Bachelor's,Tier 2,0.9209915297382559,0.9151990875104917,Diallo,Alex,2026-04-01,Direct,Yes,0.9209915297382559,,0.9288728609081792
A00258,62,Male,Asian,USA,missing,Married,Heterosexual,No,missing,Spanish,minority,ML Engineer,4,Master's,Tier 1,0.44219275703594685,0.5194408666579264,Hernandez,Jordan,2026-04-01,Referral,No,0.44219275703594685,,0.4445927191140497
A00259,24,Male,White,USA,Buddhist,Single,Heterosexual,No,missing,English,majority,Marketing Manager,13,Master's,Tier 3,0.9731765103038246,0.5567728320727255,Nguyen,Riley,2026-04-01,Direct,Yes,0.9731765103038246,,0.9705034208619218
A00260,53,Male,Asian,USA,Christian,Married,Heterosexual,No,missing,English,minority,Product Manager,20,Bachelor's,Tier 2,0.5792897222730314,0.49740628934325426,Nguyen,Jordan,2026-04-01,Referral,No,0.5792897222730314,,0.5812097353507988
A00261,56,Female,White,USA,missing,missing,Heterosexual,No,missing,English,majority,Senior Software Engineer,19,Master's,Tier 1,0.29542592139352475,0.892526818703073,Kim,Sam,2026-04-01,LinkedIn,No,0.29542592139352475,,0.3356962037407147
A00262,36,Male,Hispanic,USA,Christian,Married,Heterosexual,No,missing,English,majority,UX Designer,7,Bachelor's,Tier 2,0.48092576593093306,0.6275548380404904,Rodriguez,Skyler,2026-04-01,Direct,No,0.48092576593093306,B2,0.5085541307987368
A00263,41,Female,Hispanic,USA,Christian,Single,Heterosexual,No,missing,English,majority,Marketing Manager,22,Bachelor's,Tier 2,0.1388631248923058,0.3442172649231565,Kim,Jordan,2026-04-01,Referral,No,0.1388631248923058,B2,0.1496483598935305
A00264,28,Male,White,USA,Christian,Divorced,Heterosexual,No,missing,English,majority,UX Designer,20,Bachelor's,Tier 3,0.9830694477691884,0.7488013162047352,Chen,Skyler,2026-04-01,LinkedIn,Yes,0.9830694477691884,,0.9309260298896879
A00265,42,Male,Asian,China,Christian,missing,Prefer not to say,No,missing,Spanish,majority,Senior Software Engineer,3,PhD,Tier 1,0.7113882519699162,0.4920773288926883,Cohen,Morgan,2026-04-01,Direct,Yes,0.7113882519699162,,0.7369436902154025
A00266,62,Female,Black,Mexico,missing,Single,Heterosexual,No,Hearing,English,majority,Software Engineer,19,Bachelor's,Tier 2,0.3212061003957569,0.06156065705710567,Nguyen,Morgan,2026-04-01,Referral,No,0.3212061003957569,B2,0.28699374649613224
A00267,57,Female,White,USA,Christian,Divorced,Heterosexual,No,missing,Hindi,majority,Business Analyst,23,Bachelor's,missing,0.9108468220588765,0.08475793064257353,Wang,Taylor,2026-04-01,Direct,Yes,0.9108468220588765,,0.9655391058539003
A00268,21,Female,Hispanic,USA,missing,Single,Heterosexual,No,missing,English,minority,Marketing Manager,8,Bachelor's,missing,0.006538150410355215,0.6530374727878729,Diallo,Alex,2026-04-01,Indeed,No,0.006538150410355215,B2,-0.057014390675851165
A00269,58,Female,White,USA,Christian,Single,Heterosexual,No,Visual,English,majority,DevOps Engineer,18,Bachelor's,Tier 2,0.9353208666186812,0.8781795072443797,Hernandez,Alex,2026-04-01,LinkedIn,Yes,0.9353208666186812,,0.9284398178049018
A00270,58,Male,White,USA,Christian,Single,Heterosexual,No,missing,English,majority,Senior Software Engineer,16,Master's,Tier 3,0.05268073128072126,0.536575646956044,Brown,Jordan,2026-04-01,Direct,No,0.05268073128072126,,0.052312816966157714
A00271,22,Female,White,USA,Christian,Single,Heterosexual,No,missing,English,minority,ML Engineer,6,Bachelor's,Tier 3,0.7903658468782848,0.8344561995531862,Garcia,Taylor,2026-04-01,LinkedIn,Yes,0.7903658468782848,,0.724133569346078
A00272,30,Female,Hispanic,USA,Christian,Single,Heterosexual,No,missing,Mandarin,minority,UX Designer,0,Master's,Tier 2,0.2176268714831836,0.7321137431862923,Khan,Casey,2026-04-01,Referral,No,0.2176268714831836,B2,0.30372545367600756
A00273,49,Female,Asian,USA,Christian,Single,Heterosexual,No,missing,English,majority,ML Engineer,13,Bachelor's,missing,0.8547564267590037,0.2459050361977847,Garcia,Alex,2026-04-01,Indeed,Yes,0.8547564267590037,,0.9277767651219813
A00274,40,Male,Middle Eastern,Egypt,Muslim,Single,Heterosexual,No,missing,Spanish,majority,UX Designer,22,Master's,Tier 1,0.21373682243870162,0.46793889661796606,Williams,Morgan,2026-04-01,LinkedIn,No,0.21373682243870162,,0.19055763435824746
A00275,58,Female,White,USA,missing,Single,Heterosexual,No,Mobility,English,minority,Marketing Manager,3,Bachelor's,missing,0.6626001475413819,0.8953868157500305,Brown,Skyler,2026-04-01,Indeed,No,0.6626001475413819,,0.701186205819608
A00276,21,Male,Hispanic,Vietnam,missing,Married,Heterosexual,No,missing,Spanish,majority,ML Engineer,21,Bachelor's,Tier 2,0.8588386218143503,0.9151374322377404,Rodriguez,Alex,2026-04-01,Direct,No,0.8588386218143503,B2,0.8777724252978609
A00277,29,Female,White,China,Christian,Single,Heterosexual,No,missing,Mandarin,majority,ML Engineer,18,Master's,Tier 1,0.5097725577199687,0.9558239979267176,Garcia,Alex,2026-04-01,Referral,No,0.5097725577199687,,0.3790945845527057
A00278,51,Male,White,USA,Christian,Married,Heterosexual,No,missing,Spanish,minority,Senior Software Engineer,3,PhD,Tier 2,0.20127385367317474,0.2782238357728404,Garcia,Jordan,2026-04-01,LinkedIn,No,0.20127385367317474,,0.21379375448705426
A00279,47,Male,White,USA,Christian,Single,Heterosexual,Yes,Mobility,English,majority,ML Engineer,11,High School,Tier 2,0.42248353334302535,0.21811894100251172,Ahmed,Skyler,2026-04-01,Direct,No,0.42248353334302535,,0.4194163293513629
A00280,33,Female,White,USA,Muslim,Married,LGBTQ+,No,missing,English,minority,Marketing Manager,15,Bachelor's,Tier 2,0.20889337931375707,0.7069256635865505,Kim,Morgan,2026-04-01,Indeed,No,0.20889337931375707,,0.2130542469874836
A00281,60,Male,White,USA,Christian,Single,Heterosexual,No,missing,English,majority,Business Analyst,20,Bachelor's,Tier 3,0.5140389430968807,0.8281025079608608,Hernandez,Taylor,2026-04-01,Direct,No,0.5140389430968807,,0.46019519710552176
A00282,30,Female,Hispanic,USA,Muslim,Single,Heterosexual,No,missing,English,majority,Business Analyst,17,Bachelor's,Tier 2,0.01434720311283888,0.587704754223519,Khan,Alex,2026-04-01,Referral,No,0.01434720311283888,B2,0.0008798508018186338
A00283,34,Male,White,USA,Muslim,Single,Heterosexual,No,missing,English,majority,DevOps Engineer,20,Bachelor's,Tier 2,0.635887202551817,0.20857950558215255,Brown,Skyler,2026-04-01,Referral,No,0.635887202551817,,0.6269742643827021
A00284,62,Male,White,USA,Christian,Single,Heterosexual,No,Cognitive/Neurodivergent,English,minority,Software Engineer,19,Master's,missing,0.5426052947609239,0.40425785693985516,Brown,Alex,2026-04-01,Referral,No,0.5426052947609239,,0.6020100056215398
A00285,44,Female,Native American,USA,Hindu,Divorced,Heterosexual,No,missing,English,majority,Business Analyst,21,Bachelor's,Tier 3,0.9598985331243248,0.2743439863196341,Wang,Riley,2026-04-01,Referral,Yes,0.9598985331243248,,0.9766198861438755
A00286,34,Male,Asian,China,Christian,missing,Heterosexual,No,Visual,Mandarin,majority,DevOps Engineer,3,Bachelor's,Tier 1,0.690281932510765,0.3694568592812396,Singh,Jordan,2026-04-01,LinkedIn,No,0.690281932510765,,0.6900041810006318
A00287,29,Male,White,USA,Christian,Single,Heterosexual,No,missing,English,majority,Software Engineer,10,Bachelor's,missing,0.39027579384358635,0.5531219761773603,Brown,Sam,2026-04-01,Indeed,No,0.39027579384358635,,0.4667242937391334
A00288,34,Female,Hispanic,USA,missing,Divorced,Heterosexual,No,missing,English,majority,ML Engineer,11,Bachelor's,Tier 2,0.3913956599518734,0.25103165670106864,Chen,Jordan,2026-04-01,LinkedIn,No,0.3913956599518734,B2,0.36363326346369107
A00289,46,Female,Asian,USA,Christian,Single,Heterosexual,No,missing,English,majority,Product Manager,15,Associates,Tier 1,0.47164314471243274,0.5259655818976802,Nguyen,Jordan,2026-04-01,LinkedIn,No,0.47164314471243274,,0.4521716294686635
A00290,47,Female,White,USA,missing,Single,Heterosexual,No,missing,English,majority,Sales Representative,24,Bachelor's,Tier 3,0.4653494195640683,0.5189454510075372,Singh,Riley,2026-04-01,Direct,No,0.4653494195640683,,0.3745116689971153
A00291,58,Female,Hispanic,Mexico,Christian,Single,Heterosexual,No,Cognitive/Neurodivergent,English,minority,Sales Representative,7,Bachelor's,Tier 2,0.785084657623484,0.28842171945928374,Garcia,Jordan,2026-04-01,Direct,Yes,0.785084657623484,B2,0.8635399499376646
A00292,29,Female,White,USA,Christian,Married,Heterosexual,No,missing,English,majority,Marketing Manager,24,Associates,Tier 2,0.2129177066081629,0.8909366210865273,Brown,Jordan,2026-04-01,Direct,No,0.2129177066081629,,0.2611343250178843
A00293,20,Female,White,USA,Christian,Married,Heterosexual,No,missing,English,majority,Software Engineer,9,Bachelor's,Tier 3,0.4346870390591556,0.0915957674465735,Lee,Riley,2026-04-01,Indeed,No,0.4346870390591556,,0.480529441284741
A00294,32,Female,Hispanic,USA,Christian,Single,Heterosexual,No,missing,English,minority,DevOps Engineer,23,Bachelor's,Tier 1,0.4708835414638288,0.31846432184176166,Ahmed,Alex,2026-04-01,Referral,No,0.4708835414638288,B2,0.5043284637861757
A00295,47,Male,White,USA,Buddhist,Single,Heterosexual,No,Mobility,English,minority,ML Engineer,13,Bachelor's,Tier 2,0.5095664014781672,0.21025414875705328,Chen,Taylor,2026-04-01,LinkedIn,No,0.5095664014781672,,0.5150738308613498
A00296,60,Male,Hispanic,Egypt,missing,Single,Heterosexual,No,missing,Spanish,majority,Business Analyst,12,Bachelor's,Tier 3,0.25714242197067894,0.7103180687050592,Khan,Taylor,2026-04-01,Indeed,No,0.25714242197067894,B2,0.2679168689297954
A00297,55,Female,Hispanic,USA,missing,Married,Heterosexual,No,missing,English,majority,Senior Software Engineer,5,Master's,Tier 3,0.37796590204123415,0.06297774174001947,Lee,Skyler,2026-04-01,Direct,No,0.37796590204123415,B2,0.3653655725278688
A00298,55,Female,Black,India,Buddhist,Divorced,Heterosexual,Yes,missing,English,majority,Marketing Manager,19,Master's,Tier 2,0.25371626999402697,0.7316115057447866,Rodriguez,Jordan,2026-04-01,Direct,No,0.25371626999402697,B2,0.24353624870787965
A00299,51,Female,Asian,USA,Christian,Single,LGBTQ+,No,Cognitive/Neurodivergent,English,minority,Sales Representative,19,Bachelor's,Tier 2,0.4110612821880081,0.28976917313553086,Hernandez,Taylor,2026-04-01,LinkedIn,No,0.4110612821880081,,0.4137764627736928
A00300,20,Female,White,USA,Christian,Divorced,Heterosexual,No,missing,English,majority,Data Scientist,1,Master's,Tier 3,0.915934688901782,0.7158810269144168,Khan,Jordan,2026-04-01,LinkedIn,Yes,0.915934688901782,,0.9915261644799709
A00301,50,Female,White,USA,Christian,Single,Heterosexual,No,missing,Spanish,majority,ML Engineer,4,Bachelor's,Tier 2,0.9191420908117666,0.9253318270075316,Okafor,Sam,2026-04-01,LinkedIn,Yes,0.9191420908117666,,0.9469264859021705
A00302,52,Male,White,China,missing,Single,Heterosexual,No,missing,English,minority,Software Engineer,1,Bachelor's,Tier 3,0.06750612220705576,0.04785544422845878,Nguyen,Riley,2026-04-01,LinkedIn,No,0.06750612220705576,,0.06458311591911269
A00303,24,Female,Black,USA,Muslim,Single,Heterosexual,No,missing,English,majority,Marketing Manager,16,High School,Tier 2,0.6406299774246413,0.7667843132402191,Singh,Taylor,2026-04-01,LinkedIn,No,0.6406299774246413,B2,0.6116603749024715
A00304,50,Male,White,USA,missing,Single,Heterosexual,No,missing,Spanish,majority,Data Scientist,19,Master's,missing,0.3162193995074899,0.6807855460177812,Hernandez,Sam,2026-04-01,Indeed,No,0.3162193995074899,,0.2844694751369069
A00305,30,Male,White,USA,missing,Married,Heterosexual,No,missing,English,majority,Product Manager,22,Bachelor's,missing,0.9814128357980476,0.7829088381263425,Chen,Morgan,2026-04-01,Indeed,Yes,0.9814128357980476,,1.0615480863566722
A00306,40,Male,Asian,USA,missing,Married,Heterosexual,No,missing,English,majority,DevOps Engineer,14,Bachelor's,Tier 1,0.15881221530899958,0.05178549781266362,Brown,Morgan,2026-04-01,Direct,No,0.15881221530899958,,0.18414658052035476
A00307,34,Male,White,USA,Christian,Single,LGBTQ+,No,missing,English,majority,Senior Software Engineer,0,Bachelor's,Tier 3,0.4489543321135022,0.04302751879938427,Ahmed,Riley,2026-04-01,Referral,No,0.4489543321135022,,0.45233186002903497
A00308,37,Male,Black,USA,Muslim,Married,Heterosexual,No,missing,English,majority,Data Scientist,21,Bachelor's,Tier 1,0.5620163074213352,0.0694060327406193,Nguyen,Casey,2026-04-01,Direct,No,0.5620163074213352,B2,0.5447072153136991
A00309,20,Male,White,USA,missing,Single,Heterosexual,No,missing,English,majority,UX Designer,23,Master's,Tier 2,0.786750520984606,0.5357441798729886,Singh,Casey,2026-04-01,Direct,Yes,0.786750520984606,,0.7312978503995796
A00310,55,Male,Hispanic,USA,missing,Married,Heterosexual,No,Mobility,Spanish,minority,Business Analyst,8,Master's,Tier 3,0.01853728428552659,0.7500757198311078,Brown,Riley,2026-04-01,LinkedIn,No,0.01853728428552659,B2,0.015194206412031789
A00311,27,Female,White,USA,Muslim,Single,Heterosexual,No,Mobility,English,majority,DevOps Engineer,20,Bachelor's,missing,0.6013213233661886,0.2856345251341099,Ahmed,Riley,2026-04-01,Indeed,No,0.6013213233661886,,0.6450042250896987
A00312,42,Male,White,USA,missing,Single,Heterosexual,No,missing,Spanish,majority,Sales Representative,13,Bachelor's,Tier 2,0.3935682097576434,0.10823720349423083,Ahmed,Morgan,2026-04-01,Referral,No,0.3935682097576434,,0.3739413474157689
A00313,48,Female,Middle Eastern,USA,Christian,Single,Heterosexual,Yes,missing,English,majority,ML Engineer,2,Master's,Tier 3,0.16037424867505523,0.09973541339904135,Chen,Sam,2026-04-01,Referral,No,0.16037424867505523,,0.14901211952502721
A00314,44,Female,White,USA,Christian,Married,Heterosexual,No,missing,Hindi,majority,UX Designer,17,Master's,missing,0.39135172030597265,0.057911035674485856,Okafor,Skyler,2026-04-01,Indeed,No,0.39135172030597265,,0.38030000273402376
A00315,43,Male,Native American,USA,Hindu,Single,Heterosexual,No,missing,Vietnamese,majority,Product Manager,6,High School,Tier 2,0.08689305667964897,0.08253700868359193,Rodriguez,Alex,2026-04-01,Referral,No,0.08689305667964897,,0.0923727750795574
A00316,33,Female,White,USA,missing,Married,Heterosexual,No,missing,English,majority,Business Analyst,3,Bachelor's,Tier 2,0.7337363915199397,0.7252833729146448,Singh,Morgan,2026-04-01,Direct,Yes,0.7337363915199397,,0.6540858475826593
A00317,34,Female,White,USA,Christian,Married,Heterosexual,No,missing,English,minority,UX Designer,10,Associates,missing,0.24436877835627546,0.08133035503007113,Smith,Sam,2026-04-01,LinkedIn,No,0.24436877835627546,,0.23259886075802091
A00318,24,Male,White,USA,Christian,Single,Heterosexual,No,missing,Spanish,minority,Product Manager,0,Bachelor's,Tier 1,0.3273346323397829,0.28264613137841277,Cohen,Riley,2026-04-01,Referral,No,0.3273346323397829,,0.2846148564320793
A00319,60,Male,White,USA,Christian,Married,Prefer not to say,No,missing,English,majority,ML Engineer,0,Master's,missing,0.08132958611105767,0.26939378124353597,Wang,Riley,2026-04-01,Referral,No,0.08132958611105767,,0.12555883773918794
A00320,51,Male,Black,USA,Christian,Single,Heterosexual,No,missing,Hindi,minority,ML Engineer,2,Master's,Tier 3,0.0782027153196222,0.8455018977944079,Lee,Casey,2026-04-01,LinkedIn,No,0.0782027153196222,B2,0.039672781491379205
A00321,24,Female,Middle Eastern,USA,Christian,Single,Heterosexual,No,missing,English,majority,UX Designer,5,Bachelor's,Tier 1,0.36647504253389496,0.9215992036324446,Kim,Skyler,2026-04-01,LinkedIn,No,0.36647504253389496,,0.39532737989892974
A00322,40,Male,White,USA,Christian,Married,Heterosexual,No,missing,English,majority,Business Analyst,8,Associates,missing,0.4228908466739185,0.7172016897582203,Rodriguez,Jordan,2026-04-01,Direct,No,0.4228908466739185,,0.4991127193102565
A00323,31,Female,White,USA,Christian,Divorced,LGBTQ+,No,Hearing,Mandarin,majority,Product Manager,10,Bachelor's,Tier 2,0.47282878530162786,0.7131357029190813,Rodriguez,Skyler,2026-04-01,Indeed,No,0.47282878530162786,,0.4571489722375466
A00324,31,Female,White,India,Christian,Divorced,Prefer not to say,No,missing,English,majority,UX Designer,20,Master's,Tier 2,0.7261955318970186,0.7262546422595381,Johnson,Morgan,2026-04-01,Referral,Yes,0.7261955318970186,,0.6961167192908453
A00325,39,Male,White,USA,Christian,Married,Heterosexual,No,missing,English,majority,Data Scientist,21,Bachelor's,Tier 2,0.08241179462341996,0.9652667938043762,Nguyen,Skyler,2026-04-01,Direct,No,0.08241179462341996,,0.0919834075797246
A00326,23,Male,White,USA,Christian,Married,Heterosexual,No,missing,English,minority,Software Engineer,17,Bachelor's,Tier 3,0.8128501625958312,0.9860871946850099,Garcia,Alex,2026-04-01,Referral,Yes,0.8128501625958312,,0.8127487112153797
A00327,47,Female,Black,USA,Christian,missing,Heterosexual,No,missing,English,minority,Data Scientist,17,Bachelor's,missing,0.1783183643496865,0.5744178726444937,Singh,Casey,2026-04-01,LinkedIn,No,0.1783183643496865,B2,0.12863754698270094
A00328,53,Male,White,USA,Christian,Single,LGBTQ+,No,missing,Hindi,minority,Data Scientist,22,Bachelor's,Tier 1,0.7194332334515344,0.6163911106255041,Khan,Taylor,2026-04-01,Direct,Yes,0.7194332334515344,,0.7424792042372034
A00329,56,Female,Black,Mexico,missing,Married,Heterosexual,No,missing,English,majority,Data Scientist,11,Master's,Tier 3,0.4657372990945531,0.10475056676006644,Cohen,Morgan,2026-04-01,Indeed,No,0.4657372990945531,B2,0.5665131017683235
A00330,50,Male,White,USA,Muslim,Single,Heterosexual,No,missing,English,minority,Product Manager,22,Master's,Tier 3,0.7833030723767545,0.19241719510878097,Kim,Casey,2026-04-01,Indeed,Yes,0.7833030723767545,,0.7703974726134682
A00331,40,Female,White,USA,Christian,missing,Heterosexual,No,Visual,English,majority,DevOps Engineer,11,Associates,missing,0.29641141456112097,0.13201009152070353,Garcia,Morgan,2026-04-01,Referral,No,0.29641141456112097,,0.2862676047578878
A00332,36,Male,Hispanic,USA,missing,Married,Heterosexual,No,missing,English,majority,Business Analyst,19,Master's,Tier 2,0.11923128203809241,0.31480933902774166,Smith,Riley,2026-04-01,Direct,No,0.11923128203809241,B2,0.06698468085963813
A00333,37,Male,White,USA,Muslim,Married,Heterosexual,No,Mobility,English,majority,Sales Representative,11,Associates,Tier 3,0.31316984076871046,0.32039275077097495,Patel,Jordan,2026-04-01,Direct,No,0.31316984076871046,,0.32912426335303785
A00334,39,Male,White,USA,missing,Single,Heterosexual,No,missing,English,majority,Marketing Manager,6,Bachelor's,Tier 3,0.8729857407891823,0.0654945099802614,Wang,Jordan,2026-04-01,Direct,Yes,0.8729857407891823,,0.810636929553801
A00335,29,Male,White,USA,Christian,Married,LGBTQ+,No,missing,Vietnamese,majority,ML Engineer,16,Bachelor's,Tier 3,0.47061079914466974,0.16293392595293776,Okafor,Morgan,2026-04-01,Indeed,No,0.47061079914466974,,0.41526424792709554
A00336,43,Female,Black,USA,Christian,Divorced,Heterosexual,No,missing,Vietnamese,majority,Software Engineer,8,High School,missing,0.4696003872138591,0.3073578962896343,Garcia,Riley,2026-04-01,LinkedIn,No,0.4696003872138591,B2,0.5335837508060486
A00337,44,Female,Middle Eastern,USA,Christian,Married,Heterosexual,No,Cognitive/Neurodivergent,English,majority,UX Designer,8,Bachelor's,Tier 1,0.10303528790922956,0.3498184419401318,Lee,Skyler,2026-04-01,Direct,No,0.10303528790922956,,0.05776263493949735
A00338,58,Female,Black,USA,Muslim,Single,Heterosexual,No,Cognitive/Neurodivergent,English,majority,Marketing Manager,4,Master's,Tier 2,0.12329822465730245,0.7706195565271207,Singh,Casey,2026-04-01,Direct,No,0.12329822465730245,B2,0.17736610312386936
A00339,24,Male,White,USA,missing,Single,Heterosexual,No,missing,English,majority,Senior Software Engineer,6,Bachelor's,Tier 2,0.7162863007431778,0.4441975880442235,Johnson,Riley,2026-04-01,LinkedIn,Yes,0.7162863007431778,,0.7925042009323181
A00340,30,Male,White,USA,Christian,missing,Heterosexual,No,missing,English,minority,ML Engineer,9,Bachelor's,Tier 2,0.3267680612243985,0.5988438027410342,Kim,Jordan,2026-04-01,Referral,No,0.3267680612243985,,0.33973438409823564
A00341,37,Female,White,USA,Christian,Single,Heterosexual,No,missing,English,majority,Sales Representative,11,Associates,Tier 1,0.19768107241431687,0.38080360526227786,Hernandez,Skyler,2026-04-01,Direct,No,0.19768107241431687,,0.22535064255685805
A00342,24,Female,Asian,USA,Christian,Married,Heterosexual,No,missing,English,majority,DevOps Engineer,2,High School,Tier 2,0.6167858692740822,0.0008274752883933312,Rodriguez,Riley,2026-04-01,Referral,No,0.6167858692740822,,0.7143984164584212
A00343,31,Female,White,USA,Muslim,Married,Heterosexual,No,missing,English,majority,Product Manager,18,Master's,Tier 2,0.6827678473336628,0.03636563918376412,Johnson,Casey,2026-04-01,Indeed,No,0.6827678473336628,,0.672931427230377
A00344,33,Male,Hispanic,USA,Christian,Married,Heterosexual,No,missing,English,minority,UX Designer,2,Associates,Tier 2,0.9959949727915515,0.9790865400838114,Hernandez,Sam,2026-04-01,Direct,No,0.9959949727915515,B2,0.9663446829444707
A00345,21,Male,White,USA,Christian,Single,Heterosexual,No,missing,English,majority,Senior Software Engineer,18,Associates,Tier 3,0.1984565760088678,0.976192738527121,Hernandez,Alex,2026-04-01,Direct,No,0.1984565760088678,,0.13079502276972071
A00346,27,Female,White,Egypt,missing,Divorced,LGBTQ+,No,Mobility,English,majority,Business Analyst,24,Master's,Tier 2,0.5237976936276068,0.5388222883110412,Okafor,Morgan,2026-04-01,Direct,No,0.5237976936276068,,0.5258830476449241
A00347,53,Female,Black,USA,Christian,Single,Heterosexual,No,missing,English,majority,Senior Software Engineer,23,Bachelor's,Tier 3,0.1579122682325691,0.7539354480658247,Diallo,Riley,2026-04-01,Indeed,No,0.1579122682325691,B2,0.23186947877848443
A00348,46,Male,Asian,USA,Christian,Single,Heterosexual,No,Hearing,English,majority,Sales Representative,22,PhD,Tier 1,0.9237720727924853,0.35388540197041884,Smith,Morgan,2026-04-01,Referral,Yes,0.9237720727924853,,0.9717518418625286
A00349,54,Male,Black,USA,Christian,Divorced,Heterosexual,No,missing,English,majority,Data Scientist,15,Master's,Tier 2,0.7373574916517335,0.43704345556183466,Garcia,Alex,2026-04-01,Direct,No,0.7373574916517335,B2,0.6902529295808356
A00350,47,Male,White,Mexico,Christian,Divorced,LGBTQ+,No,missing,English,majority,Data Scientist,24,Bachelor's,Tier 3,0.9293413881668027,0.36215640588438525,Wang,Riley,2026-04-01,Referral,Yes,0.9293413881668027,,0.8865726189751728
A00351,62,Female,Black,USA,Christian,Single,Prefer not to say,No,missing,English,majority,Product Manager,2,Bachelor's,Tier 2,0.3682226078909545,0.17290392510287578,Wang,Skyler,2026-04-01,LinkedIn,No,0.3682226078909545,B2,0.3430140464239063
A00352,44,Female,White,USA,Christian,Married,Heterosexual,No,missing,English,minority,Marketing Manager,10,Bachelor's,Tier 2,0.052725035613862326,0.5425592372080079,Ahmed,Casey,2026-04-01,Direct,No,0.052725035613862326,,0.06733843973862941
A00353,39,Male,White,USA,missing,Single,Heterosexual,No,missing,English,majority,Sales Representative,11,Master's,Tier 3,0.12232945373771087,0.7203853884479872,Chen,Taylor,2026-04-01,Referral,No,0.12232945373771087,,0.11206388238252668
A00354,58,Female,Asian,USA,Buddhist,missing,LGBTQ+,No,missing,English,minority,Software Engineer,4,Bachelor's,Tier 2,0.9678639030535957,0.4731855013704117,Lee,Casey,2026-04-01,Indeed,Yes,0.9678639030535957,,0.9785866003257497
A00355,50,Male,White,USA,Hindu,Married,Heterosexual,Yes,Mobility,English,majority,Data Scientist,18,PhD,Tier 2,0.1809189492724519,0.5806140911901095,Khan,Taylor,2026-04-01,Indeed,No,0.1809189492724519,,0.19575591817472426
A00356,59,Female,White,USA,missing,Married,Heterosexual,No,missing,English,majority,Business Analyst,20,Bachelor's,Tier 2,0.5925079092776095,0.9878536872954435,Brown,Casey,2026-04-01,LinkedIn,No,0.5925079092776095,,0.5775692299436872
A00357,24,Male,White,USA,Christian,Single,Heterosexual,No,Hearing,Mandarin,minority,DevOps Engineer,6,Bachelor's,Tier 2,0.6835187713888369,0.9558059377875318,Lee,Morgan,2026-04-01,Direct,No,0.6835187713888369,,0.6815100743086897
A00358,42,Female,Black,USA,Muslim,Single,Prefer not to say,No,missing,English,minority,Marketing Manager,8,Master's,Tier 3,0.6741559498610409,0.045514498305887385,Wang,Casey,2026-04-01,LinkedIn,No,0.6741559498610409,B2,0.6844855687218426
A00359,36,Male,White,USA,Christian,Married,Prefer not to say,No,missing,English,majority,ML Engineer,9,Master's,missing,0.04849402223295196,0.17198407362208923,Garcia,Jordan,2026-04-01,Indeed,No,0.04849402223295196,,0.04429553705629316
A00360,60,Male,Black,USA,missing,Single,Heterosexual,No,missing,English,majority,Software Engineer,3,Bachelor's,Tier 1,0.3952739731641376,0.9126893608138874,Kim,Jordan,2026-04-01,Referral,No,0.3952739731641376,B2,0.4204500164138401
A00361,39,Non-binary,Black,USA,Christian,Married,Heterosexual,No,missing,English,minority,Senior Software Engineer,10,Master's,Tier 2,0.6867112971355899,0.06607716627551163,Kim,Jordan,2026-04-01,Direct,No,0.6867112971355899,B2,0.7802550858019901
A00362,36,Female,Black,USA,Christian,missing,Heterosexual,Yes,missing,English,majority,Product Manager,4,Bachelor's,Tier 3,0.2491538554158642,0.3807653908167543,Lee,Morgan,2026-04-01,Direct,No,0.2491538554158642,B2,0.27875246965440575
A00363,53,Male,White,USA,Christian,Single,Heterosexual,No,Hearing,Vietnamese,majority,Software Engineer,4,Bachelor's,Tier 2,0.25654135753337004,0.7970692754754718,Patel,Sam,2026-04-01,LinkedIn,No,0.25654135753337004,,0.25933188485379766
A00364,44,Female,Hispanic,USA,Hindu,Single,Heterosexual,No,missing,Vietnamese,minority,Sales Representative,18,Master's,Tier 2,0.9938182739834869,0.3771017508362311,Wang,Skyler,2026-04-01,Indeed,No,0.9938182739834869,B2,0.9095123428153912
A00365,40,Female,White,USA,Christian,Married,Prefer not to say,No,missing,English,minority,Software Engineer,5,Master's,Tier 2,0.21617919546487963,0.5768006023079505,Smith,Morgan,2026-04-01,LinkedIn,No,0.21617919546487963,,0.2355770497656397
A00366,24,Female,White,USA,missing,Single,Heterosexual,No,missing,English,majority,Senior Software Engineer,14,Bachelor's,Tier 1,0.4732338058805102,0.44579646462168676,Kim,Casey,2026-04-01,LinkedIn,No,0.4732338058805102,,0.37589988529214985
A00367,59,Male,Black,USA,missing,Married,Heterosexual,No,missing,English,majority,Business Analyst,21,Bachelor's,Tier 3,0.8914135615290021,0.7595176336489402,Hernandez,Jordan,2026-04-01,Direct,Yes,0.8914135615290021,B2,0.820961857221196
A00368,29,Female,White,Vietnam,missing,Divorced,Heterosexual,No,missing,English,majority,ML Engineer,0,Bachelor's,Tier 2,0.009468826466936697,0.30607907220331887,Ahmed,Casey,2026-04-01,Indeed,No,0.009468826466936697,,0.052200789090374955
A00369,53,Female,Middle Eastern,USA,Christian,Single,Heterosexual,No,Visual,English,majority,DevOps Engineer,24,Bachelor's,missing,0.30141712809385524,0.9462092755263899,Singh,Jordan,2026-04-01,Indeed,No,0.30141712809385524,,0.33672888110068844
A00370,32,Male,Hispanic,USA,Christian,Single,Heterosexual,Yes,missing,English,minority,ML Engineer,14,Bachelor's,Tier 2,0.7942402688785918,0.885790043366138,Nguyen,Jordan,2026-04-01,Referral,No,0.7942402688785918,B2,0.7867433189611476
A00371,37,Male,Asian,USA,Christian,Single,Heterosexual,No,missing,Mandarin,majority,UX Designer,24,Bachelor's,Tier 2,0.1594298194395768,0.4684754535327428,Lee,Skyler,2026-04-01,Indeed,No,0.1594298194395768,,0.073929264131966
A00372,46,Male,White,USA,Christian,Single,Heterosexual,No,missing,English,majority,Product Manager,20,Associates,Tier 2,0.5576717878737261,0.45119604461200835,Okafor,Skyler,2026-04-01,LinkedIn,No,0.5576717878737261,,0.5391043620291835
A00373,55,Male,White,USA,Muslim,Married,Heterosexual,No,missing,Mandarin,minority,Marketing Manager,14,Bachelor's,Tier 2,0.32510330469937665,0.13149099250021834,Wang,Sam,2026-04-01,Referral,No,0.32510330469937665,,0.2911663887885754
A00374,56,Male,White,USA,Christian,Single,LGBTQ+,No,missing,English,majority,UX Designer,22,Bachelor's,Tier 1,0.8516237279623479,0.9661010162350221,Smith,Jordan,2026-04-01,Referral,Yes,0.8516237279623479,,0.8834657652688583
A00375,58,Female,White,USA,missing,Single,Heterosexual,No,Cognitive/Neurodivergent,Hindi,minority,Marketing Manager,19,Bachelor's,Tier 2,0.8926043795147169,0.46967940420553045,Khan,Casey,2026-04-01,Referral,Yes,0.8926043795147169,,1.0054909061360935
A00376,42,Female,Hispanic,USA,Muslim,Single,Heterosexual,No,missing,Spanish,majority,Business Analyst,23,Bachelor's,Tier 1,0.8340590424917221,0.16219916052083416,Kim,Taylor,2026-04-01,Referral,No,0.8340590424917221,B2,0.844905566889455
A00377,45,Male,Middle Eastern,USA,missing,Single,LGBTQ+,No,missing,English,minority,Software Engineer,23,Master's,Tier 1,0.7565852138764044,0.1423928084963365,Singh,Skyler,2026-04-01,Indeed,Yes,0.7565852138764044,,0.7176196574747986
A00378,53,Male,White,China,Christian,Married,LGBTQ+,No,missing,English,majority,ML Engineer,15,Bachelor's,missing,0.5170161482451008,0.11630083889030773,Lee,Sam,2026-04-01,Indeed,No,0.5170161482451008,,0.4584885717299398
A00379,41,Male,White,China,missing,Married,Heterosexual,No,missing,English,majority,Senior Software Engineer,22,Master's,Tier 1,0.11649050387193327,0.5435450268653862,Khan,Jordan,2026-04-01,Indeed,No,0.11649050387193327,,0.11368578983351964
A00380,27,Male,White,USA,Christian,Single,LGBTQ+,No,Cognitive/Neurodivergent,English,minority,UX Designer,23,Master's,Tier 3,0.7254288364228708,0.6275034653480174,Ahmed,Morgan,2026-04-01,Referral,Yes,0.7254288364228708,,0.7165891767471915
A00381,54,Male,White,USA,Muslim,Single,Heterosexual,No,missing,English,majority,ML Engineer,9,Bachelor's,Tier 2,0.3411075253771536,0.680337919179925,Williams,Skyler,2026-04-01,Indeed,No,0.3411075253771536,,0.28353156740078
A00382,41,Male,White,USA,Christian,Married,Heterosexual,No,missing,Vietnamese,majority,Business Analyst,7,Bachelor's,Tier 2,0.11853670904026037,0.23269802528207273,Lee,Skyler,2026-04-01,LinkedIn,No,0.11853670904026037,,0.12435447082486958
A00383,46,Male,White,USA,missing,Married,Heterosexual,Yes,missing,English,majority,DevOps Engineer,2,Bachelor's,Tier 2,0.3445646985189075,0.6221682947304433,Okafor,Sam,2026-04-01,Referral,No,0.3445646985189075,,0.2870190224533644
A00384,34,Female,Asian,USA,Hindu,Married,Heterosexual,No,missing,Spanish,minority,Data Scientist,0,Master's,Tier 2,0.29237958204792414,0.525048135423533,Kim,Morgan,2026-04-01,Referral,No,0.29237958204792414,,0.3479849456343892
A00385,36,Female,White,USA,Buddhist,Single,Heterosexual,No,missing,Vietnamese,majority,UX Designer,8,Master's,Tier 2,0.5582094322572487,0.45567539655970524,Johnson,Sam,2026-04-01,Direct,No,0.5582094322572487,,0.6113419625466565
A00386,36,Male,White,USA,Christian,Single,LGBTQ+,No,missing,English,minority,ML Engineer,11,Bachelor's,Tier 2,0.5103322638444875,0.4223685020907857,Nguyen,Morgan,2026-04-01,Direct,No,0.5103322638444875,,0.5645698271093085
A00387,54,Female,Asian,USA,Hindu,Divorced,Heterosexual,No,Hearing,Hindi,majority,DevOps Engineer,24,Bachelor's,Tier 2,0.6402987656128956,0.20809193494045486,Ahmed,Riley,2026-04-01,Referral,No,0.6402987656128956,,0.6165962420824691
A00388,40,Non-binary,White,USA,Christian,Married,Heterosexual,No,missing,English,majority,Software Engineer,21,Bachelor's,Tier 2,0.2685423659372146,0.518356054478286,Diallo,Casey,2026-04-01,Direct,No,0.2685423659372146,,0.294268394103119
A00389,50,Female,Black,China,missing,Married,Heterosexual,No,Visual,Vietnamese,minority,Data Scientist,4,PhD,Tier 2,0.5918470848303315,0.5005692471311947,Nguyen,Riley,2026-04-01,LinkedIn,No,0.5918470848303315,B2,0.5852436095693637
A00390,24,Female,White,USA,Christian,Single,Heterosexual,No,missing,English,minority,Senior Software Engineer,11,Bachelor's,Tier 1,0.1341074555467583,0.47781746358488764,Johnson,Sam,2026-04-01,Indeed,No,0.1341074555467583,,0.1146668524766342
A00391,49,Female,White,China,Christian,Single,Heterosexual,No,Visual,English,majority,Data Scientist,5,Bachelor's,Tier 3,0.6981623824286695,0.6996178454811267,Patel,Alex,2026-04-01,Direct,Yes,0.6981623824286695,,0.6812050995715662
A00392,37,Male,Black,USA,Muslim,Divorced,Heterosexual,No,missing,Spanish,majority,DevOps Engineer,1,PhD,Tier 2,0.7190551543004088,0.3284813507452401,Williams,Morgan,2026-04-01,LinkedIn,No,0.7190551543004088,B2,0.6540693906487013
A00393,29,Female,Native American,USA,Christian,Married,Heterosexual,No,missing,Vietnamese,majority,Marketing Manager,24,Bachelor's,Tier 3,0.17199740158099563,0.5860147033998716,Hernandez,Riley,2026-04-01,Indeed,No,0.17199740158099563,,0.09980421678623957
A00394,60,Female,Asian,USA,Christian,Single,Heterosexual,No,missing,English,majority,Senior Software Engineer,2,Bachelor's,Tier 3,0.903998557786778,0.6931237826310396,Nguyen,Taylor,2026-04-01,Direct,Yes,0.903998557786778,,0.9437142973305802
A00395,27,Male,White,USA,missing,Married,Heterosexual,No,missing,English,majority,UX Designer,12,Associates,Tier 1,0.11953386537076693,0.07086830696231694,Okafor,Riley,2026-04-01,Indeed,No,0.11953386537076693,,0.10997209517479092
A00396,40,Male,Middle Eastern,USA,Muslim,Married,Heterosexual,No,missing,English,majority,ML Engineer,16,High School,Tier 2,0.19139220209666197,0.7657195037411323,Smith,Riley,2026-04-01,LinkedIn,No,0.19139220209666197,,0.20221344465304314
A00397,23,Male,White,USA,Christian,Single,Heterosexual,No,Cognitive/Neurodivergent,English,minority,ML Engineer,6,Bachelor's,Tier 2,0.4540555927711547,0.28314680620695853,Smith,Casey,2026-04-01,Referral,No,0.4540555927711547,,0.5041411121938607
A00398,39,Female,White,USA,missing,Married,Heterosexual,No,missing,English,majority,DevOps Engineer,2,Bachelor's,Tier 1,0.7519005091589798,0.8499609435095178,Rodriguez,Morgan,2026-04-01,LinkedIn,Yes,0.7519005091589798,,0.6652438844081761
A00399,22,Male,White,USA,missing,Single,Heterosexual,No,Mobility,English,majority,UX Designer,13,Master's,Tier 2,0.6065830852707613,0.347552705701908,Garcia,Casey,2026-04-01,Direct,No,0.6065830852707613,,0.5673765815799666
A00400,27,Male,Black,USA,Hindu,Single,Heterosexual,No,missing,English,majority,UX Designer,4,Master's,Tier 2,0.21071617445428548,0.1781577687753687,Garcia,Casey,2026-04-01,LinkedIn,No,0.21071617445428548,B2,0.21948291662753902
A00401,30,Female,Asian,USA,missing,Married,Heterosexual,No,missing,English,majority,Software Engineer,17,Bachelor's,Tier 2,0.4439062109881764,0.7830509650817632,Smith,Riley,2026-04-01,Indeed,No,0.4439062109881764,,0.46351095032145506
A00402,36,Female,Hispanic,USA,Christian,Single,Heterosexual,No,missing,English,majority,DevOps Engineer,23,Bachelor's,Tier 2,0.755780173355861,0.14524771025553784,Wang,Morgan,2026-04-01,Referral,Yes,0.755780173355861,B2,0.7369264508358062
A00403,38,Male,White,Vietnam,missing,Single,Heterosexual,No,missing,English,minority,Software Engineer,21,Bachelor's,missing,0.3569965152566841,0.533756092270334,Nguyen,Sam,2026-04-01,Direct,No,0.3569965152566841,,0.4084554768915765
A00404,29,Male,Middle Eastern,USA,Christian,Divorced,Heterosexual,No,missing,English,majority,ML Engineer,12,Bachelor's,Tier 3,0.08711189595461233,0.10812670386161838,Nguyen,Skyler,2026-04-01,LinkedIn,No,0.08711189595461233,,0.09763164289609418
A00405,35,Male,White,USA,missing,Single,Heterosexual,No,missing,English,minority,Business Analyst,5,Bachelor's,Tier 2,0.8796589438160451,0.16136485449689886,Ahmed,Skyler,2026-04-01,Indeed,Yes,0.8796589438160451,,0.8189898368746522
A00406,62,Female,Asian,USA,Hindu,Single,Heterosexual,No,missing,English,minority,Data Scientist,13,Master's,Tier 2,0.03706122364933562,0.8577185742708364,Khan,Jordan,2026-04-01,LinkedIn,No,0.03706122364933562,,-0.009476965150196644
A00407,26,Female,Hispanic,China,missing,Single,Heterosexual,No,missing,English,majority,Senior Software Engineer,19,Bachelor's,Tier 3,0.537719548940686,0.09855755515460385,Brown,Skyler,2026-04-01,Referral,No,0.537719548940686,B2,0.5779931019654171
A00408,53,Female,White,China,Christian,Married,Heterosexual,No,missing,English,majority,UX Designer,10,Bachelor's,Tier 3,0.606715576112814,0.20389492076474836,Johnson,Casey,2026-04-01,Referral,No,0.606715576112814,,0.6299071489356171
A00409,32,Female,Asian,USA,Christian,Married,Prefer not to say,No,missing,English,majority,Business Analyst,22,Bachelor's,Tier 1,0.9706258093285252,0.29225402723203275,Brown,Alex,2026-04-01,LinkedIn,Yes,0.9706258093285252,,0.8756727473781951
A00410,52,Male,White,USA,missing,missing,LGBTQ+,No,missing,English,minority,Sales Representative,23,Bachelor's,Tier 2,0.962823318143758,0.006821771609255456,Brown,Morgan,2026-04-01,LinkedIn,Yes,0.962823318143758,,1.0302089333368785
A00411,26,Male,Hispanic,USA,Christian,Single,Heterosexual,No,missing,English,majority,Business Analyst,16,Bachelor's,Tier 3,0.706275031740912,0.2686294804939692,Wang,Riley,2026-04-01,Direct,Yes,0.706275031740912,B2,0.7361763832956064
A00412,46,Female,Hispanic,USA,Christian,Married,Heterosexual,No,missing,English,majority,ML Engineer,2,Bachelor's,Tier 2,0.33480509111364487,0.8292736753555547,Garcia,Skyler,2026-04-01,Referral,No,0.33480509111364487,B2,0.4019722404984698
A00413,26,Female,White,USA,Christian,Married,Heterosexual,No,missing,English,majority,Marketing Manager,11,Bachelor's,Tier 2,0.9626855218487292,0.7483791231980584,Hernandez,Taylor,2026-04-01,LinkedIn,Yes,0.9626855218487292,,0.943500477794975
A00414,61,Male,Hispanic,India,Muslim,Single,Heterosexual,No,missing,English,majority,Senior Software Engineer,4,Bachelor's,Tier 1,0.06009133009415435,0.37208892861530396,Lee,Sam,2026-04-01,Referral,No,0.06009133009415435,B2,0.04530601902753806
A00415,52,Male,Middle Eastern,USA,Christian,Married,Heterosexual,No,missing,English,majority,Marketing Manager,8,Bachelor's,Tier 2,0.8555324479673831,0.5976206809371449,Singh,Casey,2026-04-01,Direct,Yes,0.8555324479673831,,0.7992095937298171
A00416,26,Female,Middle Eastern,USA,Christian,Divorced,Heterosexual,No,missing,English,majority,Business Analyst,10,Bachelor's,Tier 2,0.5854801877408122,0.8934094289790134,Cohen,Casey,2026-04-01,Direct,No,0.5854801877408122,,0.7123266662474066
A00417,45,Male,Asian,USA,Christian,Single,Prefer not to say,No,missing,Mandarin,majority,Marketing Manager,20,Bachelor's,Tier 3,0.2441513143440538,0.7785357474753914,Chen,Alex,2026-04-01,Indeed,No,0.2441513143440538,,0.23537860307369635
A00418,62,Male,Hispanic,USA,Christian,Single,Heterosexual,No,missing,English,majority,Product Manager,6,Bachelor's,Tier 3,0.6011123708809222,0.06119845799147117,Wang,Alex,2026-04-01,Indeed,No,0.6011123708809222,B2,0.6804890304850195
A00419,40,Female,Asian,USA,Christian,Married,Heterosexual,No,missing,Vietnamese,majority,Marketing Manager,21,Bachelor's,Tier 3,0.05173238460196983,0.32912903392068216,Cohen,Sam,2026-04-01,Direct,No,0.05173238460196983,,0.019367762032605852
A00420,52,Male,White,USA,Christian,Married,Heterosexual,No,missing,English,majority,Software Engineer,20,Bachelor's,Tier 1,0.21574726221468976,0.10989939874267052,Singh,Jordan,2026-04-01,Indeed,No,0.21574726221468976,,0.2239393218313448
A00421,45,Female,Asian,USA,missing,Divorced,Heterosexual,No,missing,English,minority,ML Engineer,14,Bachelor's,Tier 2,0.6900085604406561,0.3276439496000534,Wang,Riley,2026-04-01,Referral,No,0.6900085604406561,,0.6064409361121521
A00422,36,Female,White,USA,Christian,Married,Heterosexual,No,Visual,English,minority,Data Scientist,6,Master's,Tier 1,0.9722818942402138,0.41209225880302425,Patel,Taylor,2026-04-01,Indeed,Yes,0.9722818942402138,,0.9531385368018753
A00423,47,Male,Black,USA,Muslim,Single,LGBTQ+,No,missing,English,majority,Senior Software Engineer,21,Bachelor's,missing,0.9015643797001824,0.2098925590060685,Wang,Sam,2026-04-01,Referral,No,0.9015643797001824,B2,0.9507521251201838
A00424,24,Male,White,USA,Christian,Single,Heterosexual,No,missing,English,minority,Business Analyst,6,Bachelor's,Tier 2,0.8212253751354737,0.6752836449232039,Lee,Jordan,2026-04-01,Direct,Yes,0.8212253751354737,,0.7586381843567488
A00425,25,Male,White,China,Christian,Single,Heterosexual,No,missing,English,majority,Data Scientist,24,Bachelor's,Tier 2,0.6519553400988487,0.794350349315931,Wang,Taylor,2026-04-01,Referral,No,0.6519553400988487,,0.7055667173455793
A00426,46,Male,Middle Eastern,India,Christian,Single,LGBTQ+,No,missing,English,majority,Software Engineer,13,Bachelor's,Tier 2,0.0802779280950996,0.5046606968200309,Khan,Sam,2026-04-01,Direct,No,0.0802779280950996,,0.09713981888752272
A00427,23,Male,Hispanic,Egypt,Christian,Single,Heterosexual,No,Cognitive/Neurodivergent,English,minority,Software Engineer,20,Master's,Tier 2,0.43953366542119077,0.3844345227087358,Ahmed,Morgan,2026-04-01,Referral,No,0.43953366542119077,B2,0.38733611917197797
A00428,37,Male,Asian,India,Christian,Married,Heterosexual,No,missing,English,minority,Marketing Manager,5,Master's,Tier 2,0.5245647937996676,0.9261476152063298,Singh,Skyler,2026-04-01,Referral,No,0.5245647937996676,,0.4994849302283839
A00429,57,Male,Hispanic,USA,Christian,Single,Heterosexual,No,missing,English,majority,Sales Representative,12,PhD,missing,0.8321898249194947,0.8068278861991276,Johnson,Sam,2026-04-01,Referral,Yes,0.8321898249194947,B2,0.809236541084224
A00430,59,Male,White,USA,Christian,Divorced,Heterosexual,No,missing,English,majority,Data Scientist,22,Master's,Tier 1,0.30468716343094915,0.17566094932024778,Ahmed,Casey,2026-04-01,Referral,No,0.30468716343094915,,0.30221119653382406
A00431,38,Female,White,USA,Christian,Married,Heterosexual,No,missing,English,majority,Marketing Manager,22,Master's,Tier 2,0.590256856657163,0.925532435068875,Diallo,Jordan,2026-04-01,Direct,No,0.590256856657163,,0.5634496583600084
A00432,26,Female,White,USA,Muslim,Married,Heterosexual,No,missing,English,majority,Sales Representative,24,Master's,Tier 2,0.5430665057212146,0.3210639171608327,Khan,Casey,2026-04-01,LinkedIn,No,0.5430665057212146,,0.5017021106809878
A00433,32,Male,White,USA,missing,Single,Heterosexual,No,missing,English,minority,Product Manager,23,Associates,Tier 1,0.4057729447884657,0.37826748092936946,Williams,Skyler,2026-04-01,Referral,No,0.4057729447884657,,0.39054355966272486
A00434,37,Female,White,USA,missing,Single,Heterosexual,No,Hearing,English,minority,Business Analyst,0,Bachelor's,Tier 2,0.07273667467745559,0.7426500451120401,Hernandez,Casey,2026-04-01,Referral,No,0.07273667467745559,,0.02139218774700314
A00435,46,Male,Black,USA,missing,Single,Heterosexual,No,Visual,English,majority,UX Designer,22,Bachelor's,Tier 2,0.6231888563748356,0.8554309836611294,Diallo,Casey,2026-04-01,Referral,No,0.6231888563748356,B2,0.5587125277426818
A00436,48,Female,Black,USA,Christian,Married,Heterosexual,No,missing,English,minority,Data Scientist,14,Bachelor's,missing,0.23446188754779274,0.0012317820385451261,Garcia,Morgan,2026-04-01,LinkedIn,No,0.23446188754779274,B2,0.2320530634224248
A00437,36,Female,Asian,USA,Christian,Married,Heterosexual,No,missing,English,majority,Data Scientist,21,Bachelor's,Tier 2,0.08982923975256751,0.8715152297389139,Chen,Casey,2026-04-01,Indeed,No,0.08982923975256751,,0.13397295103029594
A00438,50,Male,Asian,USA,missing,Single,Heterosexual,No,missing,English,majority,DevOps Engineer,23,Bachelor's,Tier 1,0.24566035850385437,0.25698507168557183,Ahmed,Sam,2026-04-01,Referral,No,0.24566035850385437,,0.16919177324798612
A00439,27,Male,White,USA,Christian,Single,Heterosexual,No,missing,English,majority,Business Analyst,18,PhD,Tier 1,0.10225725328542734,0.6899410537059009,Patel,Casey,2026-04-01,Indeed,No,0.10225725328542734,,0.10243266085862536
A00440,32,Male,White,USA,Christian,Married,Heterosexual,No,missing,English,majority,ML Engineer,17,Associates,Tier 1,0.5386419389926036,0.3448596206856708,Singh,Casey,2026-04-01,Direct,No,0.5386419389926036,,0.5061441292525388
A00441,38,Male,White,Mexico,Christian,Single,Heterosexual,No,Cognitive/Neurodivergent,Mandarin,majority,Data Scientist,23,Bachelor's,Tier 1,0.3253202835856077,0.3533179692836017,Ahmed,Taylor,2026-04-01,Indeed,No,0.3253202835856077,,0.2764630117288732
A00442,58,Female,White,USA,Buddhist,Married,LGBTQ+,No,missing,Spanish,minority,Software Engineer,24,Bachelor's,Tier 2,0.14235495594710845,0.08663718612911187,Nguyen,Jordan,2026-04-01,Referral,No,0.14235495594710845,,0.18502683858283941
A00443,21,Male,Black,USA,Christian,Married,Heterosexual,No,Cognitive/Neurodivergent,English,majority,Sales Representative,23,Associates,Tier 2,0.1276416367023171,0.6534292545082142,Singh,Taylor,2026-04-01,LinkedIn,No,0.1276416367023171,B2,0.10173315224778379
A00444,52,Female,Asian,USA,Christian,Single,Heterosexual,No,missing,English,majority,ML Engineer,4,Bachelor's,Tier 2,0.5537392664628543,0.21685030602391353,Diallo,Taylor,2026-04-01,LinkedIn,No,0.5537392664628543,,0.6286543506160983
A00445,48,Male,White,USA,Christian,Single,Heterosexual,No,missing,Spanish,majority,Sales Representative,10,Master's,Tier 1,0.486271594018875,0.12538436604488545,Lee,Casey,2026-04-01,Referral,No,0.486271594018875,,0.44727962581155534
A00446,39,Female,White,USA,Christian,Single,Heterosexual,No,missing,English,majority,Product Manager,11,Bachelor's,Tier 1,0.14677710005793188,0.3409383164110865,Patel,Jordan,2026-04-01,Referral,No,0.14677710005793188,,0.1661021997392235
A00447,57,Female,Middle Eastern,USA,missing,Married,Heterosexual,No,Visual,English,minority,Senior Software Engineer,20,Master's,Tier 2,0.50424365984742,0.2837818486873318,Brown,Riley,2026-04-01,LinkedIn,No,0.50424365984742,,0.4928795095195599
A00448,35,Female,White,USA,Christian,Married,Heterosexual,No,Visual,English,minority,Software Engineer,14,Bachelor's,Tier 2,0.7373527619945183,0.8561699414802152,Wang,Sam,2026-04-01,LinkedIn,Yes,0.7373527619945183,,0.6996516715382001
A00449,53,Female,White,USA,missing,Single,Heterosexual,No,missing,English,majority,UX Designer,15,Master's,missing,0.817278821661141,0.7178581459429053,Nguyen,Morgan,2026-04-01,Referral,Yes,0.817278821661141,,0.8466625737900286
A00450,35,Male,Black,USA,Christian,Single,LGBTQ+,No,missing,Spanish,minority,Sales Representative,23,Master's,Tier 3,0.5909950041422766,0.9868175979153122,Chen,Casey,2026-04-01,Referral,No,0.5909950041422766,B2,0.5832458754885362
A00451,46,Male,Middle Eastern,USA,missing,Divorced,Heterosexual,Yes,missing,Mandarin,majority,DevOps Engineer,13,Bachelor's,Tier 1,0.8979243144652485,0.4952065940787135,Kim,Taylor,2026-04-01,Direct,Yes,0.8979243144652485,,0.9280848435009308
A00452,32,Female,Asian,USA,missing,Single,Heterosexual,No,missing,Hindi,minority,Marketing Manager,12,Bachelor's,missing,0.3113284660375786,0.5647583996757195,Lee,Taylor,2026-04-01,Indeed,No,0.3113284660375786,,0.30896389067672875
A00453,26,Male,Native American,USA,Christian,Single,Heterosexual,No,missing,Farsi,minority,Data Scientist,14,Master's,missing,0.8843027596913342,0.4789548274885229,Brown,Sam,2026-04-01,Referral,Yes,0.8843027596913342,,0.8300119469262623
A00454,32,Male,White,USA,Christian,Single,Heterosexual,Yes,missing,English,majority,ML Engineer,14,Master's,Tier 2,0.39741573836901023,0.665925650467205,Williams,Casey,2026-04-01,LinkedIn,No,0.39741573836901023,,0.3923122762095649
A00455,34,Female,White,USA,Buddhist,Single,Heterosexual,No,missing,Farsi,minority,Marketing Manager,7,Master's,Tier 2,0.01168702100307939,0.23806039121891753,Patel,Riley,2026-04-01,Indeed,No,0.01168702100307939,,0.014284779478886416
A00456,54,Female,Asian,USA,Muslim,Single,Heterosexual,No,missing,English,majority,Business Analyst,11,Master's,Tier 2,0.650246613475882,0.4612867169819892,Smith,Casey,2026-04-01,Indeed,No,0.650246613475882,,0.6981697611699418
A00457,35,Female,Black,USA,Christian,Married,Heterosexual,No,missing,English,majority,ML Engineer,13,Bachelor's,Tier 2,0.17888315846790925,0.6435654706771182,Garcia,Riley,2026-04-01,LinkedIn,No,0.17888315846790925,B2,0.13356970810115032
A00458,24,Male,White,USA,Christian,Married,Heterosexual,No,missing,English,majority,Sales Representative,9,Master's,Tier 3,0.7003633432268965,0.4134382713724418,Lee,Casey,2026-04-01,Direct,Yes,0.7003633432268965,,0.6983968505635313
A00459,20,Male,White,USA,Christian,Single,Heterosexual,No,missing,English,minority,DevOps Engineer,14,Master's,Tier 3,0.4214054130475964,0.02963065748060456,Khan,Skyler,2026-04-01,LinkedIn,No,0.4214054130475964,,0.33531147653609444
A00460,39,Non-binary,Asian,USA,missing,Divorced,Heterosexual,No,Cognitive/Neurodivergent,English,minority,Product Manager,1,Associates,Tier 2,0.3394058791702438,0.17730565439794077,Patel,Jordan,2026-04-01,Indeed,No,0.3394058791702438,,0.37198053218740956
A00461,39,Female,White,USA,Muslim,Married,Heterosexual,No,missing,English,majority,Sales Representative,22,Associates,Tier 1,0.16950138943014115,0.0433285260619416,Cohen,Alex,2026-04-01,Referral,No,0.16950138943014115,,0.11542724069810886
A00462,35,Male,White,USA,Buddhist,missing,Heterosexual,No,missing,Spanish,majority,UX Designer,3,Bachelor's,Tier 2,0.9936023267132718,0.9210433056065245,Khan,Jordan,2026-04-01,LinkedIn,Yes,0.9936023267132718,,0.9032843506590915
A00463,46,Female,Hispanic,USA,Christian,Single,Prefer not to say,No,missing,Spanish,majority,ML Engineer,9,Master's,Tier 1,0.9134438079281945,0.3728198608021076,Singh,Skyler,2026-04-01,Referral,Yes,0.9134438079281945,B2,0.9104829662144576
A00464,25,Male,White,USA,Muslim,Married,Heterosexual,No,missing,English,minority,Sales Representative,19,Associates,Tier 2,0.32032715502311004,0.6659498480218644,Johnson,Skyler,2026-04-01,LinkedIn,No,0.32032715502311004,,0.3756114029562524
A00465,57,Female,Hispanic,USA,Christian,Single,Heterosexual,No,missing,English,majority,Senior Software Engineer,3,Associates,Tier 2,0.3709281234544859,0.7009986272033115,Brown,Skyler,2026-04-01,Referral,No,0.3709281234544859,B2,0.29470577604389214
A00466,52,Female,Asian,USA,missing,Married,Heterosexual,No,missing,Hindi,majority,Business Analyst,10,Bachelor's,Tier 3,0.7250109888466072,0.679055224927868,Smith,Morgan,2026-04-01,LinkedIn,Yes,0.7250109888466072,,0.6706092095771858
A00467,20,Female,White,Egypt,Muslim,Single,Heterosexual,No,missing,English,majority,Senior Software Engineer,16,Associates,Tier 2,0.5280435157796404,0.9677377025234062,Singh,Riley,2026-04-01,Direct,No,0.5280435157796404,,0.4908797712269763
A00468,26,Male,White,USA,missing,Single,Heterosexual,No,missing,Farsi,majority,UX Designer,10,High School,Tier 3,0.9464041432906458,0.5223076570146489,Wang,Alex,2026-04-01,Direct,Yes,0.9464041432906458,,0.8899293109735457
A00469,24,Male,Black,USA,Christian,Single,Heterosexual,No,Visual,English,majority,ML Engineer,16,Bachelor's,Tier 2,0.4587871152505184,0.6722447844718189,Hernandez,Casey,2026-04-01,Indeed,No,0.4587871152505184,B2,0.47775850966724764
A00470,62,Female,Hispanic,USA,Muslim,Single,Heterosexual,No,missing,English,majority,DevOps Engineer,6,Bachelor's,Tier 2,0.20285893287037438,0.33222539393882333,Singh,Alex,2026-04-01,Referral,No,0.20285893287037438,B2,0.1624905606181501
A00471,30,Female,Black,USA,Muslim,Single,Heterosexual,No,missing,English,majority,ML Engineer,13,Bachelor's,Tier 2,0.10296423655108289,0.49595083927124506,Nguyen,Sam,2026-04-01,LinkedIn,No,0.10296423655108289,B2,0.06688849972807279
A00472,33,Male,White,USA,Christian,Married,Heterosexual,No,missing,English,minority,DevOps Engineer,16,Bachelor's,Tier 2,0.5452254089808182,0.7567714884705936,Smith,Riley,2026-04-01,Direct,No,0.5452254089808182,,0.5743906789149338
A00473,22,Female,White,USA,Christian,Single,Heterosexual,No,missing,Spanish,majority,ML Engineer,18,Bachelor's,Tier 2,0.5851962269094204,0.06460095375618002,Williams,Alex,2026-04-01,LinkedIn,No,0.5851962269094204,,0.5474204953609862
A00474,21,Female,White,USA,Muslim,Divorced,Heterosexual,No,Hearing,Hindi,majority,Data Scientist,15,Bachelor's,Tier 3,0.21851513055617866,0.9919762311580039,Ahmed,Casey,2026-04-01,LinkedIn,No,0.21851513055617866,,0.24015413544521477
A00475,60,Female,White,USA,Christian,Married,Heterosexual,No,Cognitive/Neurodivergent,English,majority,Sales Representative,16,Master's,Tier 2,0.45582637626874545,0.7905049630720881,Lee,Sam,2026-04-01,LinkedIn,No,0.45582637626874545,,0.4072571176746433
A00476,24,Female,Hispanic,USA,Christian,Single,Heterosexual,No,Visual,English,majority,Business Analyst,3,PhD,Tier 2,0.3605333324018102,0.5474907033887959,Brown,Skyler,2026-04-01,LinkedIn,No,0.3605333324018102,B2,0.2999264066910457
A00477,44,Female,White,USA,Christian,Single,Heterosexual,No,missing,English,minority,UX Designer,15,PhD,Tier 3,0.28946046665762615,0.29815992943664005,Diallo,Taylor,2026-04-01,Direct,No,0.28946046665762615,,0.19768800219808003
A00478,52,Male,White,USA,Christian,Single,Heterosexual,No,Hearing,English,majority,ML Engineer,7,Bachelor's,Tier 2,0.15536366861102524,0.6176193326684827,Johnson,Taylor,2026-04-01,Indeed,No,0.15536366861102524,,0.24842380795661168
A00479,57,Female,White,Mexico,Muslim,Single,Heterosexual,No,missing,English,majority,Software Engineer,9,Bachelor's,Tier 3,0.17580589213523168,0.840198981410327,Singh,Skyler,2026-04-01,Direct,No,0.17580589213523168,,0.15979294052868184
A00480,32,Male,White,USA,missing,Married,Heterosexual,No,missing,English,majority,Marketing Manager,4,Bachelor's,Tier 2,0.21994112860961068,0.12179713650402635,Hernandez,Casey,2026-04-01,LinkedIn,No,0.21994112860961068,,0.23213779700703213
A00481,45,Female,White,USA,missing,Single,Heterosexual,No,missing,Mandarin,majority,UX Designer,20,Associates,Tier 3,0.03674482046903926,0.8866169263111144,Khan,Riley,2026-04-01,Indeed,No,0.03674482046903926,,0.0351923450199993
A00482,51,Male,White,USA,Christian,Single,LGBTQ+,No,missing,English,majority,Business Analyst,21,Bachelor's,Tier 2,0.7086164018536355,0.7469140424280724,Lee,Jordan,2026-04-01,Direct,Yes,0.7086164018536355,,0.7166144897039987
A00483,47,Female,Black,Mexico,Christian,Single,Heterosexual,No,missing,English,majority,ML Engineer,24,Master's,Tier 1,0.5126909635748691,0.7776279603355251,Wang,Casey,2026-04-01,Referral,No,0.5126909635748691,B2,0.5151752875435878
A00484,37,Male,White,USA,Christian,Married,Heterosexual,No,Mobility,English,minority,Product Manager,18,High School,Tier 3,0.5639850029975546,0.9580277162829103,Wang,Morgan,2026-04-01,Direct,No,0.5639850029975546,,0.6593958549576895
A00485,53,Male,Hispanic,USA,Christian,Single,Heterosexual,No,Hearing,Vietnamese,majority,Data Scientist,19,Associates,Tier 2,0.7993916578363136,0.8616270172681023,Garcia,Casey,2026-04-01,LinkedIn,Yes,0.7993916578363136,B2,0.7474453282884562
A00486,39,Female,White,USA,missing,Married,Heterosexual,No,missing,English,majority,Senior Software Engineer,3,PhD,missing,0.7040870723018962,0.8364129180495781,Johnson,Morgan,2026-04-01,Indeed,Yes,0.7040870723018962,,0.6262139669969873
A00487,22,Female,Native American,USA,Christian,Divorced,Heterosexual,No,missing,English,minority,Sales Representative,14,Bachelor's,Tier 1,0.5366136739309555,0.6786244754386807,Kim,Morgan,2026-04-01,Indeed,No,0.5366136739309555,,0.48601569050673776
A00488,58,Female,Middle Eastern,USA,Hindu,Married,Heterosexual,No,missing,English,majority,Data Scientist,24,Bachelor's,Tier 1,0.8399065187818798,0.5706495107060734,Okafor,Morgan,2026-04-01,Direct,Yes,0.8399065187818798,,0.7731710682939525
A00489,31,Female,Middle Eastern,USA,missing,missing,LGBTQ+,No,missing,English,minority,UX Designer,24,Bachelor's,Tier 3,0.46620472366393917,0.42509393045675803,Brown,Jordan,2026-04-01,LinkedIn,No,0.46620472366393917,,0.5035528262880363
A00490,22,Male,Hispanic,USA,Christian,Married,Prefer not to say,No,Cognitive/Neurodivergent,English,majority,ML Engineer,0,Bachelor's,Tier 3,0.6761360088830594,0.6687849420202768,Khan,Taylor,2026-04-01,LinkedIn,No,0.6761360088830594,B2,0.7171549193599472
A00491,33,Female,White,USA,missing,Married,Heterosexual,No,Cognitive/Neurodivergent,English,majority,Software Engineer,19,Bachelor's,Tier 3,0.4285141288219194,0.5891615688764676,Johnson,Alex,2026-04-01,Direct,No,0.4285141288219194,,0.3804483515644031
A00492,39,Male,White,USA,missing,Married,Heterosexual,No,missing,English,minority,Data Scientist,18,Bachelor's,Tier 2,0.7254631085179705,0.16791171167075014,Brown,Riley,2026-04-01,Direct,Yes,0.7254631085179705,,0.6559413196948208
A00493,35,Male,Hispanic,USA,Christian,Married,Heterosexual,No,Hearing,English,majority,Software Engineer,9,Associates,Tier 2,0.8082078814242334,0.3134132036089309,Brown,Skyler,2026-04-01,LinkedIn,No,0.8082078814242334,B2,0.7904680487671787
A00494,55,Male,White,USA,Muslim,Single,Heterosexual,No,missing,Vietnamese,majority,Product Manager,10,Associates,Tier 2,0.20828747148585935,0.834675187148476,Patel,Alex,2026-04-01,LinkedIn,No,0.20828747148585935,,0.27784366537967903
A00495,33,Female,White,USA,Christian,Single,Heterosexual,No,missing,Farsi,majority,ML Engineer,21,High School,Tier 3,0.4939821679792037,0.8108116074694198,Ahmed,Jordan,2026-04-01,Direct,No,0.4939821679792037,,0.3530036970892879
A00496,59,Female,White,Vietnam,Christian,Married,Heterosexual,No,Hearing,English,majority,ML Engineer,10,Bachelor's,Tier 1,0.10403402825403629,0.11827905410688211,Diallo,Jordan,2026-04-01,Direct,No,0.10403402825403629,,0.13036536670483004
A00497,22,Male,White,Mexico,Christian,Single,Heterosexual,No,missing,Spanish,minority,UX Designer,24,Bachelor's,Tier 3,0.29881891991107545,0.6567440851936462,Smith,Sam,2026-04-01,Indeed,No,0.29881891991107545,,0.24503115853864618
A00498,57,Female,White,USA,missing,Married,Heterosexual,No,missing,English,minority,Data Scientist,16,Bachelor's,Tier 2,0.5357220197000865,0.4307240389610003,Hernandez,Morgan,2026-04-01,Direct,No,0.5357220197000865,,0.5877403770271502
A00499,54,Female,Black,USA,missing,Single,Heterosexual,No,missing,English,majority,Data Scientist,10,Bachelor's,Tier 1,0.5764171679264518,0.8117258238799953,Smith,Casey,2026-04-01,Referral,No,0.5764171679264518,B2,0.5225209708826142
