applicant_id,age,gender,race_ethnicity,national_origin,religion,marital_status,sexual_orientation,veteran_status,disability_status,primary_language,zip_minority_majority,role_applied,years_experience,education_level,university_tier,skill_match_score,photo_attractiveness_score,last_name,first_name,application_date,source,invite_decision,true_qualification_score,_bias_flags,model_score
A00000,52,Female,White,USA,Christian,Married,LGBTQ+,No,missing,English,majority,Senior Software Engineer,18,Bachelor's,Tier 2,0.5461075039449821,0.8992668532625543,Patel,Casey,2026-04-01,Direct,No,0.5461075039449821,,0.5461690116128562
A00001,33,Male,White,USA,Christian,Single,Heterosexual,No,Hearing,English,majority,Data Scientist,0,Bachelor's,Tier 1,0.9035141329843382,0.06780914256284909,Wang,Taylor,2026-04-01,Direct,Yes,0.9035141329843382,,0.9184514098597617
A00002,49,Male,White,Iran,Christian,Single,Heterosexual,No,missing,English,majority,Product Manager,4,Bachelor's,Tier 1,0.5580654842589526,0.18540960903309478,Okafor,Sam,2026-04-01,Referral,No,0.5580654842589526,,0.5443585914908418
A00003,23,Male,White,USA,Christian,Single,Heterosexual,No,missing,English,majority,Data Scientist,15,Bachelor's,Tier 2,0.7846335755466264,0.7597597713251044,Wang,Jordan,2026-04-01,Indeed,Yes,0.7846335755466264,,0.7401039836087626
A00004,58,Male,White,USA,Muslim,Married,Heterosexual,No,missing,Spanish,majority,Marketing Manager,14,PhD,Tier 2,0.9912191450644817,0.4285522558070026,Hernandez,Taylor,2026-04-01,Referral,Yes,0.9912191450644817,,0.9684856058058956
A00005,54,Female,White,USA,Christian,Single,Heterosexual,No,missing,Spanish,majority,Data Scientist,18,Bachelor's,Tier 3,0.34576941856145427,0.9007779930117944,Ahmed,Alex,2026-04-01,Indeed,No,0.34576941856145427,,0.29618709081163114
A00006,33,Male,White,USA,Muslim,Single,Heterosexual,No,missing,English,majority,Data Scientist,21,Bachelor's,Tier 2,0.4324506883642172,0.14964819115432781,Kim,Sam,2026-04-01,Direct,No,0.4324506883642172,,0.43545786849408913
A00007,51,Female,White,China,Christian,Single,LGBTQ+,No,missing,English,majority,Software Engineer,15,Master's,Tier 2,0.23895244437060892,0.2948490477799821,Cohen,Taylor,2026-04-01,Referral,No,0.23895244437060892,,0.3059632066483356
A00008,32,Male,White,USA,Christian,Married,Heterosexual,No,missing,English,majority,Software Engineer,15,Bachelor's,Tier 3,0.9893889208274007,0.6115468602238967,Rodriguez,Taylor,2026-04-01,Referral,Yes,0.9893889208274007,,0.9647785948998342
A00009,54,Female,Hispanic,USA,missing,Married,Heterosexual,No,Visual,Spanish,minority,DevOps Engineer,6,Bachelor's,Tier 3,0.16076588179194207,0.3391761527074759,Khan,Morgan,2026-04-01,Direct,No,0.16076588179194207,B4,0.12974213680094504
A00010,58,Female,Asian,USA,Christian,Single,Heterosexual,Yes,missing,English,majority,UX Designer,23,Bachelor's,missing,0.9666566437206374,0.12370446733282137,Khan,Riley,2026-04-01,Referral,Yes,0.9666566437206374,,0.9911487462298973
A00011,27,Male,White,USA,Christian,Single,Heterosexual,No,Visual,English,minority,Business Analyst,20,Master's,Tier 2,0.6646421998560043,0.319367388560687,Diallo,Sam,2026-04-01,Indeed,No,0.6646421998560043,B4,0.6824865502640073
A00012,43,Male,Asian,USA,Christian,Single,Heterosexual,No,missing,English,majority,Sales Representative,14,Bachelor's,Tier 1,0.44167214316274783,0.7157839839713713,Khan,Skyler,2026-04-01,LinkedIn,No,0.44167214316274783,,0.44694285561264274
A00013,21,Female,White,USA,Muslim,Divorced,LGBTQ+,No,missing,English,minority,Business Analyst,15,Bachelor's,Tier 2,0.7039354712661667,0.7177076225213106,Lee,Alex,2026-04-01,Indeed,No,0.7039354712661667,B4,0.6574120690307566
A00014,42,Female,White,Egypt,missing,Married,Heterosexual,No,missing,Mandarin,minority,Software Engineer,0,Bachelor's,missing,0.2344447229375809,0.8479871501740485,Rodriguez,Riley,2026-04-01,Direct,No,0.2344447229375809,B4,0.2329821318144172
A00015,38,Female,White,USA,Christian,Single,Heterosexual,No,Visual,English,majority,ML Engineer,20,Master's,missing,0.29397178175991623,0.7954270350541558,Chen,Alex,2026-04-01,LinkedIn,No,0.29397178175991623,,0.3287369414828306
A00016,55,Male,White,USA,Christian,Single,Heterosexual,No,Cognitive/Neurodivergent,English,majority,Data Scientist,9,Bachelor's,Tier 3,0.21981717181696303,0.15402409757202096,Diallo,Alex,2026-04-01,Indeed,No,0.21981717181696303,,0.15260644445270893
A00017,30,Female,White,USA,Christian,Divorced,Heterosexual,No,missing,Vietnamese,majority,Product Manager,3,PhD,missing,0.3919973951622451,0.07279591299995591,Kim,Alex,2026-04-01,Direct,No,0.3919973951622451,,0.3691166071102342
A00018,31,Male,Asian,USA,Hindu,Single,Heterosexual,Yes,missing,English,minority,UX Designer,8,Bachelor's,Tier 2,0.9343272002281339,0.8309679468952909,Lee,Sam,2026-04-01,Direct,No,0.9343272002281339,B4,0.8392660632380917
A00019,28,Female,Black,USA,Christian,Married,Heterosexual,No,missing,Spanish,minority,Data Scientist,17,Bachelor's,Tier 3,0.6190093058244968,0.558495277501986,Smith,Skyler,2026-04-01,Referral,No,0.6190093058244968,B4,0.554532418835248
A00020,29,Male,Asian,Egypt,missing,Married,LGBTQ+,Yes,Cognitive/Neurodivergent,English,majority,Software Engineer,24,Master's,Tier 2,0.8209601127248034,0.2913310329081584,Lee,Morgan,2026-04-01,Referral,Yes,0.8209601127248034,,0.7288733608352168
A00021,53,Female,White,USA,missing,Single,Heterosexual,No,missing,Vietnamese,majority,Software Engineer,14,Master's,Tier 3,0.8337573912623504,0.3368117605511588,Diallo,Morgan,2026-04-01,Direct,Yes,0.8337573912623504,,0.8220028347086163
A00022,33,Non-binary,Hispanic,USA,Hindu,Single,Heterosexual,No,Hearing,Spanish,minority,Sales Representative,17,Bachelor's,Tier 3,0.7522534602559036,0.09116791710311833,Nguyen,Skyler,2026-04-01,Referral,No,0.7522534602559036,B4,0.6888811361837184
A00023,36,Male,White,USA,Christian,Single,Heterosexual,No,missing,English,majority,Business Analyst,2,Bachelor's,Tier 2,0.8583447799983734,0.605967642446052,Patel,Skyler,2026-04-01,Direct,Yes,0.8583447799983734,,0.8719079979394585
A00024,55,Female,White,USA,Christian,Single,Heterosexual,No,missing,Mandarin,majority,ML Engineer,4,Master's,Tier 3,0.5504354173967722,0.10308610962063502,Diallo,Skyler,2026-04-01,Referral,No,0.5504354173967722,,0.5582729717279834
A00025,36,Male,Middle Eastern,USA,missing,Single,Heterosexual,Yes,missing,English,majority,Data Scientist,9,Bachelor's,Tier 3,0.67788424376075,0.20618421395249542,Chen,Skyler,2026-04-01,LinkedIn,No,0.67788424376075,,0.6685376965292522
A00026,20,Female,Black,USA,Christian,Divorced,Heterosexual,No,missing,Farsi,minority,Data Scientist,13,PhD,Tier 3,0.13371350112430336,0.05449628612002688,Hernandez,Riley,2026-04-01,Indeed,No,0.13371350112430336,B4,0.007875515583277704
A00027,27,Non-binary,Middle Eastern,USA,Christian,Married,Heterosexual,No,Cognitive/Neurodivergent,English,majority,Sales Representative,20,Bachelor's,Tier 3,0.9884426294005566,0.5130858535403369,Lee,Jordan,2026-04-01,Indeed,Yes,0.9884426294005566,,0.9615079846082247
A00028,60,Male,White,USA,missing,Married,Heterosexual,No,missing,English,minority,DevOps Engineer,15,Master's,Tier 1,0.10274500215979943,0.2501487171213598,Brown,Riley,2026-04-01,Indeed,No,0.10274500215979943,B4,0.10031995488974582
A00029,40,Male,White,USA,Christian,Single,Heterosexual,No,missing,Vietnamese,majority,Marketing Manager,4,Bachelor's,Tier 2,0.14640247268877993,0.6691965360758292,Garcia,Taylor,2026-04-01,Direct,No,0.14640247268877993,,0.1520679219889453
A00030,31,Female,White,USA,Christian,Married,Heterosexual,No,missing,Mandarin,majority,Sales Representative,12,Master's,Tier 2,0.34830282242716437,0.5103998944460156,Kim,Taylor,2026-04-01,Referral,No,0.34830282242716437,,0.2717960341518947
A00031,25,Female,White,Vietnam,missing,Married,Heterosexual,No,missing,English,majority,UX Designer,7,Bachelor's,Tier 3,0.6960692356191867,0.24799103950274315,Johnson,Taylor,2026-04-01,Direct,No,0.6960692356191867,,0.6721815718174902
A00032,47,Female,White,USA,missing,Single,Heterosexual,No,missing,Vietnamese,majority,DevOps Engineer,0,Bachelor's,Tier 1,0.8377588649481095,0.3598371663001825,Cohen,Skyler,2026-04-01,Direct,Yes,0.8377588649481095,,0.7888329110452775
A00033,37,Male,Asian,China,Christian,Single,Heterosexual,No,missing,English,majority,Marketing Manager,8,High School,Tier 2,0.2624880868770716,0.10818626588088776,Brown,Casey,2026-04-01,Referral,No,0.2624880868770716,,0.22204622490579162
A00034,39,Male,Hispanic,India,Jewish,Married,Heterosexual,No,missing,English,minority,Data Scientist,1,Bachelor's,missing,0.3909902415820954,0.394316196670889,Lee,Jordan,2026-04-01,Referral,No,0.3909902415820954,B4,0.4440351727513993
A00035,36,Male,Black,USA,Christian,Single,Heterosexual,No,missing,English,majority,UX Designer,20,Bachelor's,Tier 3,0.5403127542041263,0.38914083247866327,Diallo,Taylor,2026-04-01,Referral,No,0.5403127542041263,,0.49993602043753144
A00036,40,Male,White,USA,Christian,Single,Prefer not to say,No,missing,Mandarin,minority,Data Scientist,17,PhD,Tier 3,0.4930608035169117,0.24194436842831646,Garcia,Taylor,2026-04-01,Referral,No,0.4930608035169117,B4,0.4914347182696357
A00037,45,Male,White,USA,missing,Divorced,Heterosexual,No,missing,English,majority,Product Manager,9,PhD,Tier 2,0.08607334780359777,0.8125996586135644,Williams,Casey,2026-04-01,Indeed,No,0.08607334780359777,,0.13029284117275647
A00038,41,Female,Asian,USA,Christian,Single,Heterosexual,No,missing,Mandarin,majority,Sales Representative,3,Associates,Tier 2,0.6517670906545047,0.9022155700854367,Rodriguez,Alex,2026-04-01,Referral,No,0.6517670906545047,,0.6225870690173396
A00039,62,Female,White,USA,Christian,Single,Heterosexual,No,missing,English,minority,ML Engineer,19,Bachelor's,Tier 2,0.726218856964468,0.5429425891417173,Wang,Casey,2026-04-01,Referral,No,0.726218856964468,B4,0.72063375948526
A00040,21,Male,Asian,USA,Christian,Single,Heterosexual,Yes,missing,English,majority,Software Engineer,21,Bachelor's,Tier 2,0.2713901171416372,0.9871423741745532,Cohen,Taylor,2026-04-01,Direct,No,0.2713901171416372,,0.2769133243041112
A00041,62,Female,Asian,USA,missing,missing,Heterosexual,No,missing,English,majority,UX Designer,23,Bachelor's,Tier 2,0.45967278989514027,0.02904655223873054,Williams,Sam,2026-04-01,LinkedIn,No,0.45967278989514027,,0.46286187860789335
A00042,61,Female,Asian,USA,Christian,Married,Heterosexual,No,missing,English,minority,UX Designer,7,Master's,missing,0.6486290783160515,0.9324922152177109,Johnson,Sam,2026-04-01,LinkedIn,No,0.6486290783160515,B4,0.5873762869951669
A00043,47,Male,White,USA,Christian,Single,Heterosexual,No,Cognitive/Neurodivergent,English,majority,DevOps Engineer,5,Bachelor's,Tier 2,0.5003412082602765,0.052890755383177224,Diallo,Riley,2026-04-01,Direct,No,0.5003412082602765,,0.5041482197791269
A00044,53,Male,White,USA,Christian,Divorced,Heterosexual,No,missing,English,majority,Software Engineer,21,Bachelor's,Tier 3,0.7435033318264344,0.42135790657873506,Johnson,Riley,2026-04-01,Referral,Yes,0.7435033318264344,,0.8114445029135112
A00045,27,Female,Asian,USA,Christian,Single,Prefer not to say,No,missing,English,majority,Data Scientist,14,Bachelor's,Tier 3,0.4057727655219866,0.9831372296032184,Okafor,Riley,2026-04-01,Direct,No,0.4057727655219866,,0.3284155316155625
A00046,45,Female,White,USA,Christian,Married,Heterosexual,No,missing,English,majority,Software Engineer,5,Bachelor's,Tier 1,0.18153425470624684,0.28683559152319726,Lee,Skyler,2026-04-01,Indeed,No,0.18153425470624684,,0.22450338910732676
A00047,34,Female,White,USA,Christian,Single,LGBTQ+,No,Visual,English,minority,Marketing Manager,4,Bachelor's,Tier 3,0.28678113585966647,0.8410993044403305,Kim,Alex,2026-04-01,Referral,No,0.28678113585966647,B4,0.2927488371444955
A00048,40,Male,White,USA,Christian,Single,Heterosexual,No,missing,Spanish,majority,ML Engineer,10,Bachelor's,Tier 2,0.33408447358676485,0.012443280035059234,Wang,Jordan,2026-04-01,Referral,No,0.33408447358676485,,0.30201095388140375
A00049,36,Female,White,USA,Christian,Single,Heterosexual,No,missing,English,majority,Software Engineer,3,Bachelor's,Tier 2,0.7373371932325091,0.2111931549135888,Johnson,Riley,2026-04-01,Referral,No,0.7373371932325091,,0.8373580205496303
A00050,60,Male,Black,USA,Buddhist,Single,Heterosexual,No,missing,Mandarin,minority,Sales Representative,2,Bachelor's,Tier 2,0.4118300107831351,0.37347628604354277,Diallo,Taylor,2026-04-01,Referral,No,0.4118300107831351,B4,0.4499429963873707
A00051,46,Female,White,USA,Christian,Married,Heterosexual,No,missing,English,majority,UX Designer,18,Master's,Tier 3,0.21779742384618928,0.15054265619530915,Lee,Alex,2026-04-01,Direct,No,0.21779742384618928,,0.1578329787409281
A00052,47,Female,Hispanic,USA,missing,Single,Heterosexual,No,missing,English,minority,Business Analyst,3,High School,Tier 3,0.02037382534410137,0.3777462706938223,Lee,Morgan,2026-04-01,Referral,No,0.02037382534410137,B4,0.024099636782674544
A00053,29,Female,White,USA,Christian,Married,Heterosexual,No,Cognitive/Neurodivergent,Spanish,majority,Product Manager,19,High School,missing,0.49908648676799783,0.29437778220296884,Rodriguez,Sam,2026-04-01,LinkedIn,No,0.49908648676799783,,0.5279209659515071
A00054,27,Male,Middle Eastern,USA,Christian,Single,Prefer not to say,No,Mobility,Mandarin,majority,Marketing Manager,19,Master's,Tier 2,0.9254563987006279,0.7434076061295558,Wang,Casey,2026-04-01,LinkedIn,Yes,0.9254563987006279,,0.9160172924330905
A00055,38,Female,Asian,USA,missing,Divorced,Heterosexual,No,missing,English,minority,Senior Software Engineer,15,Bachelor's,Tier 3,0.6634464443057795,0.7615148353343826,Patel,Jordan,2026-04-01,Indeed,No,0.6634464443057795,B4,0.6975919576655398
A00056,50,Female,Hispanic,USA,Jewish,Single,Heterosexual,No,missing,English,minority,Software Engineer,9,Associates,Tier 2,0.4674959679162404,0.33080641952932655,Hernandez,Skyler,2026-04-01,LinkedIn,No,0.4674959679162404,B4,0.4641701019087696
A00057,59,Male,White,Vietnam,Christian,Single,Heterosexual,No,missing,English,majority,Software Engineer,16,Bachelor's,Tier 2,0.7208775900836668,0.48055068119524647,Wang,Sam,2026-04-01,Referral,No,0.7208775900836668,,0.7542399681253832
A00058,23,Male,White,USA,Christian,Single,Heterosexual,No,missing,English,majority,DevOps Engineer,14,PhD,Tier 3,0.7189200088805804,0.6661893094126532,Garcia,Riley,2026-04-01,Direct,No,0.7189200088805804,,0.790846138463388
A00059,46,Female,White,USA,missing,Married,Heterosexual,No,missing,English,majority,DevOps Engineer,14,High School,Tier 2,0.8833206048378361,0.30720279314242793,Nguyen,Sam,2026-04-01,LinkedIn,Yes,0.8833206048378361,,0.8495374922875535
A00060,27,Male,White,Egypt,Christian,Single,Heterosexual,Yes,Mobility,English,majority,Data Scientist,4,Bachelor's,Tier 2,0.13494836057808512,0.8727964455468785,Smith,Jordan,2026-04-01,Referral,No,0.13494836057808512,,0.1451052910975656
A00061,45,Female,White,China,Christian,missing,Heterosexual,No,missing,Spanish,majority,Sales Representative,8,Bachelor's,Tier 3,0.4138113063184048,0.4237585878751725,Cohen,Sam,2026-04-01,Referral,No,0.4138113063184048,,0.390645927491484
A00062,25,Female,White,USA,Christian,Single,Heterosexual,No,Visual,English,majority,Senior Software Engineer,20,Bachelor's,Tier 2,0.5590247439650516,0.8537815889694785,Wang,Taylor,2026-04-01,LinkedIn,No,0.5590247439650516,,0.5653881645263432
A00063,46,Male,Black,USA,Christian,Single,Heterosexual,No,missing,English,minority,Software Engineer,22,Associates,Tier 2,0.12568006527002984,0.629122976831077,Rodriguez,Alex,2026-04-01,Direct,No,0.12568006527002984,B4,0.06632033887752284
A00064,47,Male,White,USA,Christian,Married,LGBTQ+,No,missing,English,majority,Business Analyst,17,Associates,Tier 3,0.7644624448414425,0.04673754780530415,Williams,Skyler,2026-04-01,Indeed,Yes,0.7644624448414425,,0.7354973650163089
A00065,45,Male,White,USA,Christian,Married,Heterosexual,No,missing,English,majority,Senior Software Engineer,19,Bachelor's,Tier 3,0.5356180705082276,0.5260743218142293,Brown,Riley,2026-04-01,Direct,No,0.5356180705082276,,0.5258082718680028
A00066,21,Female,White,USA,Muslim,Single,Heterosexual,No,missing,English,majority,Marketing Manager,13,Bachelor's,Tier 1,0.45543147870664313,0.02685314583991194,Singh,Taylor,2026-04-01,Referral,No,0.45543147870664313,,0.5003696723116635
A00067,61,Male,White,USA,missing,Single,Heterosexual,No,Cognitive/Neurodivergent,English,majority,ML Engineer,6,PhD,Tier 3,0.30355179756530315,0.5399364917773689,Diallo,Jordan,2026-04-01,Referral,No,0.30355179756530315,,0.36081289793800975
A00068,52,Female,Hispanic,USA,missing,Single,Heterosexual,No,missing,English,majority,Business Analyst,11,Associates,Tier 3,0.8940259148973041,0.6741784175187753,Williams,Taylor,2026-04-01,Referral,Yes,0.8940259148973041,,0.8278495252730913
A00069,46,Male,Middle Eastern,USA,missing,Single,Heterosexual,No,missing,English,majority,Product Manager,1,Bachelor's,Tier 1,0.19944187606898645,0.2637977173076489,Williams,Skyler,2026-04-01,Direct,No,0.19944187606898645,,0.15970975776963398
A00070,57,Female,Asian,USA,Christian,Single,Heterosexual,No,missing,English,majority,Data Scientist,4,Bachelor's,Tier 3,0.9404241901340403,0.3396130244230299,Lee,Skyler,2026-04-01,LinkedIn,Yes,0.9404241901340403,,0.9727693612627114
A00071,41,Male,White,USA,missing,Single,Heterosexual,Yes,missing,English,majority,ML Engineer,11,Bachelor's,Tier 2,0.932851360101852,0.3057809717892809,Garcia,Taylor,2026-04-01,Referral,Yes,0.932851360101852,,0.8332303708931272
A00072,34,Male,Black,USA,Christian,Married,Heterosexual,Yes,Cognitive/Neurodivergent,English,minority,DevOps Engineer,11,Bachelor's,Tier 2,0.3164430682394027,0.9994235977629843,Smith,Alex,2026-04-01,Referral,No,0.3164430682394027,B4,0.29328457499178434
A00073,41,Female,Middle Eastern,USA,Christian,Married,Heterosexual,No,missing,English,majority,Software Engineer,15,Bachelor's,missing,0.9983405521224129,0.2481667769382202,Diallo,Alex,2026-04-01,Referral,Yes,0.9983405521224129,,0.9934762058389085
A00074,48,Female,Hispanic,USA,Muslim,Married,Heterosexual,No,missing,English,minority,Sales Representative,4,Bachelor's,Tier 1,0.8124411778473615,0.059436938634852776,Wang,Jordan,2026-04-01,Indeed,No,0.8124411778473615,B4,0.8752919267117024
A00075,33,Female,White,USA,Christian,Single,LGBTQ+,No,Hearing,English,majority,Sales Representative,24,Bachelor's,missing,0.7062235984719556,0.794721810155424,Kim,Alex,2026-04-01,LinkedIn,No,0.7062235984719556,,0.7406937935004934
A00076,49,Male,Hispanic,USA,Buddhist,Single,Heterosexual,Yes,Cognitive/Neurodivergent,English,minority,Sales Representative,20,Bachelor's,Tier 3,0.05817498595524784,0.5139794049881041,Williams,Riley,2026-04-01,Indeed,No,0.05817498595524784,B4,0.04181431494413794
A00077,39,Male,White,USA,Muslim,Single,Heterosexual,No,missing,English,majority,Product Manager,9,Bachelor's,missing,0.1794317903884871,0.4742367486203948,Kim,Casey,2026-04-01,Direct,No,0.1794317903884871,,0.16100299568348916
A00078,26,Male,White,USA,Muslim,Divorced,Heterosexual,No,missing,English,majority,ML Engineer,12,Bachelor's,Tier 3,0.4715413240907239,0.19848566085812125,Garcia,Sam,2026-04-01,Indeed,No,0.4715413240907239,,0.45903155406482765
A00079,56,Male,White,USA,Christian,Divorced,Heterosexual,No,missing,Mandarin,majority,Sales Representative,1,Bachelor's,Tier 2,0.5599389909528752,0.8105153454591837,Diallo,Jordan,2026-04-01,LinkedIn,No,0.5599389909528752,,0.6361154609756833
A00080,54,Female,White,USA,Christian,missing,Heterosexual,No,missing,English,majority,Data Scientist,22,Master's,Tier 2,0.8443996791209107,0.69972103930011,Garcia,Jordan,2026-04-01,Direct,Yes,0.8443996791209107,,0.8229984319922674
A00081,55,Female,Middle Eastern,USA,Christian,Single,Heterosexual,No,missing,English,majority,DevOps Engineer,20,Associates,Tier 1,0.987889105389451,0.19849663901036207,Kim,Taylor,2026-04-01,Direct,Yes,0.987889105389451,,0.9727050859712145
A00082,22,Female,White,USA,Christian,Single,Heterosexual,Yes,Mobility,English,majority,Business Analyst,19,Bachelor's,Tier 3,0.1591542552866202,0.2460980284505483,Lee,Casey,2026-04-01,LinkedIn,No,0.1591542552866202,,0.17678370865088347
A00083,53,Female,White,USA,Hindu,Married,Heterosexual,No,missing,Spanish,majority,Data Scientist,14,Master's,Tier 1,0.5137183796792648,0.0927675715397086,Singh,Alex,2026-04-01,Indeed,No,0.5137183796792648,,0.507679857424942
A00084,29,Non-binary,Asian,USA,missing,Married,Heterosexual,No,Visual,English,majority,Product Manager,1,Associates,Tier 2,0.09625901638021384,0.13683817789451225,Okafor,Alex,2026-04-01,LinkedIn,No,0.09625901638021384,,0.08639480498192771
A00085,42,Female,White,USA,missing,Divorced,Heterosexual,No,missing,English,majority,UX Designer,18,High School,Tier 1,0.29523115462754135,0.6514618911738111,Wang,Jordan,2026-04-01,Indeed,No,0.29523115462754135,,0.23952779746998853
A00086,54,Female,Asian,Mexico,Christian,Married,Heterosexual,No,missing,English,majority,Software Engineer,19,Bachelor's,Tier 2,0.764514105567036,0.05712745373131556,Khan,Taylor,2026-04-01,Referral,Yes,0.764514105567036,,0.7639380321651086
A00087,28,Female,Asian,USA,Hindu,Married,Heterosexual,No,missing,English,majority,Business Analyst,5,Bachelor's,Tier 2,0.6299896687114105,0.0387897874881451,Rodriguez,Riley,2026-04-01,LinkedIn,No,0.6299896687114105,,0.6078106075626896
A00088,47,Female,Middle Eastern,USA,missing,Married,Heterosexual,No,Hearing,English,majority,UX Designer,21,Master's,Tier 1,0.4830706251936453,0.975923943248609,Hernandez,Jordan,2026-04-01,LinkedIn,No,0.4830706251936453,,0.5413770140031564
A00089,49,Female,Asian,USA,Christian,Single,Heterosexual,No,missing,English,majority,Sales Representative,0,Bachelor's,Tier 1,0.289964763118565,0.08419391322335812,Garcia,Skyler,2026-04-01,Referral,No,0.289964763118565,,0.3226191882536232
A00090,33,Male,White,USA,missing,missing,Heterosexual,No,missing,English,majority,DevOps Engineer,20,Master's,Tier 3,0.8658721060454883,0.6669778961135643,Chen,Alex,2026-04-01,Referral,Yes,0.8658721060454883,,0.8646649253949916
A00091,29,Female,Middle Eastern,USA,Christian,Married,Heterosexual,No,Cognitive/Neurodivergent,English,minority,DevOps Engineer,19,Associates,Tier 1,0.40149931946906214,0.8782249915805102,Ahmed,Riley,2026-04-01,Direct,No,0.40149931946906214,B4,0.43491837063242933
A00092,39,Female,White,USA,missing,Married,Heterosexual,No,Cognitive/Neurodivergent,English,minority,Marketing Manager,2,Master's,Tier 2,0.8225311720549118,0.8757587705938962,Diallo,Morgan,2026-04-01,Indeed,No,0.8225311720549118,B4,0.8055376944692543
A00093,20,Female,Hispanic,USA,Christian,Single,Heterosexual,No,missing,English,minority,Sales Representative,20,Master's,Tier 1,0.23496686041868797,0.10013056783769148,Wang,Riley,2026-04-01,Referral,No,0.23496686041868797,B4,0.2875731783400353
A00094,52,Male,Asian,Egypt,Christian,Single,Heterosexual,No,missing,English,majority,Data Scientist,1,Master's,missing,0.7124833232997158,0.9106776975578151,Chen,Taylor,2026-04-01,Referral,No,0.7124833232997158,,0.7122133452661344
A00095,51,Female,White,USA,missing,Divorced,Heterosexual,No,missing,Hindi,majority,Software Engineer,2,Bachelor's,Tier 2,0.36929852538807006,0.4737429501538303,Patel,Sam,2026-04-01,Referral,No,0.36929852538807006,,0.39846764309709076
A00096,22,Male,White,USA,Christian,missing,Heterosexual,No,missing,English,majority,UX Designer,11,High School,Tier 3,0.7460021454004309,0.6425467093571486,Lee,Morgan,2026-04-01,Direct,Yes,0.7460021454004309,,0.6814574831342565
A00097,25,Male,Black,USA,missing,Single,Heterosexual,No,Cognitive/Neurodivergent,English,minority,DevOps Engineer,20,Associates,Tier 1,0.8804559786224497,0.43577782549012245,Singh,Skyler,2026-04-01,Referral,Yes,0.8804559786224497,B4,0.8977899810663712
A00098,35,Male,Hispanic,USA,missing,Single,Heterosexual,No,missing,Hindi,minority,Software Engineer,17,Bachelor's,Tier 2,0.802776017662281,0.8559985606057806,Smith,Casey,2026-04-01,Indeed,Yes,0.802776017662281,B4,0.718365811793954
A00099,30,Female,White,USA,Christian,Single,Heterosexual,No,missing,English,majority,Software Engineer,6,Master's,Tier 2,0.3092718793811857,0.05345856660793791,Lee,Skyler,2026-04-01,Direct,No,0.3092718793811857,,0.2075054321341891
A00100,35,Female,Hispanic,USA,Muslim,Single,LGBTQ+,No,missing,Mandarin,minority,Sales Representative,2,High School,Tier 3,0.4481739229298395,0.46133901596873206,Wang,Skyler,2026-04-01,Referral,No,0.4481739229298395,B4,0.43295007904426763
A00101,55,Female,White,USA,Christian,Single,LGBTQ+,No,missing,English,minority,Senior Software Engineer,1,Bachelor's,Tier 1,0.3697453000588502,0.571836717798617,Diallo,Casey,2026-04-01,LinkedIn,No,0.3697453000588502,B4,0.32474891967892044
A00102,56,Male,Middle Eastern,India,missing,missing,LGBTQ+,No,missing,English,majority,ML Engineer,13,Bachelor's,Tier 1,0.9941553541906478,0.963547446711984,Johnson,Jordan,2026-04-01,LinkedIn,Yes,0.9941553541906478,,1.002357993976259
A00103,43,Female,White,USA,missing,Single,Heterosexual,No,Mobility,English,majority,UX Designer,6,Bachelor's,Tier 2,0.777931073555877,0.8668035792328352,Johnson,Taylor,2026-04-01,Direct,Yes,0.777931073555877,,0.8901689048801795
A00104,42,Male,White,USA,Christian,Married,Heterosexual,No,Hearing,English,majority,Product Manager,19,Bachelor's,Tier 3,0.28829013816769955,0.4529387394511041,Smith,Riley,2026-04-01,Referral,No,0.28829013816769955,,0.24670397909709546
A00105,53,Female,White,USA,Christian,Single,Heterosexual,No,missing,English,majority,Sales Representative,23,Bachelor's,Tier 1,0.7043340586073624,0.881059954150482,Johnson,Sam,2026-04-01,Indeed,No,0.7043340586073624,,0.6731368792851671
A00106,58,Female,White,India,Hindu,Married,Heterosexual,No,missing,English,majority,Product Manager,14,Bachelor's,missing,0.7453183498787679,0.3961087778278217,Brown,Sam,2026-04-01,Direct,Yes,0.7453183498787679,,0.7555885471820029
A00107,37,Male,White,USA,Christian,Single,Heterosexual,No,Hearing,English,majority,Business Analyst,17,Bachelor's,Tier 3,0.526594568944444,0.56239527509571,Khan,Alex,2026-04-01,Direct,No,0.526594568944444,,0.5512452335150618
A00108,35,Female,Black,USA,Muslim,Single,Heterosexual,No,missing,English,minority,Product Manager,23,Master's,Tier 2,0.03435581096258722,0.7135628248970106,Williams,Morgan,2026-04-01,LinkedIn,No,0.03435581096258722,B4,0.02553550766729931
A00109,48,Female,Hispanic,USA,missing,Single,Heterosexual,No,missing,English,minority,UX Designer,7,Master's,Tier 3,0.05377151401783886,0.2387782368295418,Williams,Sam,2026-04-01,Indeed,No,0.05377151401783886,B4,0.04347499750517804
A00110,28,Male,White,USA,missing,Married,Heterosexual,No,missing,English,majority,Sales Representative,4,Master's,Tier 3,0.45324104253225994,0.9931620253017742,Patel,Alex,2026-04-01,Referral,No,0.45324104253225994,,0.48836419028828715
A00111,62,Female,White,USA,Christian,Married,Heterosexual,No,missing,English,majority,UX Designer,7,Bachelor's,Tier 2,0.3178474421797437,0.047225793478746114,Wang,Sam,2026-04-01,LinkedIn,No,0.3178474421797437,,0.3438428240314386
A00112,31,Female,White,USA,Jewish,Single,Heterosexual,No,Mobility,Hindi,majority,Marketing Manager,24,High School,Tier 2,0.11182907351865345,0.6820290324137728,Cohen,Sam,2026-04-01,Direct,No,0.11182907351865345,,0.06014528191496901
A00113,59,Male,Black,USA,Hindu,Married,Heterosexual,No,missing,Mandarin,minority,Data Scientist,22,Bachelor's,Tier 2,0.4743444572916027,0.34925474281393565,Khan,Morgan,2026-04-01,LinkedIn,No,0.4743444572916027,B4,0.4703853913608106
A00114,59,Female,White,USA,Hindu,Married,Heterosexual,No,missing,English,majority,Data Scientist,5,Bachelor's,Tier 2,0.3429259773334187,0.34122403363194553,Ahmed,Jordan,2026-04-01,Indeed,No,0.3429259773334187,,0.3446903197664924
A00115,51,Male,Hispanic,USA,Christian,Divorced,Heterosexual,No,missing,English,minority,Sales Representative,22,Bachelor's,Tier 2,0.7160420509693188,0.5718769311820765,Rodriguez,Taylor,2026-04-01,Direct,No,0.7160420509693188,B4,0.6633178198668633
A00116,55,Female,Hispanic,USA,Christian,Single,Heterosexual,No,missing,English,minority,Business Analyst,20,Bachelor's,Tier 3,0.5529217995867497,0.5642755232651563,Rodriguez,Morgan,2026-04-01,Direct,No,0.5529217995867497,B4,0.5659137546204679
A00117,46,Male,Hispanic,Vietnam,Christian,Divorced,Heterosexual,No,Hearing,Farsi,majority,ML Engineer,10,Master's,Tier 2,0.7623759913972381,0.3539384630582342,Johnson,Riley,2026-04-01,LinkedIn,Yes,0.7623759913972381,,0.7194781675384109
A00118,47,Female,White,USA,Christian,Single,LGBTQ+,No,missing,English,majority,Product Manager,7,Bachelor's,Tier 1,0.8220421104150432,0.40476335814681186,Brown,Morgan,2026-04-01,Referral,Yes,0.8220421104150432,,0.8706454458108953
A00119,47,Female,White,USA,Christian,Single,Heterosexual,No,Cognitive/Neurodivergent,English,majority,Product Manager,9,Bachelor's,Tier 1,0.507076516310287,0.984862968984141,Patel,Riley,2026-04-01,Referral,No,0.507076516310287,,0.5167138119405407
A00120,47,Female,White,USA,missing,missing,Heterosexual,No,missing,English,majority,Sales Representative,24,Associates,missing,0.14129072232631534,0.03094123812771543,Okafor,Taylor,2026-04-01,Referral,No,0.14129072232631534,,0.14575604661476785
A00121,51,Female,White,USA,Muslim,Single,Heterosexual,No,missing,English,minority,Data Scientist,11,High School,Tier 1,0.6778760682595079,0.3466295352047467,Kim,Skyler,2026-04-01,Direct,No,0.6778760682595079,B4,0.6483246506166942
A00122,51,Male,White,USA,missing,Single,Heterosexual,No,missing,English,minority,ML Engineer,3,High School,missing,0.7377787403502024,0.4952743851785003,Patel,Taylor,2026-04-01,Direct,No,0.7377787403502024,B4,0.7318482491563177
A00123,56,Female,Middle Eastern,USA,Jewish,Single,Heterosexual,Yes,missing,English,majority,UX Designer,4,Master's,Tier 3,0.25022895208094886,0.3530498344350458,Singh,Riley,2026-04-01,Referral,No,0.25022895208094886,,0.15034163743559611
A00124,53,Male,Hispanic,Mexico,Christian,Married,Heterosexual,No,missing,English,minority,Senior Software Engineer,22,PhD,Tier 1,0.9400185750633223,0.08050330044434695,Wang,Jordan,2026-04-01,Referral,Yes,0.9400185750633223,B4,0.8834482015371694
A00125,36,Female,White,USA,missing,Married,Heterosexual,Yes,missing,English,majority,Senior Software Engineer,8,Bachelor's,Tier 2,0.4216795568574746,0.9352119749271188,Okafor,Alex,2026-04-01,LinkedIn,No,0.4216795568574746,,0.4398215468169123
A00126,46,Female,Asian,USA,missing,Single,Heterosexual,No,missing,English,majority,Software Engineer,24,Bachelor's,Tier 2,0.37488298817704657,0.1767166756976415,Williams,Sam,2026-04-01,Indeed,No,0.37488298817704657,,0.26845463608593934
A00127,32,Male,White,USA,Christian,Divorced,Prefer not to say,No,missing,Spanish,majority,Senior Software Engineer,10,High School,Tier 1,0.9278768823752801,0.17691003929494076,Wang,Skyler,2026-04-01,Referral,Yes,0.9278768823752801,,0.9702073084493382
A00128,52,Male,Asian,USA,Christian,Single,Heterosexual,No,missing,English,majority,Sales Representative,3,Associates,Tier 2,0.8668320043490058,0.010479050041610316,Lee,Alex,2026-04-01,Referral,Yes,0.8668320043490058,,0.7795271805803103
A00129,43,Male,White,USA,Christian,Married,Heterosexual,No,missing,English,minority,ML Engineer,16,Bachelor's,Tier 2,0.38364661310979464,0.07421527930084892,Kim,Skyler,2026-04-01,Referral,No,0.38364661310979464,B4,0.421483538243008
A00130,39,Male,Hispanic,USA,missing,Divorced,Heterosexual,No,missing,English,minority,Senior Software Engineer,0,Master's,Tier 2,0.5307438214673377,0.03346286093181294,Singh,Alex,2026-04-01,Indeed,No,0.5307438214673377,B4,0.48846896982337146
A00131,42,Female,Asian,USA,Hindu,Single,LGBTQ+,Yes,missing,Mandarin,majority,Sales Representative,9,Bachelor's,Tier 2,0.550291322543511,0.2197715057846954,Cohen,Morgan,2026-04-01,Direct,No,0.550291322543511,,0.5892408767606341
A00132,41,Female,White,USA,Christian,Married,Heterosexual,No,missing,English,majority,Marketing Manager,2,Bachelor's,Tier 2,0.7787496502363438,0.9066074274808488,Wang,Taylor,2026-04-01,Indeed,Yes,0.7787496502363438,,0.7852972106155838
A00133,61,Male,White,USA,Christian,Married,Heterosexual,No,missing,Farsi,minority,Product Manager,6,PhD,Tier 2,0.4525424257425056,0.4579855706769058,Ahmed,Riley,2026-04-01,Indeed,No,0.4525424257425056,B4,0.3757006787279311
A00134,43,Male,Asian,USA,missing,Single,LGBTQ+,Yes,missing,English,majority,Data Scientist,23,Bachelor's,Tier 2,0.8435706396947692,0.15904859195072318,Singh,Riley,2026-04-01,LinkedIn,Yes,0.8435706396947692,,0.906028077172692
A00135,49,Male,Asian,USA,Christian,Single,Heterosexual,Yes,missing,Spanish,majority,Product Manager,21,Bachelor's,Tier 3,0.9969443950910151,0.7231860705755988,Rodriguez,Skyler,2026-04-01,LinkedIn,Yes,0.9969443950910151,,1.0690297528671457
A00136,43,Male,White,USA,Christian,Married,Prefer not to say,No,missing,English,minority,Business Analyst,22,Master's,Tier 1,0.9957520289777828,0.7650613951177284,Kim,Alex,2026-04-01,Referral,Yes,0.9957520289777828,B4,0.9924617836777725
A00137,26,Male,White,USA,missing,Single,Prefer not to say,No,missing,English,majority,Software Engineer,4,Master's,Tier 2,0.753715081796936,0.6727820732404715,Smith,Morgan,2026-04-01,Indeed,Yes,0.753715081796936,,0.74001926818832
A00138,60,Male,White,USA,Jewish,Single,Heterosexual,No,Visual,Hindi,majority,Business Analyst,1,Bachelor's,Tier 3,0.4881126284371968,0.01100286165024078,Singh,Jordan,2026-04-01,Referral,No,0.4881126284371968,,0.480119280138665
A00139,29,Female,Hispanic,USA,missing,Single,Heterosexual,No,missing,English,minority,Senior Software Engineer,17,Bachelor's,Tier 1,0.5385324592926998,0.18339757450954397,Patel,Alex,2026-04-01,Indeed,No,0.5385324592926998,B4,0.48977484315376246
A00140,41,Female,White,USA,Christian,Single,Heterosexual,No,missing,English,minority,UX Designer,9,Master's,missing,0.7493197812504983,0.3879535272765444,Rodriguez,Taylor,2026-04-01,Indeed,Yes,0.7493197812504983,B4,0.8042491192383441
A00141,50,Male,White,USA,Christian,missing,Heterosexual,No,missing,English,majority,Marketing Manager,12,Master's,Tier 3,0.22649448609577838,0.38031383900884086,Ahmed,Alex,2026-04-01,Referral,No,0.22649448609577838,,0.19934988950926905
A00142,27,Female,White,USA,Christian,Married,Heterosexual,No,missing,English,majority,ML Engineer,17,Bachelor's,Tier 2,0.7078221679407435,0.5213087841614126,Chen,Taylor,2026-04-01,Indeed,No,0.7078221679407435,,0.7052626473061596
A00143,21,Male,Middle Eastern,USA,Hindu,missing,Heterosexual,No,missing,English,majority,Software Engineer,11,Bachelor's,Tier 2,0.5912586309274523,0.3067901033177134,Wang,Alex,2026-04-01,Referral,No,0.5912586309274523,,0.5515938107673002
A00144,44,Male,Black,USA,Christian,Married,Heterosexual,No,Mobility,Spanish,minority,Data Scientist,19,Associates,Tier 3,0.4210238924357722,0.08980582107343116,Khan,Alex,2026-04-01,Referral,No,0.4210238924357722,B4,0.38972023744976236
A00145,20,Female,Hispanic,USA,Christian,Married,Heterosexual,No,missing,English,majority,ML Engineer,0,Master's,Tier 2,0.21208091470349666,0.8301826232465415,Khan,Casey,2026-04-01,LinkedIn,No,0.21208091470349666,,0.14819465712093813
A00146,27,Female,Asian,USA,missing,Married,Heterosexual,No,missing,English,minority,Marketing Manager,12,Bachelor's,Tier 3,0.5491986029354363,0.833208528409942,Lee,Casey,2026-04-01,Referral,No,0.5491986029354363,B4,0.6120520686211559
A00147,52,Male,White,India,Christian,Single,Heterosexual,Yes,missing,English,minority,UX Designer,0,Master's,Tier 2,0.9098124288737538,0.2373645564548995,Nguyen,Sam,2026-04-01,LinkedIn,No,0.9098124288737538,B4,0.9021080502134531
A00148,23,Male,Hispanic,USA,Christian,Married,LGBTQ+,No,missing,English,minority,Senior Software Engineer,3,Bachelor's,Tier 2,0.359242395708412,0.6580859253737438,Patel,Casey,2026-04-01,Indeed,No,0.359242395708412,B4,0.40753847664485243
A00149,60,Female,White,USA,missing,Divorced,Heterosexual,No,missing,English,majority,ML Engineer,8,Bachelor's,Tier 3,0.6018368337176836,0.3776318482189227,Williams,Casey,2026-04-01,Direct,No,0.6018368337176836,,0.6025030635633466
A00150,34,Male,Asian,Egypt,Christian,Married,Heterosexual,No,missing,English,majority,Sales Representative,6,Bachelor's,missing,0.5822983014726598,0.35463901436960354,Brown,Casey,2026-04-01,Direct,No,0.5822983014726598,,0.5475781250875151
A00151,30,Female,White,China,missing,missing,Heterosexual,No,Mobility,Mandarin,minority,Product Manager,7,Master's,Tier 2,0.29050226053838923,0.9902688180499137,Wang,Morgan,2026-04-01,Direct,No,0.29050226053838923,B4,0.27416799753827664
A00152,55,Female,White,USA,missing,Married,Heterosexual,No,missing,English,majority,ML Engineer,11,Bachelor's,Tier 3,0.32878456859677874,0.6910749685199904,Singh,Morgan,2026-04-01,Referral,No,0.32878456859677874,,0.30077301607163376
A00153,24,Male,White,USA,Muslim,Single,LGBTQ+,No,missing,English,minority,Software Engineer,0,Master's,Tier 1,0.8073061920667262,0.9602826557648736,Diallo,Alex,2026-04-01,LinkedIn,No,0.8073061920667262,B4,0.8077041470259718
A00154,41,Female,White,USA,missing,Single,Prefer not to say,No,missing,English,minority,Data Scientist,2,Master's,Tier 1,0.9575081777293762,0.08559343997857272,Hernandez,Alex,2026-04-01,Direct,No,0.9575081777293762,B4,0.9387448357455285
A00155,51,Female,Asian,USA,missing,Divorced,Heterosexual,No,missing,English,majority,Senior Software Engineer,0,Bachelor's,Tier 2,0.2604291302674908,0.6373909215982341,Cohen,Casey,2026-04-01,Referral,No,0.2604291302674908,,0.2454330444704009
A00156,53,Female,White,USA,Christian,Single,Heterosexual,No,missing,English,majority,Marketing Manager,11,Master's,Tier 1,0.9965460140182881,0.5857661770393465,Cohen,Taylor,2026-04-01,LinkedIn,Yes,0.9965460140182881,,0.9276172798114924
A00157,46,Non-binary,White,USA,Muslim,Single,Heterosexual,No,missing,English,majority,ML Engineer,9,Associates,Tier 1,0.22860314722184594,0.5772379285617284,Chen,Sam,2026-04-01,Referral,No,0.22860314722184594,,0.18826085084078992
A00158,48,Male,Asian,USA,Christian,Single,Prefer not to say,No,missing,English,majority,DevOps Engineer,18,High School,Tier 3,0.5286190458606382,0.29306725297877223,Brown,Casey,2026-04-01,Direct,No,0.5286190458606382,,0.6113219233006597
A00159,44,Female,White,USA,Christian,Single,Heterosexual,No,missing,English,majority,Sales Representative,11,Master's,missing,0.4761262698957096,0.9130235039904957,Williams,Alex,2026-04-01,LinkedIn,No,0.4761262698957096,,0.44256460908312373
A00160,27,Male,White,USA,Christian,Divorced,Heterosexual,No,missing,Spanish,minority,Marketing Manager,11,Bachelor's,missing,0.09474373330420749,0.7129378519004588,Patel,Skyler,2026-04-01,LinkedIn,No,0.09474373330420749,B4,0.04203904392303284
A00161,57,Female,White,Mexico,Christian,Single,Heterosexual,No,missing,English,majority,Senior Software Engineer,6,Associates,Tier 3,0.4849993820813099,0.9989233060069306,Garcia,Sam,2026-04-01,Indeed,No,0.4849993820813099,,0.5018656987100614
A00162,38,Female,White,USA,Christian,Married,LGBTQ+,No,missing,English,majority,Sales Representative,6,Bachelor's,Tier 3,0.9573115621448269,0.25665265696994544,Ahmed,Jordan,2026-04-01,LinkedIn,Yes,0.9573115621448269,,1.0276751721226536
A00163,22,Male,Asian,USA,Hindu,missing,Heterosexual,No,missing,English,majority,Sales Representative,9,PhD,Tier 1,0.4187871516122418,0.5655957232562208,Johnson,Skyler,2026-04-01,LinkedIn,No,0.4187871516122418,,0.34608593648818137
A00164,42,Female,Hispanic,USA,Muslim,Single,Heterosexual,No,missing,Vietnamese,minority,DevOps Engineer,11,Associates,Tier 3,0.7941582082578109,0.8718961881398555,Garcia,Alex,2026-04-01,LinkedIn,Yes,0.7941582082578109,B4,0.7837321158452474
A00165,31,Male,Black,Vietnam,missing,Married,Prefer not to say,No,missing,English,minority,Sales Representative,11,Bachelor's,Tier 2,0.08722063923400447,0.8435984482931532,Hernandez,Riley,2026-04-01,Direct,No,0.08722063923400447,B4,0.05561801153725908
A00166,30,Male,Asian,USA,Christian,Divorced,Heterosexual,No,Cognitive/Neurodivergent,English,majority,Marketing Manager,16,Bachelor's,missing,0.5957145812857272,0.05970096179181905,Kim,Sam,2026-04-01,Referral,No,0.5957145812857272,,0.507663607569357
A00167,59,Male,White,USA,Christian,Single,Heterosexual,No,missing,English,majority,Senior Software Engineer,3,Bachelor's,Tier 1,0.3335894713083427,0.6979201362942306,Khan,Alex,2026-04-01,LinkedIn,No,0.3335894713083427,,0.37033580677126227
A00168,40,Male,White,USA,Christian,Married,Heterosexual,No,missing,English,majority,Data Scientist,18,Bachelor's,Tier 3,0.7012216151683084,0.8200342492249488,Lee,Taylor,2026-04-01,Direct,No,0.7012216151683084,,0.7000494192405662
A00169,44,Male,Asian,USA,Buddhist,Divorced,Heterosexual,No,Cognitive/Neurodivergent,English,majority,Product Manager,9,Bachelor's,Tier 2,0.037157544409050725,0.3647373573430456,Nguyen,Riley,2026-04-01,LinkedIn,No,0.037157544409050725,,0.040729636623680995
A00170,51,Female,White,USA,Christian,Single,Heterosexual,No,Visual,English,majority,Product Manager,0,Master's,Tier 2,0.43912588846339407,0.411117436803044,Patel,Alex,2026-04-01,LinkedIn,No,0.43912588846339407,,0.4015103148411146
A00171,57,Female,White,USA,Christian,missing,Heterosexual,No,Hearing,English,majority,Software Engineer,9,Master's,Tier 1,0.9742163193508616,0.9404752595961253,Hernandez,Taylor,2026-04-01,Direct,Yes,0.9742163193508616,,0.9969555275007075
A00172,61,Male,Hispanic,USA,Christian,Single,Heterosexual,No,missing,English,minority,Product Manager,0,Bachelor's,Tier 1,0.5140107127043135,0.47005208624388506,Williams,Riley,2026-04-01,Direct,No,0.5140107127043135,B4,0.4870458452299475
A00173,55,Female,Middle Eastern,USA,Muslim,Married,Heterosexual,No,missing,English,majority,UX Designer,8,Master's,Tier 3,0.0617785367692707,0.308434921589129,Nguyen,Morgan,2026-04-01,Referral,No,0.0617785367692707,,0.05463337634443266
A00174,61,Male,White,USA,missing,Married,LGBTQ+,No,missing,Spanish,majority,UX Designer,15,Bachelor's,Tier 2,0.8032279542157251,0.935764755899113,Williams,Taylor,2026-04-01,Referral,Yes,0.8032279542157251,,0.7478149146066495
A00175,33,Female,Black,USA,Christian,Divorced,Heterosexual,No,missing,English,majority,Product Manager,2,Bachelor's,Tier 2,0.09622402753517201,0.08413424302945216,Wang,Jordan,2026-04-01,Direct,No,0.09622402753517201,,0.03541888952476224
A00176,54,Male,White,USA,Christian,Married,Heterosexual,No,missing,English,minority,Marketing Manager,5,Master's,missing,0.16944620653656794,0.3083006360971673,Kim,Casey,2026-04-01,Referral,No,0.16944620653656794,B4,0.2362227993015691
A00177,61,Female,Middle Eastern,USA,Christian,Single,Heterosexual,No,missing,English,majority,UX Designer,11,High School,Tier 3,0.6541421785178195,0.10328622404513799,Nguyen,Skyler,2026-04-01,Referral,No,0.6541421785178195,,0.6287869432908958
A00178,30,Male,White,USA,Muslim,Married,Heterosexual,No,missing,Hindi,majority,DevOps Engineer,12,Master's,Tier 3,0.023713177472169944,0.3174505458555825,Nguyen,Taylor,2026-04-01,Indeed,No,0.023713177472169944,,0.03829719528996004
A00179,38,Female,Hispanic,USA,Christian,Married,Heterosexual,No,missing,English,minority,UX Designer,1,Bachelor's,Tier 3,0.22872916331352677,0.38730705599794824,Patel,Taylor,2026-04-01,LinkedIn,No,0.22872916331352677,B4,0.22703964157515816
A00180,34,Male,White,USA,Christian,Single,Heterosexual,No,Mobility,English,minority,DevOps Engineer,0,Bachelor's,Tier 2,0.619176688829642,0.32601443120811424,Smith,Skyler,2026-04-01,Direct,No,0.619176688829642,B4,0.5971194286915329
A00181,23,Female,White,USA,Christian,Single,LGBTQ+,No,missing,English,majority,DevOps Engineer,21,PhD,Tier 2,0.41840868860682146,0.913326547400159,Chen,Riley,2026-04-01,Indeed,No,0.41840868860682146,,0.39301064008996045
A00182,40,Female,White,USA,Christian,Single,Heterosexual,No,missing,English,majority,DevOps Engineer,3,Bachelor's,Tier 1,0.3829090860898151,0.9294000709039271,Khan,Alex,2026-04-01,LinkedIn,No,0.3829090860898151,,0.41441321566209444
A00183,34,Male,Hispanic,USA,Christian,Single,Heterosexual,No,missing,English,minority,Data Scientist,7,Associates,missing,0.7322728857728531,0.6296291551657167,Wang,Taylor,2026-04-01,Direct,No,0.7322728857728531,B4,0.7171795055461576
A00184,62,Female,White,USA,missing,missing,Heterosexual,No,missing,English,majority,Data Scientist,14,High School,Tier 3,0.4799755306523251,0.9622792759363632,Smith,Sam,2026-04-01,Indeed,No,0.4799755306523251,,0.4724033482437605
A00185,62,Female,Black,USA,missing,Married,Heterosexual,No,missing,English,minority,Senior Software Engineer,13,Bachelor's,Tier 3,0.19444842971759357,0.5334629457948523,Garcia,Taylor,2026-04-01,LinkedIn,No,0.19444842971759357,B4,0.19555950757731755
A00186,55,Female,Black,USA,Christian,Married,Heterosexual,No,missing,English,majority,DevOps Engineer,15,Master's,Tier 1,0.29399023131276614,0.531356235203924,Rodriguez,Casey,2026-04-01,Direct,No,0.29399023131276614,,0.3528156473253662
A00187,42,Male,Hispanic,Egypt,Christian,Single,Heterosexual,No,missing,Hindi,minority,ML Engineer,10,Bachelor's,Tier 2,0.11020342681141015,0.5081232173944313,Wang,Riley,2026-04-01,Indeed,No,0.11020342681141015,B4,0.14422897554306707
A00188,58,Female,Asian,USA,Christian,Married,Heterosexual,No,missing,English,majority,Marketing Manager,19,Bachelor's,Tier 3,0.8031575542235588,0.26136690077983604,Johnson,Alex,2026-04-01,LinkedIn,Yes,0.8031575542235588,,0.8222875676099585
A00189,60,Female,Asian,Mexico,Christian,Married,Heterosexual,No,Hearing,Spanish,majority,Business Analyst,22,Master's,Tier 3,0.9272261574154509,0.06542069882819523,Williams,Sam,2026-04-01,Direct,Yes,0.9272261574154509,,0.8990475877477888
A00190,59,Non-binary,Asian,USA,missing,Single,Heterosexual,No,missing,English,majority,Sales Representative,12,Master's,Tier 2,0.2539647398482987,0.4270357735852619,Singh,Riley,2026-04-01,LinkedIn,No,0.2539647398482987,,0.18486630384797542
A00191,62,Female,Hispanic,USA,Christian,Single,Heterosexual,No,missing,English,minority,Senior Software Engineer,12,Associates,Tier 2,0.1391040459745141,0.3499126996185281,Ahmed,Sam,2026-04-01,LinkedIn,No,0.1391040459745141,B4,0.1865805425612792
A00192,41,Male,White,USA,missing,Single,Heterosexual,No,missing,English,majority,Senior Software Engineer,22,High School,Tier 1,0.511882430063449,0.10098367637138295,Garcia,Skyler,2026-04-01,Referral,No,0.511882430063449,,0.5602047867744928
A00193,20,Male,Middle Eastern,USA,Muslim,Single,LGBTQ+,No,missing,English,minority,Software Engineer,20,Bachelor's,Tier 2,0.9036598152748762,0.6330178826732787,Chen,Jordan,2026-04-01,Referral,No,0.9036598152748762,B4,0.8966243953187092
A00194,22,Female,White,USA,Christian,Divorced,Heterosexual,No,missing,English,majority,Business Analyst,5,Bachelor's,Tier 3,0.4449236987674444,0.6498340685746221,Cohen,Sam,2026-04-01,Referral,No,0.4449236987674444,,0.4720178908476203
A00195,60,Male,Hispanic,USA,missing,Married,LGBTQ+,No,missing,English,minority,Software Engineer,5,Master's,Tier 1,0.8671007201431693,0.07057091491788159,Chen,Sam,2026-04-01,Indeed,No,0.8671007201431693,B4,0.9061728728374395
A00196,21,Male,White,Vietnam,Christian,Single,Heterosexual,No,missing,English,majority,Product Manager,21,PhD,Tier 1,0.7693265322709447,0.4966187847049969,Diallo,Alex,2026-04-01,LinkedIn,Yes,0.7693265322709447,,0.8108857549041938
A00197,50,Female,Asian,USA,Christian,Married,Heterosexual,No,missing,English,majority,DevOps Engineer,23,Bachelor's,Tier 3,0.8801771118442364,0.7403495724101984,Johnson,Sam,2026-04-01,Indeed,Yes,0.8801771118442364,,0.92624628550656
A00198,23,Female,Black,USA,missing,missing,LGBTQ+,No,missing,English,minority,DevOps Engineer,18,Bachelor's,Tier 3,0.5783759448234036,0.30504547757196565,Diallo,Casey,2026-04-01,Direct,No,0.5783759448234036,B4,0.5555950622903469
A00199,44,Female,White,USA,Muslim,Single,Heterosexual,No,missing,English,minority,Senior Software Engineer,20,Bachelor's,Tier 1,0.3798122333368882,0.2927231070655686,Cohen,Casey,2026-04-01,Direct,No,0.3798122333368882,B4,0.45556088247012405
A00200,32,Male,Middle Eastern,USA,Christian,Married,LGBTQ+,No,Cognitive/Neurodivergent,English,majority,Data Scientist,14,Master's,Tier 1,0.6716589706290294,0.5717695641350523,Cohen,Skyler,2026-04-01,Indeed,No,0.6716589706290294,,0.609329317714744
A00201,26,Male,Black,USA,missing,Single,LGBTQ+,No,Hearing,Farsi,minority,Data Scientist,0,Bachelor's,Tier 3,0.010965423976696309,0.44256157654507355,Lee,Casey,2026-04-01,Referral,No,0.010965423976696309,B4,0.05405157782637876
A00202,29,Female,White,Mexico,Christian,Single,Heterosexual,No,missing,English,minority,UX Designer,24,Associates,Tier 3,0.11369926194221991,0.716596063104056,Smith,Riley,2026-04-01,Referral,No,0.11369926194221991,B4,0.13839586589375782
A00203,47,Female,Black,USA,Muslim,Single,Heterosexual,No,missing,English,minority,Sales Representative,5,PhD,Tier 3,0.5312848878157523,0.48060222554700205,Chen,Skyler,2026-04-01,LinkedIn,No,0.5312848878157523,B4,0.5749658434919774
A00204,22,Male,Black,USA,missing,Married,Heterosexual,No,missing,English,majority,Software Engineer,1,Bachelor's,Tier 3,0.47697667809812216,0.45408111051725586,Rodriguez,Morgan,2026-04-01,Referral,No,0.47697667809812216,,0.570927093452959
A00205,34,Male,White,China,Jewish,Married,Heterosexual,No,missing,Spanish,majority,UX Designer,12,Master's,missing,0.5122526359390173,0.2419637319384229,Chen,Taylor,2026-04-01,Direct,No,0.5122526359390173,,0.5864749096079497
A00206,58,Female,White,Mexico,missing,Married,Heterosexual,No,missing,English,majority,Data Scientist,9,Bachelor's,Tier 2,0.6446354285850048,0.829708994298596,Cohen,Jordan,2026-04-01,Referral,No,0.6446354285850048,,0.5873765832255385
A00207,26,Male,Asian,USA,Christian,Married,Heterosexual,No,Hearing,English,majority,Senior Software Engineer,2,Master's,missing,0.7686906477883361,0.4087617521045712,Okafor,Riley,2026-04-01,Direct,Yes,0.7686906477883361,,0.6842570687749432
A00208,26,Female,White,USA,Muslim,Single,Heterosexual,No,missing,Vietnamese,majority,DevOps Engineer,12,Bachelor's,Tier 3,0.4187759069662891,0.403327083522653,Singh,Morgan,2026-04-01,Indeed,No,0.4187759069662891,,0.4596203599189789
A00209,35,Male,White,USA,Buddhist,Single,Heterosexual,No,missing,English,minority,DevOps Engineer,1,Master's,missing,0.5624264765442188,0.83407361368772,Singh,Skyler,2026-04-01,Direct,No,0.5624264765442188,B4,0.5116758557504227
A00210,58,Female,White,USA,Christian,Married,Heterosexual,No,missing,English,majority,Business Analyst,16,Master's,Tier 2,0.8184220832178692,0.21291949185755366,Garcia,Riley,2026-04-01,Indeed,Yes,0.8184220832178692,,0.8178018137854935
A00211,41,Male,White,USA,Christian,missing,Heterosexual,No,missing,Mandarin,majority,Senior Software Engineer,16,High School,Tier 2,0.5909000159150867,0.21481864445391252,Williams,Riley,2026-04-01,Referral,No,0.5909000159150867,,0.6328863897653464
A00212,35,Female,White,USA,Muslim,Married,Heterosexual,No,missing,Farsi,majority,Sales Representative,10,Bachelor's,Tier 2,0.12916771769014723,0.8778174283423156,Johnson,Jordan,2026-04-01,Direct,No,0.12916771769014723,,0.046977850130867915
A00213,35,Female,White,Iran,Christian,Married,Heterosexual,No,missing,English,majority,DevOps Engineer,5,Master's,missing,0.3109383496358269,0.8130042305044174,Hernandez,Riley,2026-04-01,LinkedIn,No,0.3109383496358269,,0.20543932692035294
A00214,30,Female,Hispanic,USA,missing,Divorced,Heterosexual,No,missing,English,minority,ML Engineer,15,Bachelor's,missing,0.20144005542316545,0.8078756525755408,Lee,Jordan,2026-04-01,Referral,No,0.20144005542316545,B4,0.2144050064400268
A00215,62,Male,Asian,USA,Christian,Single,Heterosexual,No,Mobility,Hindi,majority,ML Engineer,24,Master's,Tier 3,0.9979021520798139,0.180123118411201,Ahmed,Morgan,2026-04-01,Direct,Yes,0.9979021520798139,,1.0001214465604789
A00216,41,Female,White,USA,missing,Divorced,Heterosexual,No,missing,English,majority,Senior Software Engineer,13,Associates,Tier 2,0.3660696134849799,0.4651159484080516,Cohen,Skyler,2026-04-01,Direct,No,0.3660696134849799,,0.3537794599158838
A00217,31,Male,White,USA,missing,Single,Heterosexual,No,missing,English,majority,Senior Software Engineer,17,Bachelor's,Tier 2,0.8761389180323265,0.6338483067688682,Khan,Sam,2026-04-01,Referral,Yes,0.8761389180323265,,0.8780656562208373
A00218,45,Male,White,USA,Christian,Married,LGBTQ+,No,missing,English,majority,Senior Software Engineer,13,PhD,Tier 2,0.791779567657003,0.2343708156610118,Chen,Morgan,2026-04-01,LinkedIn,Yes,0.791779567657003,,0.748753787288639
A00219,47,Female,White,USA,Christian,Single,Heterosexual,No,Mobility,English,majority,Software Engineer,5,Bachelor's,Tier 3,0.8069160758526365,0.617746149542259,Garcia,Jordan,2026-04-01,Referral,Yes,0.8069160758526365,,0.7312413554890311
A00220,56,Female,White,USA,Buddhist,Single,Heterosexual,No,missing,Hindi,majority,Software Engineer,13,Associates,Tier 2,0.9567634997647763,0.9787166222194116,Hernandez,Alex,2026-04-01,Indeed,Yes,0.9567634997647763,,0.9484307572207602
A00221,35,Female,Black,USA,Muslim,Single,Heterosexual,No,missing,Spanish,minority,Data Scientist,6,Bachelor's,missing,0.8928656543366364,0.28086520007754257,Brown,Alex,2026-04-01,Referral,Yes,0.8928656543366364,B4,0.8442802197841669
A00222,52,Male,White,USA,Christian,Married,LGBTQ+,No,Cognitive/Neurodivergent,English,majority,Senior Software Engineer,2,Bachelor's,Tier 1,0.4533254110967577,0.6430316870019828,Okafor,Sam,2026-04-01,LinkedIn,No,0.4533254110967577,,0.3711513449762024
A00223,49,Female,Black,USA,Christian,missing,Heterosexual,No,missing,English,minority,Marketing Manager,14,Bachelor's,Tier 1,0.9364041310219267,0.37675590513662105,Lee,Jordan,2026-04-01,Direct,Yes,0.9364041310219267,B4,0.9616881845915904
A00224,34,Male,Middle Eastern,USA,Hindu,Married,Heterosexual,No,missing,English,majority,DevOps Engineer,2,PhD,Tier 1,0.5234350794645198,0.9155849797274486,Garcia,Sam,2026-04-01,Direct,No,0.5234350794645198,,0.520365148043411
A00225,52,Male,White,USA,Christian,Single,Heterosexual,No,missing,English,majority,Sales Representative,23,Master's,Tier 1,0.7457788561464134,0.6458597943879142,Singh,Casey,2026-04-01,Indeed,Yes,0.7457788561464134,,0.766105282978054
A00226,28,Female,Hispanic,USA,Hindu,Married,Prefer not to say,No,missing,English,minority,UX Designer,11,Bachelor's,Tier 2,0.9515378657525319,0.9445984377212817,Williams,Taylor,2026-04-01,Referral,No,0.9515378657525319,B4,0.902073118681235
A00227,56,Female,Black,USA,missing,Married,Heterosexual,No,Cognitive/Neurodivergent,English,majority,Data Scientist,4,Master's,Tier 1,0.8579984943899223,0.22148066331081717,Cohen,Skyler,2026-04-01,Indeed,Yes,0.8579984943899223,,0.8250955547980894
A00228,53,Female,Hispanic,USA,Christian,Married,Heterosexual,No,missing,English,majority,Senior Software Engineer,20,Bachelor's,Tier 2,0.24968100787310488,0.19489780769751885,Cohen,Taylor,2026-04-01,LinkedIn,No,0.24968100787310488,,0.1997288565120966
A00229,21,Female,White,USA,Christian,Single,Heterosexual,No,missing,English,majority,Software Engineer,7,Associates,Tier 1,0.5754514392954587,0.9395536404262587,Hernandez,Casey,2026-04-01,Indeed,No,0.5754514392954587,,0.5311193459425563
A00230,38,Female,Black,USA,Christian,Divorced,Heterosexual,No,missing,English,minority,Product Manager,24,Master's,Tier 2,0.2683826684002727,0.9667756881185895,Diallo,Skyler,2026-04-01,Direct,No,0.2683826684002727,B4,0.2781530642877428
A00231,43,Male,Hispanic,USA,Christian,Single,LGBTQ+,No,missing,English,majority,ML Engineer,5,Bachelor's,missing,0.30821782372759443,0.1297444446994802,Garcia,Jordan,2026-04-01,Indeed,No,0.30821782372759443,,0.26906909291084713
A00232,33,Male,Black,Egypt,missing,Married,Heterosexual,No,missing,English,majority,Software Engineer,22,Associates,Tier 1,0.8836926228055801,0.3499884269054859,Chen,Riley,2026-04-01,Indeed,Yes,0.8836926228055801,,0.9014959372465938
A00233,53,Male,Native American,USA,Christian,Married,Heterosexual,No,Hearing,Spanish,majority,Business Analyst,12,Bachelor's,Tier 3,0.914479417105166,0.5830035201365997,Okafor,Jordan,2026-04-01,Indeed,Yes,0.914479417105166,,0.9314672133760769
A00234,55,Female,White,USA,Christian,Single,Heterosexual,No,missing,English,minority,Business Analyst,14,Bachelor's,Tier 3,0.2892385171688914,0.11929847361804191,Williams,Taylor,2026-04-01,Indeed,No,0.2892385171688914,B4,0.3904965665128965
A00235,50,Female,White,USA,Hindu,Married,Heterosexual,No,missing,English,majority,DevOps Engineer,23,Master's,Tier 3,0.14410916250879968,0.5334954244610778,Chen,Taylor,2026-04-01,Referral,No,0.14410916250879968,,0.0744697102154592
A00236,51,Female,Black,USA,Christian,Single,Heterosexual,Yes,missing,English,majority,Marketing Manager,18,Bachelor's,Tier 1,0.1049777056905914,0.8770593545054652,Ahmed,Jordan,2026-04-01,Direct,No,0.1049777056905914,,0.14937282458234366
A00237,52,Female,Hispanic,China,Christian,Single,Heterosexual,No,missing,English,minority,Senior Software Engineer,2,Master's,Tier 1,0.8958643532130491,0.6374047782816323,Diallo,Morgan,2026-04-01,Referral,No,0.8958643532130491,B4,0.8913899551186282
A00238,61,Male,White,USA,missing,Single,Heterosexual,No,missing,English,majority,DevOps Engineer,1,Bachelor's,Tier 1,0.6972981069602613,0.32043677419494,Garcia,Jordan,2026-04-01,Direct,No,0.6972981069602613,,0.6965966204537114
A00239,39,Male,White,Iran,missing,Married,Heterosexual,No,Hearing,English,majority,UX Designer,19,PhD,Tier 1,0.5393392938623573,0.8522942673952003,Singh,Sam,2026-04-01,Indeed,No,0.5393392938623573,,0.46684610276702676
A00240,55,Female,White,USA,Hindu,Single,Heterosexual,No,missing,English,majority,Business Analyst,21,Bachelor's,Tier 3,0.9816091700797224,0.05147342258076204,Chen,Skyler,2026-04-01,LinkedIn,Yes,0.9816091700797224,,0.9585994794434897
A00241,30,Female,White,USA,Christian,Married,Heterosexual,No,Cognitive/Neurodivergent,English,majority,DevOps Engineer,5,Bachelor's,Tier 3,0.13926710730524228,0.4359688173037273,Chen,Morgan,2026-04-01,Indeed,No,0.13926710730524228,,0.17642697047744
A00242,26,Male,White,USA,missing,Married,Heterosexual,No,missing,English,majority,Data Scientist,6,PhD,Tier 1,0.37587515800953875,0.26408887186752994,Patel,Taylor,2026-04-01,Indeed,No,0.37587515800953875,,0.3717512394086735
A00243,35,Female,White,USA,Christian,Married,LGBTQ+,No,Hearing,English,majority,ML Engineer,14,Bachelor's,Tier 3,0.8074082216509929,0.7067215748556543,Nguyen,Skyler,2026-04-01,Indeed,Yes,0.8074082216509929,,0.8114609401715562
A00244,41,Male,Hispanic,USA,missing,Married,Heterosexual,No,missing,English,minority,Senior Software Engineer,6,Bachelor's,Tier 1,0.4111424033126574,0.6541170967202447,Chen,Jordan,2026-04-01,Direct,No,0.4111424033126574,B4,0.39660656928263033
A00245,23,Male,White,USA,missing,Single,LGBTQ+,No,missing,Spanish,majority,UX Designer,24,Bachelor's,Tier 2,0.33161967794944336,0.6656152087743098,Khan,Morgan,2026-04-01,LinkedIn,No,0.33161967794944336,,0.3893481652987577
A00246,38,Female,White,USA,Christian,Divorced,Heterosexual,No,missing,English,majority,Data Scientist,12,Bachelor's,Tier 3,0.7726830082610755,0.8368483439132177,Patel,Taylor,2026-04-01,Direct,Yes,0.7726830082610755,,0.7716093799089008
A00247,49,Female,Asian,USA,Muslim,Single,Heterosexual,No,missing,Hindi,majority,Business Analyst,6,Bachelor's,Tier 2,0.5846991056835347,0.9098133545569658,Kim,Riley,2026-04-01,Direct,No,0.5846991056835347,,0.47467832205943156
A00248,53,Male,Hispanic,USA,Christian,Divorced,Heterosexual,No,missing,Mandarin,minority,Senior Software Engineer,19,High School,Tier 2,0.7193889265824011,0.7122430634241841,Johnson,Taylor,2026-04-01,Indeed,No,0.7193889265824011,B4,0.6847852990586766
A00249,48,Male,Black,USA,Christian,Single,Heterosexual,No,missing,English,minority,Senior Software Engineer,9,Bachelor's,Tier 3,0.9034315994727908,0.8389399610680828,Williams,Riley,2026-04-01,LinkedIn,Yes,0.9034315994727908,B4,0.8049917691187787
A00250,38,Female,Middle Eastern,USA,Christian,Married,Heterosexual,No,missing,Mandarin,majority,Data Scientist,20,Bachelor's,Tier 2,0.09196605867282526,0.33309750634820745,Khan,Riley,2026-04-01,Referral,No,0.09196605867282526,,-0.07060586210200168
A00251,44,Non-binary,Asian,USA,Christian,Married,Heterosexual,No,Cognitive/Neurodivergent,English,minority,Product Manager,15,Bachelor's,Tier 1,0.8043175409995563,0.8907942454030041,Lee,Alex,2026-04-01,LinkedIn,No,0.8043175409995563,B4,0.7778117735109407
A00252,35,Male,Hispanic,USA,Buddhist,Single,Heterosexual,No,missing,English,minority,ML Engineer,18,PhD,Tier 3,0.05335211719890387,0.6728080073194938,Kim,Riley,2026-04-01,Direct,No,0.05335211719890387,B4,0.12003010970404006
A00253,27,Male,Asian,USA,missing,Married,Heterosexual,No,missing,English,minority,Software Engineer,17,Master's,Tier 1,0.6153038875855049,0.9718072650771892,Patel,Skyler,2026-04-01,Indeed,No,0.6153038875855049,B4,0.6176598828920346
A00254,26,Female,White,USA,Christian,Single,Heterosexual,No,missing,Hindi,majority,Marketing Manager,13,Bachelor's,Tier 3,0.11235634087187607,0.7936211440786411,Garcia,Morgan,2026-04-01,Direct,No,0.11235634087187607,,0.0537290555016271
A00255,49,Female,Middle Eastern,USA,missing,Married,LGBTQ+,No,missing,Vietnamese,minority,Software Engineer,13,Master's,Tier 3,0.33798507958934765,0.39213633509182566,Ahmed,Morgan,2026-04-01,LinkedIn,No,0.33798507958934765,B4,0.2909500861792265
A00256,21,Male,White,Iran,Christian,Single,Heterosexual,No,missing,English,majority,Sales Representative,22,Bachelor's,missing,0.8699823695389283,0.882072292228019,Singh,Alex,2026-04-01,Referral,Yes,0.8699823695389283,,0.9265130310514287
A00257,21,Female,White,USA,Muslim,Single,Heterosexual,No,missing,English,majority,Business Analyst,22,Bachelor's,missing,0.9243187166672427,0.2507235496608279,Brown,Jordan,2026-04-01,Indeed,Yes,0.9243187166672427,,0.932200047837166
A00258,26,Male,Black,USA,missing,Single,Heterosexual,No,missing,English,minority,Data Scientist,10,Bachelor's,Tier 1,0.025393769093462693,0.9052426722751783,Williams,Riley,2026-04-01,Indeed,No,0.025393769093462693,B4,0.02779373117156554
A00259,41,Female,Hispanic,USA,Christian,Single,Heterosexual,No,missing,Spanish,minority,Data Scientist,17,Bachelor's,Tier 1,0.5443446693322406,0.62911959183086,Patel,Casey,2026-04-01,LinkedIn,No,0.5443446693322406,B4,0.5416715798903378
A00260,39,Female,Hispanic,USA,Christian,Married,Heterosexual,No,missing,English,minority,UX Designer,11,Bachelor's,Tier 3,0.5086172696596188,0.5446427315034714,Patel,Skyler,2026-04-01,LinkedIn,No,0.5086172696596188,B4,0.5105372827373862
A00261,55,Male,White,USA,missing,Single,Heterosexual,No,missing,English,majority,Business Analyst,3,Bachelor's,Tier 2,0.14802505522653242,0.1143217489193259,Patel,Skyler,2026-04-01,Direct,No,0.14802505522653242,,0.18829533757372235
A00262,57,Male,White,USA,Christian,Single,Heterosexual,No,Cognitive/Neurodivergent,English,minority,DevOps Engineer,0,Bachelor's,Tier 1,0.8048693077038765,0.4765278894846189,Singh,Sam,2026-04-01,Indeed,Yes,0.8048693077038765,B4,0.8324976725716803
A00263,28,Female,White,USA,Christian,Married,LGBTQ+,No,missing,English,minority,Business Analyst,9,Bachelor's,missing,0.46105450933526415,0.6065730773736935,Kim,Morgan,2026-04-01,Referral,No,0.46105450933526415,B4,0.4718397443364889
A00264,43,Male,White,USA,Buddhist,Single,Heterosexual,No,missing,English,majority,ML Engineer,22,Associates,Tier 2,0.4102631695893215,0.4251226450010853,Okafor,Casey,2026-04-01,Direct,No,0.4102631695893215,,0.35811975170982097
A00265,27,Male,Asian,USA,Christian,Single,LGBTQ+,No,missing,English,minority,Marketing Manager,13,Bachelor's,Tier 2,0.4043970480022768,0.9486774411294266,Patel,Taylor,2026-04-01,Direct,No,0.4043970480022768,B4,0.42995248624776317
A00266,57,Female,White,USA,Christian,Single,Heterosexual,No,Mobility,English,majority,UX Designer,10,Bachelor's,missing,0.6243294154823926,0.5219626815687831,Okafor,Riley,2026-04-01,Referral,No,0.6243294154823926,,0.5901170615827679
A00267,34,Male,White,USA,Christian,Single,Heterosexual,No,missing,English,minority,UX Designer,5,Associates,Tier 3,0.7094381852853038,0.2266410034402988,Smith,Skyler,2026-04-01,Referral,No,0.7094381852853038,B4,0.7641304690803277
A00268,54,Male,White,USA,Christian,Divorced,Heterosexual,No,missing,English,minority,UX Designer,12,Bachelor's,Tier 3,0.869650281157742,0.7861295883088854,Patel,Sam,2026-04-01,Referral,No,0.869650281157742,B4,0.8060977400715357
A00269,48,Female,Black,USA,Muslim,Married,Heterosexual,No,missing,English,minority,Product Manager,21,Bachelor's,missing,0.3308363318705422,0.4991937714321524,Ahmed,Riley,2026-04-01,LinkedIn,No,0.3308363318705422,B4,0.32395528305676274
A00270,22,Male,Hispanic,USA,Buddhist,Single,Heterosexual,No,missing,English,minority,Data Scientist,7,Master's,Tier 1,0.06229553224969675,0.8842936177139544,Patel,Morgan,2026-04-01,LinkedIn,No,0.06229553224969675,B4,0.061927617935133204
A00271,26,Male,Middle Eastern,USA,missing,Married,LGBTQ+,No,Cognitive/Neurodivergent,English,majority,Sales Representative,11,Associates,Tier 3,0.6967871986295999,0.8601655370279117,Patel,Casey,2026-04-01,Direct,No,0.6967871986295999,,0.6305549210973931
A00272,46,Male,White,USA,missing,Single,Heterosexual,No,missing,English,majority,Data Scientist,13,Master's,Tier 2,0.1922976646087745,0.6609577137291076,Garcia,Taylor,2026-04-01,Referral,No,0.1922976646087745,,0.27839624680159847
A00273,41,Male,Hispanic,USA,Christian,Married,Heterosexual,No,missing,English,minority,Marketing Manager,5,Master's,Tier 2,0.031901772503022396,0.39130497417002796,Johnson,Alex,2026-04-01,Indeed,No,0.031901772503022396,B4,0.104922110866
A00274,44,Male,Hispanic,USA,missing,Married,Heterosexual,No,missing,English,majority,Sales Representative,19,Bachelor's,Tier 3,0.20705660685190164,0.21722792155209514,Brown,Taylor,2026-04-01,LinkedIn,No,0.20705660685190164,,0.18387741877144748
A00275,57,Male,White,USA,Christian,Single,LGBTQ+,No,missing,English,minority,DevOps Engineer,16,Master's,Tier 2,0.5023636536132634,0.6520439633892304,Johnson,Sam,2026-04-01,Referral,No,0.5023636536132634,B4,0.5409497118914895
A00276,43,Male,White,India,Christian,Single,Heterosexual,No,Cognitive/Neurodivergent,English,minority,Software Engineer,0,Master's,Tier 2,0.30177648923653055,0.8553978294981714,Cohen,Jordan,2026-04-01,Referral,No,0.30177648923653055,B4,0.32071029272004115
A00277,44,Male,White,USA,missing,Married,Heterosexual,No,missing,English,minority,UX Designer,24,Bachelor's,Tier 3,0.12409293963105783,0.1219229420524085,Diallo,Morgan,2026-04-01,Direct,No,0.12409293963105783,B4,-0.0065850335362050705
A00278,53,Female,White,USA,missing,Married,Heterosexual,No,missing,English,majority,ML Engineer,10,Master's,Tier 2,0.5128691242378682,0.761363071163107,Garcia,Riley,2026-04-01,Referral,No,0.5128691242378682,,0.5253890250517478
A00279,52,Female,Hispanic,USA,Christian,Divorced,Heterosexual,No,missing,Vietnamese,majority,Sales Representative,24,Bachelor's,Tier 2,0.90015260741658,0.639396236872314,Patel,Casey,2026-04-01,Referral,Yes,0.90015260741658,,0.8970854034249176
A00280,49,Female,White,USA,missing,Single,Heterosexual,No,missing,English,minority,UX Designer,13,Master's,missing,0.8933012398889155,0.9177270134858613,Okafor,Sam,2026-04-01,Direct,No,0.8933012398889155,B4,0.897462107562642
A00281,40,Male,Hispanic,USA,missing,Single,LGBTQ+,No,missing,English,minority,Data Scientist,3,Master's,Tier 1,0.9366361489464452,0.5838336587961968,Patel,Skyler,2026-04-01,Referral,Yes,0.9366361489464452,B4,0.8827924029550863
A00282,35,Female,White,USA,Christian,Single,Heterosexual,No,Hearing,English,majority,Data Scientist,7,Bachelor's,Tier 1,0.4939970015308335,0.9830179174885221,Rodriguez,Alex,2026-04-01,Referral,No,0.4939970015308335,,0.4805296492198132
A00283,59,Female,White,USA,Christian,Married,Heterosexual,No,missing,English,majority,Software Engineer,9,PhD,Tier 3,0.684751388922285,0.014841683489721036,Kim,Taylor,2026-04-01,Indeed,No,0.684751388922285,,0.6758384507531702
A00284,31,Female,White,USA,Christian,Married,Heterosexual,No,missing,English,majority,Data Scientist,19,Associates,missing,0.1729706383184514,0.3074786349550408,Khan,Skyler,2026-04-01,Direct,No,0.1729706383184514,,0.23237534917906733
A00285,37,Female,White,USA,Christian,Single,Heterosexual,No,missing,English,majority,Software Engineer,10,High School,Tier 2,0.2841150693235466,0.6438146944506027,Patel,Riley,2026-04-01,Direct,No,0.2841150693235466,,0.30083642234309727
A00286,31,Female,Black,USA,Christian,Married,Heterosexual,No,missing,Vietnamese,majority,Marketing Manager,0,Master's,Tier 3,0.39073940365031035,0.7491019583801081,Nguyen,Taylor,2026-04-01,Indeed,No,0.39073940365031035,,0.39046165214017714
A00287,37,Female,White,USA,Muslim,Single,Heterosexual,No,missing,Farsi,majority,ML Engineer,17,Bachelor's,Tier 3,0.5719980360235072,0.1288077485949104,Wang,Morgan,2026-04-01,Indeed,No,0.5719980360235072,,0.6484465359190542
A00288,57,Male,White,USA,Hindu,Married,Heterosexual,No,missing,English,majority,UX Designer,5,Master's,Tier 2,0.33202762886361104,0.46309543011489207,Khan,Morgan,2026-04-01,Indeed,No,0.33202762886361104,,0.3042652323754287
A00289,61,Male,White,USA,Christian,Single,Heterosexual,No,missing,Spanish,majority,Software Engineer,21,Bachelor's,Tier 2,0.8618292247509696,0.3025937133677331,Hernandez,Riley,2026-04-01,Indeed,Yes,0.8618292247509696,,0.8423577095072003
A00290,26,Female,Hispanic,USA,Christian,Single,Heterosexual,No,Hearing,English,minority,Sales Representative,5,Bachelor's,Tier 1,0.6236835811749313,0.6104328987057688,Ahmed,Casey,2026-04-01,Referral,No,0.6236835811749313,B4,0.5328458306079783
A00291,61,Female,Asian,India,Christian,Single,Heterosexual,No,missing,English,majority,DevOps Engineer,22,Master's,Tier 3,0.9334962413764418,0.7899539736640615,Diallo,Morgan,2026-04-01,Referral,Yes,0.9334962413764418,,1.0119515336906224
A00292,41,Female,Asian,USA,Muslim,Single,Heterosexual,No,missing,English,minority,Business Analyst,11,Bachelor's,Tier 2,0.8427281532354707,0.9022033922311324,Patel,Taylor,2026-04-01,Indeed,No,0.8427281532354707,B4,0.8909447716451921
A00293,34,Female,White,USA,Christian,missing,Heterosexual,No,missing,English,majority,Business Analyst,22,Bachelor's,Tier 2,0.4266902339638631,0.9504233787953059,Williams,Sam,2026-04-01,Direct,No,0.4266902339638631,,0.47253263618944846
A00294,61,Female,Black,USA,Christian,Single,Heterosexual,No,missing,Hindi,majority,UX Designer,13,Master's,Tier 2,0.23673913538597546,0.6972392464262258,Patel,Casey,2026-04-01,Indeed,No,0.23673913538597546,,0.2701840577083223
A00295,29,Male,Hispanic,USA,Hindu,missing,Heterosexual,No,Mobility,English,minority,ML Engineer,20,Bachelor's,Tier 1,0.8432761782578005,0.022554510794897342,Williams,Jordan,2026-04-01,LinkedIn,No,0.8432761782578005,B4,0.8487836076409832
A00296,62,Male,Native American,USA,Christian,Married,Heterosexual,No,missing,English,minority,Business Analyst,18,Master's,missing,0.6011689118580237,0.1850821488646024,Smith,Skyler,2026-04-01,LinkedIn,No,0.6011689118580237,B4,0.6119433588171401
A00297,39,Female,White,USA,Christian,Divorced,Prefer not to say,No,missing,Hindi,minority,ML Engineer,15,Master's,Tier 2,0.0763561499028973,0.048777437635423304,Patel,Alex,2026-04-01,LinkedIn,No,0.0763561499028973,B4,0.0637558203895319
A00298,57,Female,White,USA,Muslim,missing,Heterosexual,No,missing,English,majority,Business Analyst,13,Master's,Tier 2,0.7257868124715873,0.7762421713713403,Garcia,Riley,2026-04-01,Referral,No,0.7257868124715873,,0.71560679118544
A00299,56,Male,Middle Eastern,USA,Christian,Married,Heterosexual,No,missing,English,minority,Sales Representative,20,Bachelor's,Tier 3,0.47924700874191983,0.2676671508857862,Singh,Skyler,2026-04-01,Direct,No,0.47924700874191983,B4,0.48196218932760454
A00300,29,Male,White,USA,Muslim,Divorced,Heterosexual,No,missing,English,minority,UX Designer,13,Bachelor's,Tier 2,0.8019878511937298,0.8523076641336771,Brown,Casey,2026-04-01,Indeed,Yes,0.8019878511937298,B4,0.8775793267719187
A00301,54,Male,White,USA,Christian,Single,Heterosexual,No,missing,Mandarin,majority,DevOps Engineer,19,Bachelor's,Tier 2,0.1308557658335634,0.22233799706226876,Brown,Riley,2026-04-01,LinkedIn,No,0.1308557658335634,,0.15864016092396732
A00302,20,Male,Middle Eastern,USA,missing,Married,Prefer not to say,No,missing,Spanish,majority,Business Analyst,19,PhD,Tier 3,0.8304327324501505,0.38614473309163666,Williams,Riley,2026-04-01,Indeed,Yes,0.8304327324501505,,0.8275097261622074
A00303,31,Male,Asian,USA,Muslim,Single,Heterosexual,No,Cognitive/Neurodivergent,English,majority,Business Analyst,22,Bachelor's,Tier 2,0.13883059773907158,0.08841046140867326,Williams,Casey,2026-04-01,Referral,No,0.13883059773907158,,0.10986099521690178
A00304,29,Female,Black,USA,Christian,Single,Prefer not to say,No,missing,English,majority,ML Engineer,19,Bachelor's,missing,0.8529251681770615,0.35465137404064895,Garcia,Riley,2026-04-01,Referral,Yes,0.8529251681770615,,0.8211752438064785
A00305,42,Female,White,USA,Christian,Married,Heterosexual,No,missing,Spanish,majority,Marketing Manager,23,Bachelor's,Tier 2,0.9406214768032293,0.22915229175998852,Nguyen,Alex,2026-04-01,Direct,Yes,0.9406214768032293,,1.0207567273618539
A00306,25,Male,White,USA,missing,missing,Heterosexual,No,Hearing,English,majority,Product Manager,17,Bachelor's,Tier 3,0.009265060073332165,0.6468440071442543,Nguyen,Sam,2026-04-01,Direct,No,0.009265060073332165,,0.03459942528468736
A00307,57,Female,White,USA,Hindu,Single,Heterosexual,No,missing,English,majority,UX Designer,5,Bachelor's,Tier 2,0.28129298830161475,0.04166048122860189,Ahmed,Sam,2026-04-01,Indeed,No,0.28129298830161475,,0.2846705162171475
A00308,32,Female,White,USA,Hindu,Single,Heterosexual,No,Visual,English,majority,Sales Representative,5,Master's,Tier 2,0.8294020032433599,0.44212316355750547,Singh,Sam,2026-04-01,LinkedIn,Yes,0.8294020032433599,,0.8120929111357238
A00309,25,Male,Black,Mexico,missing,Married,Heterosexual,No,missing,Spanish,minority,Product Manager,10,Master's,Tier 3,0.6307061629056404,0.0876044554560449,Williams,Alex,2026-04-01,LinkedIn,No,0.6307061629056404,B4,0.5752534923206141
A00310,42,Male,Native American,Vietnam,Christian,Single,Heterosexual,No,missing,English,minority,Senior Software Engineer,1,Bachelor's,Tier 3,0.7357338694090089,0.8262920961400672,Hernandez,Skyler,2026-04-01,Direct,No,0.7357338694090089,B4,0.7323907915355141
A00311,37,Male,Asian,USA,Christian,Married,Heterosexual,No,missing,English,majority,DevOps Engineer,19,PhD,Tier 1,0.3804672067018092,0.3518744091956746,Ahmed,Skyler,2026-04-01,LinkedIn,No,0.3804672067018092,,0.4241501084253193
A00312,30,Male,Black,USA,Christian,Single,Heterosexual,No,Visual,English,minority,Software Engineer,21,Master's,Tier 1,0.4101479171258263,0.10946436734339526,Hernandez,Sam,2026-04-01,Indeed,No,0.4101479171258263,B4,0.3905210547839518
A00313,42,Female,White,USA,missing,Married,LGBTQ+,No,missing,English,majority,Product Manager,9,Master's,Tier 2,0.8035184119177027,0.4230805632222633,Kim,Morgan,2026-04-01,Direct,Yes,0.8035184119177027,,0.7921562827676747
A00314,46,Male,Black,USA,Christian,Married,LGBTQ+,No,missing,English,minority,DevOps Engineer,15,Bachelor's,Tier 1,0.8913287446953396,0.11276960389614987,Lee,Alex,2026-04-01,LinkedIn,Yes,0.8913287446953396,B4,0.8802770271233907
A00315,49,Female,Native American,USA,missing,missing,Prefer not to say,No,missing,English,minority,Business Analyst,4,Master's,Tier 2,0.834595842166883,0.40686798752307907,Lee,Jordan,2026-04-01,Referral,Yes,0.834595842166883,B4,0.8400755605667914
A00316,46,Male,White,USA,missing,Married,Heterosexual,No,missing,English,majority,Senior Software Engineer,0,PhD,Tier 2,0.6025198135026157,0.8416084965332024,Okafor,Riley,2026-04-01,Direct,No,0.6025198135026157,,0.5228692695653353
A00317,50,Female,Black,USA,Jewish,Married,Heterosexual,No,missing,Vietnamese,minority,Business Analyst,7,PhD,Tier 2,0.387524820514513,0.8480891168670633,Singh,Taylor,2026-04-01,Indeed,No,0.387524820514513,B4,0.3757549029162584
A00318,20,Female,White,Iran,Christian,Single,Heterosexual,No,Cognitive/Neurodivergent,English,majority,DevOps Engineer,18,Bachelor's,Tier 1,0.1331589489872803,0.7012010474904852,Patel,Morgan,2026-04-01,Referral,No,0.1331589489872803,,0.09043917307957675
A00319,27,Female,White,Iran,missing,Married,Heterosexual,Yes,missing,English,minority,Business Analyst,14,Master's,Tier 2,0.11148085257439544,0.5184976407024637,Hernandez,Jordan,2026-04-01,Referral,No,0.11148085257439544,B4,0.1557101042025257
A00320,27,Male,White,USA,missing,Divorced,Heterosexual,No,missing,English,majority,Product Manager,0,Bachelor's,Tier 3,0.13449239641226218,0.771868919109549,Okafor,Sam,2026-04-01,Direct,No,0.13449239641226218,,0.09596246258401919
A00321,55,Male,White,USA,Christian,Married,Heterosexual,No,Visual,English,majority,Product Manager,17,High School,Tier 2,0.9208721578409182,0.752554215993307,Wang,Skyler,2026-04-01,Direct,Yes,0.9208721578409182,,0.949724495205953
A00322,59,Female,White,Vietnam,Christian,Single,Heterosexual,No,missing,Farsi,majority,Marketing Manager,6,Bachelor's,Tier 3,0.37035610455894274,0.23750397327350203,Chen,Alex,2026-04-01,Referral,No,0.37035610455894274,,0.44657797719528075
A00323,49,Female,White,USA,Buddhist,Married,Heterosexual,No,missing,English,majority,Data Scientist,24,Associates,Tier 2,0.9670259025104585,0.6005578296401791,Lee,Taylor,2026-04-01,LinkedIn,Yes,0.9670259025104585,,0.9513460894463772
A00324,24,Female,Asian,USA,Christian,Single,Heterosexual,No,missing,English,majority,DevOps Engineer,20,Master's,missing,0.2389766653786981,0.42051550160379303,Lee,Skyler,2026-04-01,Referral,No,0.2389766653786981,,0.2088978527725248
A00325,61,Male,Hispanic,Iran,missing,Single,Heterosexual,No,missing,Vietnamese,minority,Software Engineer,10,Bachelor's,Tier 1,0.1388259333889016,0.9582695405315467,Johnson,Taylor,2026-04-01,LinkedIn,No,0.1388259333889016,B4,0.14839754634520624
A00326,56,Male,White,USA,Christian,Married,LGBTQ+,No,missing,Spanish,majority,Senior Software Engineer,7,Bachelor's,Tier 2,0.007717080572042456,0.27313393994893675,Kim,Skyler,2026-04-01,Indeed,No,0.007717080572042456,,0.007615629191591026
A00327,51,Female,White,USA,Christian,Divorced,Heterosexual,No,missing,English,majority,Marketing Manager,24,Bachelor's,missing,0.5983625657595898,0.28799810327259334,Johnson,Alex,2026-04-01,LinkedIn,No,0.5983625657595898,,0.5486817483926042
A00328,23,Male,White,USA,missing,Single,Heterosexual,No,missing,English,majority,Business Analyst,9,Bachelor's,Tier 2,0.9578588084344426,0.39579265552423515,Chen,Morgan,2026-04-01,Referral,Yes,0.9578588084344426,,0.9809047792201115
A00329,61,Male,White,USA,missing,Single,Heterosexual,No,missing,English,minority,ML Engineer,24,Bachelor's,missing,0.6946789887046544,0.9961830286061621,Williams,Sam,2026-04-01,LinkedIn,No,0.6946789887046544,B4,0.7954547913784248
A00330,48,Female,Asian,China,missing,Single,Heterosexual,No,missing,Spanish,majority,Business Analyst,22,Bachelor's,Tier 2,0.28545516494913803,0.18671183440850125,Rodriguez,Alex,2026-04-01,LinkedIn,No,0.28545516494913803,,0.2725495651858518
A00331,25,Female,White,India,Jewish,Single,Heterosexual,No,missing,English,minority,Marketing Manager,8,High School,Tier 2,0.7805725665619474,0.10136953946044125,Smith,Taylor,2026-04-01,Referral,Yes,0.7805725665619474,B4,0.7704287567587143
A00332,49,Female,Hispanic,USA,Buddhist,Married,Heterosexual,No,missing,English,minority,Product Manager,16,Associates,Tier 1,0.09881778869991953,0.15310025726686438,Lee,Taylor,2026-04-01,Direct,No,0.09881778869991953,B4,0.04657118752146524
A00333,37,Female,White,USA,Hindu,missing,Heterosexual,No,missing,English,minority,UX Designer,18,Associates,Tier 2,0.2665175595268977,0.7785485196345722,Kim,Casey,2026-04-01,LinkedIn,No,0.2665175595268977,B4,0.2824719821112251
A00334,53,Female,Hispanic,USA,Buddhist,Married,Heterosexual,No,Visual,English,minority,Marketing Manager,14,Bachelor's,Tier 3,0.730960590536006,0.2668148801960847,Johnson,Morgan,2026-04-01,Direct,No,0.730960590536006,B4,0.6686117793006247
A00335,23,Male,Hispanic,USA,missing,Single,Heterosexual,No,missing,Spanish,minority,Product Manager,22,Bachelor's,Tier 2,0.8075801010299292,0.9519894687114437,Okafor,Riley,2026-04-01,Referral,Yes,0.8075801010299292,B4,0.752233549812355
A00336,35,Female,White,USA,Christian,Married,Heterosexual,No,Visual,English,majority,UX Designer,15,Bachelor's,Tier 2,0.12610523764303916,0.47242734201613445,Williams,Morgan,2026-04-01,Indeed,No,0.12610523764303916,,0.19008860123522864
A00337,49,Male,White,USA,Christian,Single,Heterosexual,No,missing,English,majority,Marketing Manager,17,Master's,Tier 2,0.20514827768598687,0.7821922817887575,Smith,Sam,2026-04-01,LinkedIn,No,0.20514827768598687,,0.15987562471625466
A00338,60,Male,Hispanic,USA,Christian,Married,Heterosexual,No,missing,Spanish,minority,Marketing Manager,10,Master's,Tier 1,0.04451495715547149,0.40772354842437375,Kim,Casey,2026-04-01,Referral,No,0.04451495715547149,B4,0.0985828356220384
A00339,30,Female,Hispanic,USA,Christian,Divorced,Heterosexual,No,missing,Farsi,majority,Software Engineer,18,Master's,Tier 1,0.5632675445154408,0.8146716893614084,Garcia,Taylor,2026-04-01,LinkedIn,No,0.5632675445154408,,0.6394854447045811
A00340,25,Male,White,Vietnam,Christian,Single,Heterosexual,No,missing,English,majority,UX Designer,8,Master's,Tier 2,0.7420842878263678,0.8915780958277661,Smith,Sam,2026-04-01,Referral,Yes,0.7420842878263678,,0.755050610700205
A00341,30,Female,Black,USA,missing,Married,Heterosexual,No,Cognitive/Neurodivergent,English,minority,UX Designer,7,Bachelor's,Tier 2,0.25051015595191695,0.9907038563332642,Wang,Sam,2026-04-01,Direct,No,0.25051015595191695,B4,0.2781797260944581
A00342,56,Male,White,USA,missing,Married,Heterosexual,No,Cognitive/Neurodivergent,English,majority,Software Engineer,14,Master's,Tier 2,0.9682758805370424,0.20379065273578256,Johnson,Taylor,2026-04-01,Indeed,Yes,0.9682758805370424,,1.0658884277213814
A00343,53,Male,White,USA,Christian,Single,Heterosexual,No,missing,English,majority,Marketing Manager,6,Bachelor's,Tier 1,0.27181594614854887,0.7599298931900611,Singh,Sam,2026-04-01,Direct,No,0.27181594614854887,,0.26197952604526303
A00344,28,Male,White,USA,Christian,Married,Heterosexual,No,missing,English,majority,Marketing Manager,10,Master's,Tier 1,0.4966067660141087,0.9291855847376594,Patel,Morgan,2026-04-01,Indeed,No,0.4966067660141087,,0.4669564761670279
A00345,60,Female,Hispanic,China,missing,Single,Heterosexual,No,missing,English,majority,UX Designer,24,Bachelor's,Tier 3,0.10780232583347871,0.16509375778956292,Nguyen,Jordan,2026-04-01,Referral,No,0.10780232583347871,,0.04014077259433162
A00346,29,Female,Black,USA,Christian,Married,Heterosexual,No,missing,English,minority,Data Scientist,3,Bachelor's,Tier 1,0.6759371872494789,0.939898298161846,Rodriguez,Skyler,2026-04-01,LinkedIn,No,0.6759371872494789,B4,0.6780225412667963
A00347,20,Female,White,USA,Muslim,Single,Heterosexual,No,Cognitive/Neurodivergent,Hindi,majority,Product Manager,14,Associates,Tier 3,0.9747088486155358,0.6097404968997775,Johnson,Alex,2026-04-01,Referral,Yes,0.9747088486155358,,1.0486660591614512
A00348,22,Female,White,China,Christian,missing,Heterosexual,No,Cognitive/Neurodivergent,Spanish,majority,ML Engineer,22,Bachelor's,missing,0.9391292055000007,0.3225744204732319,Patel,Taylor,2026-04-01,Direct,Yes,0.9391292055000007,,0.987108974570044
A00349,50,Male,Middle Eastern,USA,Christian,Married,LGBTQ+,No,missing,English,minority,Sales Representative,20,Bachelor's,Tier 2,0.21229398858483428,0.566808348159807,Okafor,Casey,2026-04-01,Referral,No,0.21229398858483428,B4,0.16518942651393642
A00350,20,Male,White,USA,Christian,Married,Heterosexual,No,missing,Mandarin,minority,Senior Software Engineer,7,Bachelor's,Tier 2,0.9169928277500459,0.09134602095535338,Chen,Riley,2026-04-01,LinkedIn,Yes,0.9169928277500459,B4,0.874224058558416
A00351,31,Female,White,USA,Christian,Married,Heterosexual,No,missing,English,majority,ML Engineer,0,Master's,Tier 2,0.11029859289304944,0.008716659269103033,Ahmed,Skyler,2026-04-01,Direct,No,0.11029859289304944,,0.08509003142600126
A00352,46,Female,Hispanic,India,Christian,Single,Prefer not to say,No,missing,English,majority,UX Designer,17,Master's,missing,0.9562733946574502,0.9312893805310541,Hernandez,Morgan,2026-04-01,Referral,Yes,0.9562733946574502,,0.9708867987822173
A00353,33,Female,Asian,India,missing,Married,Heterosexual,No,missing,English,majority,DevOps Engineer,13,Associates,Tier 2,0.3078750375713071,0.9070202169812488,Williams,Jordan,2026-04-01,Direct,No,0.3078750375713071,,0.2976094662161229
A00354,23,Male,Asian,USA,Buddhist,Single,Heterosexual,No,missing,English,majority,DevOps Engineer,11,Master's,Tier 2,0.7276497853636351,0.09562511068034596,Smith,Jordan,2026-04-01,Direct,No,0.7276497853636351,,0.7383724826357891
A00355,28,Male,White,USA,missing,Single,Heterosexual,No,missing,English,majority,Software Engineer,18,Bachelor's,Tier 3,0.06708140241309912,0.13964568733729665,Brown,Casey,2026-04-01,Referral,No,0.06708140241309912,,0.0819183713153715
A00356,59,Male,White,USA,Christian,Married,LGBTQ+,No,missing,English,majority,Business Analyst,23,Master's,Tier 2,0.6744198781023012,0.08866202146513424,Ahmed,Casey,2026-04-01,Referral,No,0.6744198781023012,,0.6594811987683789
A00357,48,Male,Middle Eastern,USA,Christian,Divorced,Heterosexual,No,missing,English,majority,DevOps Engineer,3,PhD,Tier 2,0.9320601065978735,0.512076745577753,Rodriguez,Riley,2026-04-01,Referral,Yes,0.9320601065978735,,0.9300514095177264
A00358,51,Female,Asian,USA,Christian,Single,Heterosexual,No,missing,English,minority,Data Scientist,11,Associates,Tier 3,0.201265770763296,0.8302056851224238,Cohen,Jordan,2026-04-01,Direct,No,0.201265770763296,B4,0.2115953896240977
A00359,61,Male,White,USA,Christian,Married,LGBTQ+,No,missing,Hindi,majority,Sales Representative,19,Master's,Tier 2,0.9558675662098023,0.9155328276345027,Rodriguez,Morgan,2026-04-01,Indeed,Yes,0.9558675662098023,,0.9516690810331435
A00360,31,Female,Asian,USA,Christian,Single,Heterosexual,No,missing,English,majority,Data Scientist,22,Associates,Tier 2,0.34101227135020307,0.9206693596280566,Lee,Casey,2026-04-01,LinkedIn,No,0.34101227135020307,,0.3661883145999056
A00361,27,Female,White,USA,missing,Married,Heterosexual,No,missing,Spanish,majority,Business Analyst,8,Master's,Tier 3,0.9595885136973221,0.9302606922301822,Khan,Taylor,2026-04-01,Referral,Yes,0.9595885136973221,,1.0531323023637225
A00362,41,Male,Asian,USA,Christian,Married,Heterosexual,No,missing,Spanish,majority,Data Scientist,21,Bachelor's,Tier 2,0.7894953141245029,0.7856587413106353,Patel,Taylor,2026-04-01,LinkedIn,Yes,0.7894953141245029,,0.8190939283630444
A00363,45,Female,Hispanic,USA,Christian,Single,Heterosexual,No,missing,English,majority,Sales Representative,21,Bachelor's,Tier 2,0.38923277120347444,0.11522942022813076,Garcia,Skyler,2026-04-01,LinkedIn,No,0.38923277120347444,,0.39202329852390205
A00364,28,Female,White,USA,missing,Single,Heterosexual,No,missing,Mandarin,minority,Business Analyst,4,Master's,Tier 3,0.3535728928978048,0.5831894339292553,Diallo,Skyler,2026-04-01,Indeed,No,0.3535728928978048,B4,0.26926696172970904
A00365,34,Male,Black,USA,Hindu,Single,Heterosexual,No,Visual,English,minority,DevOps Engineer,2,Master's,Tier 2,0.6772925587243558,0.3949498563029522,Smith,Morgan,2026-04-01,LinkedIn,No,0.6772925587243558,B4,0.6966904130251159
A00366,50,Male,White,Iran,Christian,Divorced,Heterosexual,Yes,Hearing,English,majority,ML Engineer,0,Bachelor's,Tier 2,0.3469047575724483,0.13261246027714702,Patel,Casey,2026-04-01,LinkedIn,No,0.3469047575724483,,0.24957083698408794
A00367,58,Male,White,USA,Muslim,Single,LGBTQ+,No,missing,Farsi,majority,DevOps Engineer,7,Master's,missing,0.6544047008032713,0.23309417026307266,Ahmed,Skyler,2026-04-01,Indeed,No,0.6544047008032713,,0.5839529964954652
A00368,51,Female,Hispanic,USA,Christian,Married,Heterosexual,No,missing,Spanish,minority,Product Manager,17,Associates,Tier 1,0.067428610726736,0.858448611953033,Garcia,Skyler,2026-04-01,LinkedIn,No,0.067428610726736,B4,0.11016057335017426
A00369,44,Male,White,USA,Christian,Divorced,Heterosexual,No,missing,English,majority,DevOps Engineer,1,Bachelor's,Tier 3,0.5545047600040726,0.7782511022829669,Rodriguez,Alex,2026-04-01,LinkedIn,No,0.5545047600040726,,0.5898165130109058
A00370,57,Male,Black,USA,Christian,Single,Heterosexual,No,Mobility,English,majority,Product Manager,19,Bachelor's,Tier 3,0.07806962159817832,0.24678311993312052,Lee,Jordan,2026-04-01,Indeed,No,0.07806962159817832,,0.07057267168073408
A00371,28,Female,White,USA,Christian,Married,Heterosexual,No,missing,English,majority,Software Engineer,1,PhD,Tier 2,0.17510128918007306,0.7718663363843984,Wang,Riley,2026-04-01,Referral,No,0.17510128918007306,,0.08960073387246227
A00372,58,Male,White,USA,Christian,Single,Heterosexual,No,Hearing,English,minority,Senior Software Engineer,20,Master's,Tier 2,0.26464123507249315,0.9727958173862237,Smith,Morgan,2026-04-01,Referral,No,0.26464123507249315,B4,0.24607380922795064
A00373,40,Male,White,USA,missing,Single,LGBTQ+,No,missing,Vietnamese,majority,Marketing Manager,8,Bachelor's,Tier 2,0.9459069523798349,0.7528881971866904,Okafor,Sam,2026-04-01,Referral,Yes,0.9459069523798349,,0.9119700364690337
A00374,40,Male,White,USA,Muslim,Single,Heterosexual,No,missing,English,majority,Business Analyst,7,Bachelor's,Tier 1,0.2618190839026856,0.29175593967668856,Hernandez,Morgan,2026-04-01,Direct,No,0.2618190839026856,,0.29366112120919613
A00375,56,Female,Middle Eastern,USA,missing,Single,Heterosexual,No,missing,Mandarin,majority,Marketing Manager,4,Associates,Tier 3,0.8751136333157425,0.6985063550289112,Rodriguez,Riley,2026-04-01,Referral,Yes,0.8751136333157425,,0.9880001599371191
A00376,61,Male,White,China,Christian,Married,Heterosexual,No,Cognitive/Neurodivergent,English,majority,Product Manager,5,Associates,missing,0.07407392176092564,0.23549101064210098,Singh,Riley,2026-04-01,LinkedIn,No,0.07407392176092564,,0.08492044615865843
A00377,43,Female,White,USA,Christian,Single,Heterosexual,No,Hearing,English,majority,Software Engineer,16,Bachelor's,Tier 1,0.8868171843070264,0.15443113883332715,Cohen,Morgan,2026-04-01,LinkedIn,Yes,0.8868171843070264,,0.8478516279054206
A00378,46,Male,White,USA,Christian,Married,Heterosexual,No,Visual,English,majority,Sales Representative,23,Bachelor's,Tier 3,0.18538592413823696,0.7565603031107291,Khan,Morgan,2026-04-01,Indeed,No,0.18538592413823696,,0.12685834762307596
A00379,28,Female,White,USA,Christian,Married,Heterosexual,No,missing,English,majority,Senior Software Engineer,18,Bachelor's,missing,0.12848682268709966,0.3662510200959693,Patel,Jordan,2026-04-01,Direct,No,0.12848682268709966,,0.12568210864868604
A00380,53,Male,White,USA,Christian,Single,Prefer not to say,No,missing,English,majority,DevOps Engineer,20,Master's,Tier 2,0.36204057108369603,0.5420504027988741,Okafor,Skyler,2026-04-01,Referral,No,0.36204057108369603,,0.3532009114080166
A00381,42,Male,White,USA,Christian,Single,Heterosexual,No,missing,English,majority,Data Scientist,17,Associates,Tier 3,0.4033488210977899,0.3262257166031741,Diallo,Riley,2026-04-01,Indeed,No,0.4033488210977899,,0.3457728631214163
A00382,39,Male,White,USA,missing,Single,Heterosexual,No,missing,English,majority,Senior Software Engineer,0,Master's,Tier 2,0.6729177774912336,0.22589293458725634,Kim,Riley,2026-04-01,Referral,No,0.6729177774912336,,0.6787355392758428
A00383,51,Female,White,USA,Christian,Single,Heterosexual,No,missing,English,majority,Software Engineer,16,Bachelor's,Tier 1,0.12323550450129783,0.606250976103117,Okafor,Sam,2026-04-01,Direct,No,0.12323550450129783,,0.06568982843575474
A00384,55,Male,White,USA,Christian,missing,Heterosexual,No,missing,English,majority,ML Engineer,4,Master's,Tier 3,0.4607046131421967,0.07698541526380998,Cohen,Alex,2026-04-01,Referral,No,0.4607046131421967,,0.5163099767286617
A00385,44,Male,Middle Eastern,USA,Muslim,Divorced,Heterosexual,No,Hearing,English,majority,Senior Software Engineer,23,Bachelor's,Tier 2,0.16014828287778093,0.8874854858520178,Lee,Riley,2026-04-01,Referral,No,0.16014828287778093,,0.2132808131671887
A00386,32,Female,Hispanic,India,missing,Single,Heterosexual,No,missing,English,minority,Sales Representative,5,Bachelor's,Tier 1,0.21579871323882904,0.47919337085629965,Rodriguez,Taylor,2026-04-01,Indeed,No,0.21579871323882904,B4,0.2700362765036501
A00387,59,Male,Middle Eastern,USA,Christian,Single,Heterosexual,No,Visual,English,majority,Product Manager,6,Bachelor's,Tier 2,0.04729720488441935,0.8210619499730246,Khan,Taylor,2026-04-01,Direct,No,0.04729720488441935,,0.023594681353992942
A00388,34,Male,White,USA,Christian,Married,Heterosexual,No,missing,English,majority,Software Engineer,17,Bachelor's,Tier 3,0.35855904772609004,0.5225247534848931,Smith,Casey,2026-04-01,Referral,No,0.35855904772609004,,0.38428507589199445
A00389,23,Male,Asian,USA,Christian,Single,Heterosexual,No,missing,English,minority,ML Engineer,14,Associates,Tier 3,0.9963771093294834,0.6413531691117329,Cohen,Taylor,2026-04-01,Indeed,Yes,0.9963771093294834,B4,0.9897736340685156
A00390,60,Male,White,Mexico,Christian,Single,Heterosexual,No,missing,Mandarin,majority,Senior Software Engineer,0,Bachelor's,Tier 2,0.9072116673018268,0.2921763272001764,Singh,Skyler,2026-04-01,LinkedIn,Yes,0.9072116673018268,,0.8877710642317027
A00391,23,Male,White,USA,Christian,Single,Heterosexual,No,Hearing,English,majority,ML Engineer,24,Master's,missing,0.17699197639592346,0.5365207468633456,Brown,Alex,2026-04-01,LinkedIn,No,0.17699197639592346,,0.16003469353882016
A00392,49,Male,White,USA,Hindu,Single,Heterosexual,No,missing,English,majority,Business Analyst,0,Bachelor's,Tier 2,0.5958716273909807,0.7835493335545851,Smith,Morgan,2026-04-01,Direct,No,0.5958716273909807,,0.5308858637392732
A00393,62,Female,White,USA,Christian,Single,Heterosexual,No,missing,Mandarin,minority,Software Engineer,2,Master's,Tier 1,0.04914857048564969,0.2066687082798896,Ahmed,Taylor,2026-04-01,Indeed,No,0.04914857048564969,B4,-0.02304461430910637
A00394,31,Male,Hispanic,Vietnam,missing,Single,LGBTQ+,No,missing,Farsi,minority,Sales Representative,15,High School,Tier 3,0.7363322524885664,0.5962248581935867,Wang,Morgan,2026-04-01,Referral,No,0.7363322524885664,B4,0.7760479920323686
A00395,38,Female,White,USA,Christian,Single,Heterosexual,No,missing,English,majority,UX Designer,10,Bachelor's,Tier 1,0.7709260816744714,0.6949258159643962,Lee,Riley,2026-04-01,Direct,Yes,0.7709260816744714,,0.7613643114784954
A00396,29,Female,White,Mexico,Muslim,Single,Heterosexual,No,missing,English,majority,Data Scientist,1,Bachelor's,Tier 2,0.982517290910168,0.029956724922778788,Johnson,Morgan,2026-04-01,Direct,Yes,0.982517290910168,,0.9933385334665492
A00397,47,Male,Middle Eastern,USA,Christian,Divorced,Heterosexual,No,missing,English,majority,Software Engineer,24,Master's,Tier 3,0.5006356249905675,0.0763447885372267,Chen,Morgan,2026-04-01,Direct,No,0.5006356249905675,,0.5507211444132735
A00398,44,Female,White,USA,Muslim,Married,Heterosexual,No,Hearing,English,majority,ML Engineer,15,Bachelor's,Tier 2,0.045517184504554775,0.7534176384912683,Hernandez,Skyler,2026-04-01,Referral,No,0.045517184504554775,,-0.04113944024624894
A00399,35,Female,Black,USA,missing,Single,Heterosexual,No,missing,English,majority,UX Designer,14,Bachelor's,Tier 3,0.5354127651818943,0.5934385528830739,Johnson,Alex,2026-04-01,Indeed,No,0.5354127651818943,,0.4962062614910996
A00400,60,Male,Native American,USA,missing,Married,Heterosexual,No,missing,English,minority,Data Scientist,15,Bachelor's,Tier 2,0.57922449344999,0.9563003147315193,Singh,Morgan,2026-04-01,Referral,No,0.57922449344999,B4,0.5879912356232436
A00401,34,Female,Black,USA,Buddhist,Married,Heterosexual,No,Hearing,English,minority,Sales Representative,21,Bachelor's,Tier 2,0.3727195214402057,0.9796627918987547,Williams,Taylor,2026-04-01,LinkedIn,No,0.3727195214402057,B4,0.39232426077348437
A00402,25,Female,White,USA,Christian,Married,Heterosexual,No,missing,Vietnamese,majority,UX Designer,18,Bachelor's,Tier 2,0.47030761184676784,0.4377348928068202,Rodriguez,Alex,2026-04-01,Referral,No,0.47030761184676784,,0.451453889326713
A00403,21,Female,White,China,Christian,Married,Heterosexual,No,Mobility,English,majority,Product Manager,12,Bachelor's,Tier 2,0.7864933231121413,0.8197062612037576,Smith,Taylor,2026-04-01,Direct,Yes,0.7864933231121413,,0.8379522847470336
A00404,47,Male,Black,USA,Jewish,Single,Heterosexual,Yes,missing,English,minority,Sales Representative,5,Bachelor's,Tier 1,0.5067554553238953,0.7512369637976566,Johnson,Morgan,2026-04-01,Direct,No,0.5067554553238953,B4,0.5172752022653772
A00405,25,Male,Hispanic,USA,Jewish,Married,Heterosexual,No,Hearing,English,minority,Software Engineer,19,Master's,Tier 3,0.4209711569820005,0.6639978741675159,Brown,Jordan,2026-04-01,Direct,No,0.4209711569820005,B4,0.3603020500406075
A00406,34,Male,White,USA,Buddhist,Single,Heterosexual,Yes,missing,English,minority,DevOps Engineer,0,Master's,Tier 3,0.26702509212304926,0.7789258549339867,Diallo,Sam,2026-04-01,LinkedIn,No,0.26702509212304926,B4,0.220486903323517
A00407,52,Female,White,USA,Christian,Single,Heterosexual,No,missing,English,majority,Sales Representative,20,Master's,Tier 3,0.6037518936588092,0.2609721174237588,Rodriguez,Casey,2026-04-01,Direct,No,0.6037518936588092,,0.6440254466835403
A00408,23,Female,White,USA,Christian,Married,Heterosexual,Yes,missing,English,majority,UX Designer,11,PhD,missing,0.18650811412120627,0.19384665987425254,Hernandez,Alex,2026-04-01,Indeed,No,0.18650811412120627,,0.20969968694400926
A00409,35,Male,White,USA,Christian,Married,Heterosexual,No,missing,English,minority,UX Designer,16,Master's,Tier 1,0.8859907851033589,0.3167894153204923,Johnson,Riley,2026-04-01,Referral,Yes,0.8859907851033589,B4,0.7910377231530289
A00410,42,Female,White,USA,Christian,Divorced,Heterosexual,No,missing,English,majority,DevOps Engineer,10,Master's,Tier 2,0.41927448551832014,0.6329153436879903,Nguyen,Riley,2026-04-01,Referral,No,0.41927448551832014,,0.4866601007114406
A00411,38,Female,White,USA,Christian,Single,Heterosexual,No,missing,English,majority,Data Scientist,1,Associates,Tier 1,0.8807344282138075,0.3869765926448725,Diallo,Alex,2026-04-01,Referral,Yes,0.8807344282138075,,0.910635779768502
A00412,30,Male,White,USA,Hindu,Single,Heterosexual,No,missing,English,majority,ML Engineer,16,Bachelor's,Tier 2,0.17132441995186087,0.4761078359236329,Diallo,Riley,2026-04-01,Direct,No,0.17132441995186087,,0.2384915693366858
A00413,44,Male,White,USA,missing,Married,Heterosexual,No,Cognitive/Neurodivergent,Spanish,majority,Sales Representative,9,Master's,Tier 2,0.5812199271550746,0.618553493527126,Ahmed,Sam,2026-04-01,Direct,No,0.5812199271550746,,0.5620348831013204
A00414,45,Female,Hispanic,USA,Christian,Single,LGBTQ+,No,missing,English,majority,UX Designer,13,Master's,Tier 3,0.0858611888711015,0.8330037351329039,Patel,Morgan,2026-04-01,LinkedIn,No,0.0858611888711015,,0.07107587780448521
A00415,42,Male,White,Egypt,missing,Married,Heterosexual,No,missing,English,majority,Sales Representative,16,Master's,Tier 2,0.7007532129761354,0.7436258811440275,Kim,Alex,2026-04-01,Referral,No,0.7007532129761354,,0.6444303587385694
A00416,32,Male,Hispanic,Mexico,missing,Single,Heterosexual,No,missing,English,minority,UX Designer,12,PhD,Tier 1,0.13251073202670105,0.8561578218422877,Brown,Morgan,2026-04-01,LinkedIn,No,0.13251073202670105,B4,0.2593572105332954
A00417,51,Female,White,USA,Christian,Single,Heterosexual,No,missing,Mandarin,majority,Software Engineer,14,Master's,Tier 2,0.9509004542902221,0.8212231221987235,Williams,Riley,2026-04-01,Indeed,Yes,0.9509004542902221,,0.9421277430198647
A00418,33,Male,Hispanic,USA,Christian,Married,Heterosexual,No,missing,English,minority,Marketing Manager,12,Master's,Tier 3,0.4361579755112851,0.23840820503512838,Williams,Skyler,2026-04-01,Direct,No,0.4361579755112851,B4,0.5155346351153824
A00419,52,Female,Hispanic,USA,missing,Single,Heterosexual,No,missing,English,majority,DevOps Engineer,23,Bachelor's,Tier 3,0.9744312304620908,0.2673688861885325,Williams,Casey,2026-04-01,Referral,Yes,0.9744312304620908,,0.9420666078927268
A00420,52,Female,White,USA,missing,missing,Heterosexual,No,missing,English,majority,UX Designer,11,Associates,Tier 3,0.6773926758462756,0.8791876633832981,Nguyen,Casey,2026-04-01,Direct,No,0.6773926758462756,,0.6855847354629306
A00421,54,Female,Black,USA,Christian,Single,Heterosexual,No,missing,English,minority,UX Designer,22,Bachelor's,Tier 3,0.38787283762190716,0.876303273836376,Cohen,Sam,2026-04-01,LinkedIn,No,0.38787283762190716,B4,0.30430521329340315
A00422,46,Female,White,India,Christian,Married,Heterosexual,No,missing,Mandarin,majority,Product Manager,22,Bachelor's,Tier 3,0.9249096555442159,0.4451677527391428,Nguyen,Sam,2026-04-01,Referral,Yes,0.9249096555442159,,0.9057662981058774
A00423,21,Female,Asian,USA,Christian,Single,Heterosexual,No,Mobility,English,majority,Sales Representative,20,Master's,Tier 2,0.5779735698804805,0.177298695641538,Cohen,Alex,2026-04-01,Direct,No,0.5779735698804805,,0.6271613153004819
A00424,49,Male,Hispanic,USA,missing,Married,Heterosexual,No,Hearing,English,minority,Senior Software Engineer,7,Master's,Tier 2,0.7166100641987382,0.9888458949538649,Kim,Taylor,2026-04-01,Indeed,No,0.7166100641987382,B4,0.6540228734200133
A00425,59,Female,White,USA,missing,Divorced,Heterosexual,No,missing,English,majority,Software Engineer,9,Master's,Tier 1,0.8344119483951148,0.2521476436312311,Williams,Jordan,2026-04-01,LinkedIn,Yes,0.8344119483951148,,0.8880233256418454
A00426,40,Male,White,USA,missing,Single,Heterosexual,No,missing,English,majority,Marketing Manager,7,Bachelor's,Tier 3,0.9464049903147932,0.24875852590718184,Williams,Taylor,2026-04-01,Indeed,Yes,0.9464049903147932,,0.9632668811072164
A00427,21,Male,Hispanic,USA,Christian,Married,Heterosexual,No,missing,English,minority,UX Designer,8,PhD,Tier 3,0.011243523424680157,0.25629061885712723,Kim,Sam,2026-04-01,Indeed,No,0.011243523424680157,B4,-0.040954022824532636
A00428,45,Female,White,India,Christian,Single,Heterosexual,No,missing,English,majority,Software Engineer,12,Master's,Tier 2,0.515452939834718,0.7006213845199719,Lee,Alex,2026-04-01,Direct,No,0.515452939834718,,0.4903730762634343
A00429,30,Male,White,Mexico,Christian,Divorced,Heterosexual,No,missing,Spanish,majority,Marketing Manager,4,Master's,Tier 2,0.37811903828337134,0.05623705785062516,Khan,Taylor,2026-04-01,Referral,No,0.37811903828337134,,0.35516575444810067
A00430,56,Male,Black,USA,Christian,Single,LGBTQ+,No,missing,English,minority,Marketing Manager,5,Bachelor's,Tier 1,0.9642934599394261,0.5688231801701871,Chen,Casey,2026-04-01,LinkedIn,No,0.9642934599394261,B4,0.9618174930423009
A00431,50,Female,White,USA,Christian,Single,Heterosexual,No,missing,English,majority,DevOps Engineer,23,Master's,Tier 3,0.036951874464419276,0.9163772257635069,Diallo,Skyler,2026-04-01,Referral,No,0.036951874464419276,,0.010144676167264659
A00432,29,Male,Black,USA,missing,Married,Heterosexual,No,missing,English,minority,Senior Software Engineer,14,Associates,Tier 1,0.9363168126832505,0.15009898188351867,Chen,Riley,2026-04-01,Direct,No,0.9363168126832505,B4,0.8949524176430237
A00433,21,Male,White,USA,missing,Single,Heterosexual,No,missing,English,majority,Data Scientist,16,Bachelor's,Tier 3,0.14841449194656076,0.6650829704174921,Lee,Riley,2026-04-01,Referral,No,0.14841449194656076,,0.13318510682081988
A00434,38,Male,White,USA,Buddhist,Single,Heterosexual,No,missing,English,majority,Sales Representative,17,Master's,Tier 2,0.17671693571712033,0.735605274832851,Khan,Taylor,2026-04-01,Referral,No,0.17671693571712033,,0.12537244878666787
A00435,26,Male,Hispanic,USA,missing,Single,Heterosexual,No,missing,English,minority,ML Engineer,24,Master's,Tier 2,0.8117822447662647,0.3225962053580248,Kim,Casey,2026-04-01,Referral,Yes,0.8117822447662647,B4,0.7473059161341109
A00436,54,Male,Hispanic,China,missing,Single,Heterosexual,No,missing,English,majority,Software Engineer,18,Bachelor's,Tier 1,0.5845871908561832,0.008827828740471944,Lee,Alex,2026-04-01,Direct,No,0.5845871908561832,,0.5821783667308152
A00437,27,Female,Asian,USA,Hindu,Single,Heterosexual,No,missing,English,majority,Sales Representative,0,Bachelor's,Tier 2,0.45262428953198697,0.79510392487304,Williams,Casey,2026-04-01,LinkedIn,No,0.45262428953198697,,0.4967680008097154
A00438,27,Female,Black,USA,Christian,Divorced,Heterosexual,No,missing,English,majority,Product Manager,8,Bachelor's,Tier 1,0.15740768203674083,0.030163581510346038,Chen,Alex,2026-04-01,Indeed,No,0.15740768203674083,,0.08093909678087258
A00439,56,Male,White,USA,Christian,Married,LGBTQ+,No,Mobility,English,minority,Sales Representative,13,Bachelor's,Tier 1,0.5606633924270138,0.4549166411908817,Patel,Riley,2026-04-01,Indeed,No,0.5606633924270138,B4,0.5608388000002118
A00440,22,Male,Black,USA,Christian,Single,Heterosexual,No,missing,English,minority,Business Analyst,1,Associates,Tier 2,0.4518257746353045,0.2545883271000329,Nguyen,Alex,2026-04-01,Indeed,No,0.4518257746353045,B4,0.4193279648952397
A00441,23,Male,White,USA,Christian,Divorced,Heterosexual,No,missing,English,majority,Data Scientist,8,Bachelor's,Tier 2,0.20611935426088623,0.4389874460567267,Ahmed,Morgan,2026-04-01,Direct,No,0.20611935426088623,,0.15726208240415174
A00442,21,Male,White,USA,missing,Married,Heterosexual,No,missing,English,minority,Business Analyst,11,Bachelor's,Tier 2,0.9079227929516431,0.09266810981825624,Patel,Taylor,2026-04-01,Direct,No,0.9079227929516431,B4,0.9505946755873741
A00443,30,Female,White,USA,missing,Single,Heterosexual,No,missing,English,majority,Software Engineer,21,Bachelor's,Tier 1,0.9403888009890959,0.5676517843805369,Diallo,Taylor,2026-04-01,Indeed,Yes,0.9403888009890959,,0.9144803165345626
A00444,42,Female,White,Mexico,Christian,Married,Heterosexual,Yes,Visual,English,majority,Software Engineer,21,Bachelor's,Tier 2,0.24828892876237563,0.4757398337108766,Rodriguez,Sam,2026-04-01,Indeed,No,0.24828892876237563,,0.3232040129156196
A00445,57,Female,White,USA,Christian,Married,Heterosexual,No,missing,English,majority,Sales Representative,3,Master's,Tier 2,0.8063807819090613,0.711590742456321,Rodriguez,Taylor,2026-04-01,Indeed,Yes,0.8063807819090613,,0.7673888137017416
A00446,62,Male,White,USA,Christian,Single,Heterosexual,No,missing,English,majority,ML Engineer,0,Bachelor's,Tier 2,0.7808306648940903,0.34734121406651264,Smith,Casey,2026-04-01,LinkedIn,Yes,0.7808306648940903,,0.8001557645753818
A00447,35,Female,White,USA,Christian,Married,Heterosexual,No,Visual,English,majority,ML Engineer,21,Master's,missing,0.4896671500560087,0.7513237827042847,Brown,Alex,2026-04-01,Referral,No,0.4896671500560087,,0.47830299972814855
A00448,52,Male,White,USA,Christian,Single,Heterosexual,No,Cognitive/Neurodivergent,English,minority,Product Manager,0,Bachelor's,Tier 2,0.2656085716235812,0.8600434067784649,Johnson,Taylor,2026-04-01,Referral,No,0.2656085716235812,B4,0.22790748116726303
A00449,41,Male,White,USA,Hindu,Single,LGBTQ+,No,Visual,English,minority,Software Engineer,12,Associates,Tier 3,0.330904591691377,0.13176638066641788,Khan,Taylor,2026-04-01,Direct,No,0.330904591691377,B4,0.36028834382026464
A00450,61,Non-binary,White,USA,Christian,Single,Heterosexual,No,missing,English,majority,Marketing Manager,4,Bachelor's,Tier 2,0.7364480298306795,0.13419814531187002,Rodriguez,Alex,2026-04-01,Direct,No,0.7364480298306795,,0.7286989011769391
A00451,31,Male,White,USA,missing,Married,Heterosexual,No,missing,English,majority,Product Manager,16,Bachelor's,Tier 3,0.7319125708132673,0.9879177679351326,Hernandez,Jordan,2026-04-01,Referral,No,0.7319125708132673,,0.7620730998489497
A00452,23,Male,White,USA,Christian,Married,LGBTQ+,No,missing,English,majority,Senior Software Engineer,7,Bachelor's,Tier 2,0.9912534742271474,0.7413481686544217,Brown,Skyler,2026-04-01,Indeed,Yes,0.9912534742271474,,0.9888888988662976
A00453,27,Male,White,USA,Christian,Single,Heterosexual,No,missing,English,majority,DevOps Engineer,17,Bachelor's,Tier 2,0.8449892403631286,0.19211714431082116,Nguyen,Taylor,2026-04-01,Indeed,Yes,0.8449892403631286,,0.7906984275980566
A00454,44,Male,White,India,Christian,Married,LGBTQ+,No,Cognitive/Neurodivergent,English,majority,UX Designer,3,Bachelor's,Tier 3,0.8357901210334482,0.47066947340876486,Johnson,Skyler,2026-04-01,Direct,Yes,0.8357901210334482,,0.8306866588740028
A00455,57,Female,Asian,USA,missing,Single,Heterosexual,No,missing,English,majority,Sales Representative,19,Bachelor's,Tier 1,0.6047341818251196,0.812138032138928,Ahmed,Alex,2026-04-01,Indeed,No,0.6047341818251196,,0.6073319403009266
A00456,62,Female,White,USA,Christian,Single,Heterosexual,No,missing,English,majority,Business Analyst,12,Bachelor's,Tier 2,0.05396432527380213,0.1608570100608656,Diallo,Alex,2026-04-01,Direct,No,0.05396432527380213,,0.10188747296786199
A00457,27,Female,Hispanic,USA,Christian,Single,LGBTQ+,No,missing,English,minority,Sales Representative,3,Master's,Tier 2,0.2637156193673187,0.5887578293180811,Rodriguez,Sam,2026-04-01,Referral,No,0.2637156193673187,B4,0.21840216900055975
A00458,30,Female,Asian,USA,Christian,Single,Heterosexual,No,missing,Spanish,majority,UX Designer,23,Bachelor's,missing,0.8850154834060494,0.6289577226226083,Smith,Riley,2026-04-01,Referral,Yes,0.8850154834060494,,0.8830489907426842
A00459,24,Female,Hispanic,USA,Jewish,Married,Heterosexual,No,missing,English,minority,Software Engineer,3,Master's,Tier 1,0.7419299991986814,0.9690716121876127,Garcia,Casey,2026-04-01,Referral,No,0.7419299991986814,B4,0.6558360626871794
A00460,38,Male,White,USA,Hindu,Married,Heterosexual,No,Visual,English,majority,Marketing Manager,10,Bachelor's,Tier 1,0.7166151688425882,0.7982386392998123,Ahmed,Alex,2026-04-01,LinkedIn,No,0.7166151688425882,,0.749189821859754
A00461,24,Male,Hispanic,USA,Christian,Single,Heterosexual,No,Visual,English,majority,Marketing Manager,3,Bachelor's,Tier 3,0.5917854387616156,0.880898934932467,Okafor,Riley,2026-04-01,Direct,No,0.5917854387616156,,0.5377112900295833
A00462,62,Male,Asian,USA,missing,missing,Heterosexual,No,missing,English,majority,Product Manager,24,Bachelor's,Tier 3,0.12864196277129347,0.9907532256556707,Okafor,Morgan,2026-04-01,Indeed,No,0.12864196277129347,,0.03832398671711319
A00463,46,Male,White,USA,Christian,Divorced,Heterosexual,No,Cognitive/Neurodivergent,English,majority,Business Analyst,0,Associates,Tier 2,0.7045333392263383,0.796041773520384,Okafor,Alex,2026-04-01,Direct,No,0.7045333392263383,,0.7015724975126014
A00464,54,Male,Black,USA,Christian,Single,Heterosexual,No,missing,English,minority,Senior Software Engineer,3,Bachelor's,Tier 3,0.23797241588485918,0.9305425284407226,Garcia,Skyler,2026-04-01,LinkedIn,No,0.23797241588485918,B4,0.29325666381800153
A00465,57,Male,White,USA,Christian,Married,Heterosexual,No,missing,English,majority,UX Designer,7,Bachelor's,missing,0.08903719240677277,0.8679005240696246,Patel,Skyler,2026-04-01,Direct,No,0.08903719240677277,,0.012814844996178992
A00466,27,Male,Black,USA,Christian,Married,Heterosexual,No,missing,English,minority,Sales Representative,14,Bachelor's,missing,0.0646238241280277,0.6246032209300829,Kim,Morgan,2026-04-01,Direct,No,0.0646238241280277,B4,0.010222044858606338
A00467,57,Male,White,USA,Buddhist,Married,Heterosexual,Yes,Hearing,English,majority,Marketing Manager,4,Bachelor's,missing,0.10628623781587154,0.7004881770949966,Singh,Casey,2026-04-01,Indeed,No,0.10628623781587154,,0.06912249326320748
A00468,41,Male,Black,USA,Christian,Married,Heterosexual,No,Visual,English,majority,Software Engineer,24,Master's,Tier 3,0.2570815006571937,0.15189306726983165,Cohen,Taylor,2026-04-01,Direct,No,0.2570815006571937,,0.20060666834009355
A00469,57,Male,Hispanic,China,missing,Married,Heterosexual,No,Visual,English,minority,DevOps Engineer,10,Master's,missing,0.4578296757588074,0.20993810523253742,Ahmed,Riley,2026-04-01,Direct,No,0.4578296757588074,B4,0.47680107017553663
A00470,62,Female,Asian,USA,Hindu,Single,Heterosexual,No,Mobility,English,majority,Product Manager,4,Associates,Tier 3,0.7961926597595306,0.6442636074947642,Garcia,Taylor,2026-04-01,Indeed,Yes,0.7961926597595306,,0.7558242875073062
A00471,58,Male,White,USA,Christian,Married,Heterosexual,No,missing,English,majority,Sales Representative,14,Master's,Tier 2,0.9083319662683957,0.872414896772948,Brown,Morgan,2026-04-01,Indeed,Yes,0.9083319662683957,,0.8722562294453856
A00472,39,Male,White,USA,missing,Single,Heterosexual,No,missing,Hindi,majority,Business Analyst,14,Bachelor's,Tier 2,0.7244222592516234,0.5371717461172615,Lee,Taylor,2026-04-01,Referral,No,0.7244222592516234,,0.753587529185739
A00473,58,Male,Asian,USA,Hindu,Single,Prefer not to say,No,Visual,English,majority,Data Scientist,10,Associates,Tier 2,0.039177762239598235,0.8592497397229647,Brown,Morgan,2026-04-01,Referral,No,0.039177762239598235,,0.0014020306911640204
A00474,48,Female,White,USA,Christian,Single,Heterosexual,No,Hearing,English,majority,ML Engineer,8,Master's,Tier 3,0.49736214827547653,0.0346277444077171,Nguyen,Jordan,2026-04-01,Direct,No,0.49736214827547653,,0.5190011531645127
A00475,30,Male,White,USA,Christian,Single,Heterosexual,No,missing,English,majority,Senior Software Engineer,19,Master's,missing,0.14177273499900966,0.8028189650045329,Williams,Jordan,2026-04-01,Indeed,No,0.14177273499900966,,0.0932034764049075
A00476,61,Male,Hispanic,USA,Christian,Single,Heterosexual,No,missing,English,minority,DevOps Engineer,2,High School,Tier 1,0.5537364894782635,0.06315911931488816,Diallo,Riley,2026-04-01,LinkedIn,No,0.5537364894782635,B4,0.493129563767499
A00477,41,Female,White,Egypt,Buddhist,Married,Heterosexual,No,missing,English,majority,Data Scientist,10,High School,missing,0.2838515871855102,0.9820674978517973,Singh,Riley,2026-04-01,Referral,No,0.2838515871855102,,0.19207912272596406
A00478,33,Male,White,USA,missing,Married,Heterosexual,No,missing,English,majority,UX Designer,15,Master's,Tier 3,0.5763771892889951,0.8572892751930202,Diallo,Morgan,2026-04-01,Referral,No,0.5763771892889951,,0.6694373286345815
A00479,39,Female,White,USA,Christian,Married,Heterosexual,No,missing,English,majority,Marketing Manager,9,High School,missing,0.8027902970286307,0.09545532090799813,Singh,Skyler,2026-04-01,Referral,Yes,0.8027902970286307,,0.7867773454220809
A00480,29,Female,White,USA,Christian,Single,Heterosexual,No,Hearing,Spanish,majority,Sales Representative,1,Bachelor's,Tier 3,0.3692096138319886,0.8521906717371108,Khan,Alex,2026-04-01,Indeed,No,0.3692096138319886,,0.38140628222941003
A00481,33,Male,Middle Eastern,USA,Christian,Single,LGBTQ+,No,missing,English,majority,Business Analyst,23,Master's,Tier 2,0.4651249412999907,0.5344101676334132,Williams,Morgan,2026-04-01,LinkedIn,No,0.4651249412999907,,0.46357246585095074
A00482,51,Male,White,USA,Christian,Single,Heterosexual,No,missing,Vietnamese,majority,ML Engineer,17,Bachelor's,Tier 3,0.3748174107769259,0.8331641777824595,Smith,Alex,2026-04-01,LinkedIn,No,0.3748174107769259,,0.38281549862728903
A00483,38,Female,White,USA,Christian,Married,Heterosexual,No,missing,English,minority,UX Designer,17,High School,Tier 2,0.4035090457315267,0.987374716851616,Johnson,Jordan,2026-04-01,Indeed,No,0.4035090457315267,B4,0.4059933697002453
A00484,56,Male,White,Egypt,missing,Married,LGBTQ+,No,Visual,English,majority,DevOps Engineer,2,Master's,Tier 1,0.2026915188144891,0.1268056041625948,Nguyen,Alex,2026-04-01,Direct,No,0.2026915188144891,,0.29810237077462404
A00485,36,Male,White,USA,Christian,Single,Heterosexual,No,missing,Vietnamese,majority,Business Analyst,18,Bachelor's,Tier 2,0.06297933367963271,0.014942900762752842,Rodriguez,Casey,2026-04-01,Indeed,No,0.06297933367963271,,0.011033004131775347
A00486,53,Male,Middle Eastern,USA,missing,Married,Heterosexual,No,missing,English,majority,DevOps Engineer,15,Master's,Tier 2,0.13613800966517042,0.9984187821006146,Brown,Skyler,2026-04-01,Referral,No,0.13613800966517042,,0.05826490436026156
A00487,35,Female,Asian,India,missing,Single,Heterosexual,No,missing,Mandarin,minority,Marketing Manager,15,Master's,Tier 2,0.8089289750422507,0.9929376603115764,Ahmed,Riley,2026-04-01,Direct,No,0.8089289750422507,B4,0.758330991618033
A00488,54,Female,Asian,USA,missing,Single,Heterosexual,No,Hearing,English,minority,Data Scientist,10,Bachelor's,Tier 2,0.8467432591038698,0.05767441412035401,Diallo,Taylor,2026-04-01,Referral,No,0.8467432591038698,B4,0.7800078086159425
A00489,26,Male,White,USA,missing,Single,Heterosexual,No,missing,English,majority,Marketing Manager,23,Bachelor's,Tier 3,0.7433013326745364,0.35221869321982735,Kim,Taylor,2026-04-01,Indeed,Yes,0.7433013326745364,,0.7806494352986335
A00490,57,Female,Asian,USA,Muslim,Married,Heterosexual,No,missing,Vietnamese,majority,Marketing Manager,13,Bachelor's,Tier 2,0.2722720978715537,0.0048125706522286205,Wang,Riley,2026-04-01,Referral,No,0.2722720978715537,,0.31329100834844154
A00491,39,Female,White,USA,missing,Single,LGBTQ+,No,missing,Spanish,majority,Senior Software Engineer,15,Associates,Tier 3,0.7592349074153553,0.8147430352493883,Ahmed,Taylor,2026-04-01,Indeed,Yes,0.7592349074153553,,0.7111691301578389
A00492,42,Female,Hispanic,USA,Christian,Married,Heterosexual,No,missing,English,minority,UX Designer,16,Master's,Tier 2,0.014417951667081486,0.1203636297030174,Lee,Sam,2026-04-01,Referral,No,0.014417951667081486,B4,-0.055103837156068106
A00493,54,Female,White,USA,missing,Single,Heterosexual,No,missing,English,majority,DevOps Engineer,22,Bachelor's,Tier 3,0.8876581773187865,0.5648002743072761,Diallo,Jordan,2026-04-01,Referral,Yes,0.8876581773187865,,0.8699183446617318
A00494,50,Female,White,USA,Christian,Single,Heterosexual,No,missing,English,minority,Marketing Manager,18,PhD,Tier 2,0.13903214114960227,0.15362554544962348,Ahmed,Alex,2026-04-01,LinkedIn,No,0.13903214114960227,B4,0.20858833504342195
A00495,38,Male,Asian,USA,missing,Single,Heterosexual,No,missing,English,majority,Data Scientist,13,Master's,Tier 1,0.9935303219965449,0.4589988289420839,Singh,Casey,2026-04-01,Referral,Yes,0.9935303219965449,,0.8525518511066291
A00496,42,Female,Asian,USA,missing,Single,Heterosexual,No,missing,English,majority,Senior Software Engineer,7,Bachelor's,Tier 1,0.02980968499612835,0.7081527995927623,Hernandez,Jordan,2026-04-01,Direct,No,0.02980968499612835,,0.05614102344692208
A00497,38,Female,Black,USA,missing,Married,Heterosexual,No,missing,English,minority,UX Designer,5,Master's,Tier 3,0.8968920745709548,0.24312818535919878,Cohen,Casey,2026-04-01,LinkedIn,No,0.8968920745709548,B4,0.8431043131985255
A00498,24,Female,White,USA,Christian,Married,Heterosexual,No,Cognitive/Neurodivergent,English,majority,Product Manager,9,Associates,Tier 3,0.9334484593663784,0.8696323014540908,Okafor,Riley,2026-04-01,LinkedIn,Yes,0.9334484593663784,,0.9854668166934422
A00499,27,Female,White,USA,Muslim,Single,Heterosexual,No,missing,English,majority,ML Engineer,24,Associates,Tier 3,0.6952696841728896,0.9571066267419266,Hernandez,Casey,2026-04-01,Direct,No,0.6952696841728896,,0.641373487129052
